scene,root,components,renderers,colliders,children
"Assets/Scenes/Loading1.unity","Directional Light","Transform;Light",0,0,1
"Assets/Scenes/Loading1.unity","Main Camera","Transform;Camera;FlareLayer;AudioListener",0,0,1
"Assets/Scenes/Loading1.unity","EventSystem","Transform;EventSystem;StandaloneInputModule;TouchInputModule",0,0,1
"Assets/Scenes/Loading1.unity","Canvas","RectTransform;Canvas;CanvasScaler;GraphicRaycaster",0,0,8
"Assets/Scenes/Loading.unity","Directional Light","Transform;Light",0,0,1
"Assets/Scenes/Loading.unity","Main Camera","Transform;Camera;FlareLayer;AudioListener",0,0,1
"Assets/Scenes/Loading.unity","EventSystem","Transform;EventSystem;StandaloneInputModule;TouchInputModule",0,0,1
"Assets/Scenes/Loading.unity","Canvas","RectTransform;Canvas;CanvasScaler;GraphicRaycaster",0,0,29
"Assets/Scenes/CXG1.unity","Directional Light","Transform;Light",0,0,1
"Assets/Scenes/CXG1.unity","Audio Source","Transform;AudioSource;AudioListener",0,0,1
"Assets/Scenes/CXG1.unity","First Person Player","Transform;CharacterController;Music;PlayMove;Tab;Sound2;StopGame1;xiao;daojishi;Music1;Esc;BoxCollider",0,2,3
"Assets/Scenes/CXG1.unity","Audio Source","Transform;AudioSource;AudioListener",0,0,1
"Assets/Scenes/CXG1.unity","场景","Transform;MeshFilter;SphereCollider;MeshRenderer",285,274,286
"Assets/Scenes/CXG1.unity","EventSystem","Transform;EventSystem;StandaloneInputModule;TouchInputModule",0,0,1
"Assets/Scenes/CXG1.unity","Canvas","RectTransform;Canvas;CanvasScaler;GraphicRaycaster",0,0,3
"Assets/Scenes/CXG1.unity","END","RectTransform;Canvas;CanvasScaler;GraphicRaycaster",0,0,3
"Assets/Scenes/CXG1.unity","Canvas 1","RectTransform;Canvas;CanvasScaler;GraphicRaycaster;AudioListener",0,0,5
"Assets/Scenes/CXG1.unity","Canvas","RectTransform;Canvas",0,0,13
"Assets/Scenes/CXG1.unity","Canvas","RectTransform;Canvas;CanvasScaler;GraphicRaycaster",0,0,5
"Assets/Scenes/CXG2.unity","Directional Light","Transform;Light",0,0,1
"Assets/Scenes/CXG2.unity","Audio Source","Transform;AudioSource;AudioListener",0,0,1
"Assets/Scenes/CXG2.unity","场景","Transform;MeshFilter;SphereCollider;MeshRenderer",285,274,286
"Assets/Scenes/CXG2.unity","First Person Player","Transform;CharacterController;Music;PlayMove;Tab;Sound2;StopGame1;xiao;daojishi;Music1;Esc;BoxCollider",0,2,3
"Assets/Scenes/CXG2.unity","Audio Source","Transform;AudioSource;AudioListener",0,0,1
"Assets/Scenes/CXG2.unity","EventSystem","Transform;EventSystem;StandaloneInputModule;TouchInputModule",0,0,1
"Assets/Scenes/CXG2.unity","Canvas","RectTransform;Canvas;CanvasScaler;GraphicRaycaster",0,0,3
"Assets/Scenes/CXG2.unity","END","RectTransform;Canvas;CanvasScaler;GraphicRaycaster",0,0,3
"Assets/Scenes/CXG2.unity","Canvas 1","RectTransform;Canvas;CanvasScaler;GraphicRaycaster;AudioListener",0,0,5
"Assets/Scenes/CXG2.unity","Canvas","RectTransform;Canvas",0,0,13
"Assets/Scenes/CXG2.unity","Canvas","RectTransform;Canvas;CanvasScaler;GraphicRaycaster",0,0,5
"Assets/Scenes/CXG3.unity","Directional Light","Transform;Light",0,0,1
"Assets/Scenes/CXG3.unity","Main Camera","Transform;Camera;FlareLayer;AudioListener",0,0,1
"Assets/Scenes/CXG4.unity","Directional Light","Transform;Light",0,0,1
"Assets/Scenes/CXG4.unity","场景","Transform;MeshFilter;SphereCollider;MeshRenderer",265,253,265
"Assets/Scenes/CXG4.unity","First Person Player","Transform;CharacterController;Music1;Music;PlayerMovement;Tab;Sound;StopGame",0,1,3
"Assets/Scenes/CXG4.unity","Audio Source","Transform;AudioSource;AudioListener",0,0,1
"Assets/Scenes/CXG4.unity","EventSystem","Transform;EventSystem;StandaloneInputModule;TouchInputModule",0,0,1
"Assets/Scenes/CXG4.unity","Canvas","RectTransform;Canvas",0,0,12
"Assets/Scenes/CXG4.unity","Canvas","RectTransform;Canvas;CanvasScaler;GraphicRaycaster",0,0,4
"Assets/Scenes/XLC.unity","Directional Light","Transform;Light",0,0,1
"Assets/Scenes/XLC.unity","Cylinder","Transform;MeshFilter;CapsuleCollider;MeshRenderer",1,1,1
"Assets/Scenes/XLC.unity","EventSystem","Transform;EventSystem;StandaloneInputModule;TouchInputModule",0,0,1
"Assets/Scenes/XLC.unity","New Text 4","Transform;MeshRenderer;TextMesh",1,0,1
"Assets/Scenes/XLC.unity","New Text 3","Transform;MeshRenderer;TextMesh",1,0,1
"Assets/Scenes/XLC.unity","First Person Player","Transform;CharacterController;Music1;PlayerMovement;Sound2;StopGameXLC",0,1,4
"Assets/Scenes/XLC.unity","New Text 6","Transform;MeshRenderer;TextMesh",1,0,1
"Assets/Scenes/XLC.unity","Cube 1","Transform;MeshFilter;BoxCollider;MeshRenderer",30,25,30
"Assets/Scenes/XLC.unity","New Text 5","Transform;MeshRenderer;TextMesh",1,0,1
"Assets/Scenes/XLC.unity","Canvas","RectTransform;Canvas",0,0,9
"Assets/Scenes/XLC.unity","Canvas","RectTransform;Canvas;CanvasScaler;GraphicRaycaster",0,0,4
"Assets/Scenes/Gongdi1.unity","Directional Light","Transform;Light",0,0,1
"Assets/Scenes/Gongdi1.unity","屋顶","Transform",24,24,49
"Assets/Scenes/Gongdi1.unity","Plane","Transform;MeshFilter;MeshCollider;MeshRenderer",1,1,1
"Assets/Scenes/Gongdi1.unity","墙","Transform",20,20,21
"Assets/Scenes/Gongdi1.unity","房子","Transform",24,24,25
"Assets/Scenes/Gongdi1.unity","First Person Player","Transform;CharacterController;Music1;Music;PlayerMovement;Tab;Sound2;Stop;Test4",0,1,4
"Assets/Scenes/Gongdi1.unity","GameObject","Transform",8,8,9
"Assets/Scenes/Gongdi1.unity","栏","Transform",12,12,13
"Assets/Scenes/Gongdi1.unity","EventSystem","Transform;EventSystem;StandaloneInputModule;TouchInputModule",0,0,1
"Assets/Scenes/Gongdi1.unity","Audio Source","Transform;AudioSource",0,0,1
"Assets/Scenes/Gongdi1.unity","Canvas","RectTransform;Canvas",0,0,9
"Assets/Scenes/Gongdi1.unity","Canvas","RectTransform;Canvas;CanvasScaler;GraphicRaycaster",0,0,4
"Assets/Scenes/Gongdi1.unity","Canvas","RectTransform;Canvas;CanvasScaler;GraphicRaycaster",0,0,5
"Assets/Scenes/Zhu.unity","Directional Light","Transform;Light",0,0,1
"Assets/Scenes/Zhu.unity","Main Camera","Transform;Camera;FlareLayer;AudioListener",0,0,1
"Assets/Scenes/Zhu.unity","Audio Source","Transform;AudioSource",0,0,1
"Assets/Scenes/Zhu.unity","EventSystem","Transform;EventSystem;StandaloneInputModule;TouchInputModule",0,0,1
"Assets/Scenes/Zhu.unity","Canvas","RectTransform;Canvas;CanvasScaler;GraphicRaycaster",0,0,153
"Assets/Scenes/Ziyou.unity","Directional Light","Transform;Light",0,0,1
"Assets/Scenes/Ziyou.unity","Main Camera","Transform;Camera;FlareLayer;AudioListener",0,0,1
"Assets/Scenes/Ziyou.unity","Audio Source","Transform;AudioSource",0,0,1
"Assets/Scenes/Ziyou.unity","EventSystem","Transform;EventSystem;StandaloneInputModule;TouchInputModule",0,0,1
"Assets/Scenes/Ziyou.unity","Canvas","RectTransform;Canvas;CanvasScaler;GraphicRaycaster",0,0,149
"Assets/Scenes/TianTi.unity","Directional Light","Transform;Light",0,0,1
"Assets/Scenes/TianTi.unity","Main Camera","Transform;Camera;FlareLayer;AudioListener",0,0,1
"Assets/Scenes/TianTi.unity","Audio Source","Transform;AudioSource",0,0,1
"Assets/Scenes/TianTi.unity","EventSystem","Transform;EventSystem;StandaloneInputModule;TouchInputModule",0,0,1
"Assets/Scenes/TianTi.unity","Canvas","RectTransform;Canvas;CanvasScaler;GraphicRaycaster",0,0,227
"Assets/Scenes/Shenghua.unity","Directional Light","Transform;Light",0,0,1
"Assets/Scenes/Shenghua.unity","Main Camera","Transform;Camera;FlareLayer;AudioListener",0,0,1
"Assets/Scenes/Shenghua.unity","Audio Source","Transform;AudioSource",0,0,1
"Assets/Scenes/Shenghua.unity","EventSystem","Transform;EventSystem;StandaloneInputModule;TouchInputModule",0,0,1
"Assets/Scenes/Shenghua.unity","Canvas","RectTransform;Canvas;CanvasScaler;GraphicRaycaster",0,0,149
"Assets/Scenes/Ziyou1.unity","Directional Light","Transform;Light",0,0,1
"Assets/Scenes/Ziyou1.unity","Main Camera","Transform;Camera;FlareLayer;AudioListener",0,0,1
"Assets/Scenes/Ziyou1.unity","Audio Source","Transform;AudioSource",0,0,1
"Assets/Scenes/Ziyou1.unity","EventSystem","Transform;EventSystem;StandaloneInputModule;TouchInputModule",0,0,1
"Assets/Scenes/Ziyou1.unity","Canvas","RectTransform;Canvas;CanvasScaler;GraphicRaycaster",0,0,148
"Assets/Scenes/Chuangjian.unity","Directional Light","Transform;Light",0,0,1
"Assets/Scenes/Chuangjian.unity","Main Camera","Transform;Camera;FlareLayer;AudioListener",0,0,1
"Assets/Scenes/Chuangjian.unity","EventSystem","Transform;EventSystem;StandaloneInputModule;TouchInputModule",0,0,1
"Assets/Scenes/Chuangjian.unity","Canvas","RectTransform;Canvas;CanvasScaler;GraphicRaycaster",0,0,49
"Assets/Scenes/Fangjian.unity","Directional Light","Transform;Light",0,0,1
"Assets/Scenes/Fangjian.unity","Main Camera","Transform;Camera;FlareLayer;AudioListener",0,0,1
"Assets/Scenes/Fangjian.unity","Audio Source","Transform;AudioSource",0,0,1
"Assets/Scenes/Fangjian.unity","EventSystem","Transform;EventSystem;StandaloneInputModule;TouchInputModule",0,0,1
"Assets/Scenes/Fangjian.unity","Canvas","RectTransform;Canvas;CanvasScaler;GraphicRaycaster",0,0,135
"Assets/Scenes/Fanliedao.unity","Directional Light","Transform;Light",0,0,1
"Assets/Scenes/Fanliedao.unity","Main Camera","Transform;Camera;FlareLayer;AudioListener",0,0,1
"Assets/Scenes/Fanliedao.unity","Audio Source","Transform;AudioSource",0,0,1
"Assets/Scenes/Fanliedao.unity","EventSystem","Transform;EventSystem;StandaloneInputModule;TouchInputModule",0,0,1
"Assets/Scenes/Fanliedao.unity","Canvas","RectTransform;Canvas;CanvasScaler;GraphicRaycaster",0,0,135
"Assets/Scenes/TianTi1.unity","Directional Light","Transform;Light",0,0,1
"Assets/Scenes/TianTi1.unity","Main Camera","Transform;Camera;FlareLayer;AudioListener",0,0,1
"Assets/Scenes/TianTi1.unity","Audio Source","Transform;AudioSource",0,0,1
"Assets/Scenes/TianTi1.unity","EventSystem","Transform;EventSystem;StandaloneInputModule;TouchInputModule",0,0,1
"Assets/Scenes/TianTi1.unity","Canvas","RectTransform;Canvas;CanvasScaler;GraphicRaycaster",0,0,130
"Assets/Scenes/TianTi2.unity","Directional Light","Transform;Light",0,0,1
"Assets/Scenes/TianTi2.unity","Main Camera","Transform;Camera;FlareLayer;AudioListener",0,0,1
"Assets/Scenes/TianTi2.unity","Audio Source","Transform;AudioSource",0,0,1
"Assets/Scenes/TianTi2.unity","EventSystem","Transform;EventSystem;StandaloneInputModule;TouchInputModule",0,0,1
"Assets/Scenes/TianTi2.unity","Canvas","RectTransform;Canvas;CanvasScaler;GraphicRaycaster",0,0,130
"Assets/Scenes/True XLC.unity","Directional Light","Transform;Light",0,0,1
"Assets/Scenes/True XLC.unity","Main Camera","Transform;Camera;FlareLayer;AudioListener",0,0,1
"Assets/Scenes/True XLC.unity","Audio Source","Transform;AudioSource",0,0,1
"Assets/Scenes/True XLC.unity","EventSystem","Transform;EventSystem;StandaloneInputModule;TouchInputModule",0,0,1
"Assets/Scenes/True XLC.unity","Canvas","RectTransform;Canvas;CanvasScaler;GraphicRaycaster",0,0,7
"Assets/Scenes/TuiChu.unity","Directional Light","Transform;Light",0,0,1
"Assets/Scenes/TuiChu.unity","Main Camera","Transform;Camera;FlareLayer;AudioListener",0,0,1
"Assets/Scenes/TuiChu.unity","Audio Source","Transform;AudioSource",0,0,1
"Assets/Scenes/TuiChu.unity","EventSystem","Transform;EventSystem;StandaloneInputModule;TouchInputModule",0,0,1
"Assets/Scenes/Jidixiaozhen.unity","雷霆战警","Transform",186,186,187
"Assets/Scenes/Jidixiaozhen.unity","Directional Light","Transform;Light",0,0,1
"Assets/Scenes/Jidixiaozhen.unity","Cube 50","Transform;MeshFilter;BoxCollider;MeshRenderer",1,1,1
"Assets/Scenes/Jidixiaozhen.unity","First Person Player","Transform;CharacterController;Music1;Music;PlayerMovement;Tab;Sound2;Stop",0,1,4
"Assets/Scenes/Jidixiaozhen.unity","dust2","Transform;Animator",136,0,139
"Assets/Scenes/Jidixiaozhen.unity","Audio Source","Transform;AudioSource",0,0,1
"Assets/Scenes/Jidixiaozhen.unity","Plane 1","Transform;MeshFilter;MeshCollider;MeshRenderer",1,1,1
"Assets/Scenes/Jidixiaozhen.unity","EventSystem","Transform;EventSystem;StandaloneInputModule;TouchInputModule",0,0,1
"Assets/Scenes/Jidixiaozhen.unity","Canvas","RectTransform;Canvas",0,0,8
"Assets/Scenes/Jidixiaozhen.unity","Canvas","RectTransform;Canvas;CanvasScaler;GraphicRaycaster",0,0,4
"Assets/Scenes/Gongdi2.unity","Directional Light","Transform;Light",0,0,1
"Assets/Scenes/Gongdi2.unity","屋顶","Transform",24,24,49
"Assets/Scenes/Gongdi2.unity","Plane","Transform;MeshFilter;MeshCollider;MeshRenderer",1,1,1
"Assets/Scenes/Gongdi2.unity","墙","Transform",20,20,21
"Assets/Scenes/Gongdi2.unity","房子","Transform",24,24,25
"Assets/Scenes/Gongdi2.unity","First Person Player","Transform;CharacterController;Music1;Music;PlayerMovement;Tab;Sound2;Stop;Test4",0,1,4
"Assets/Scenes/Gongdi2.unity","GameObject","Transform",8,8,9
"Assets/Scenes/Gongdi2.unity","栏","Transform",12,12,13
"Assets/Scenes/Gongdi2.unity","EventSystem","Transform;EventSystem;StandaloneInputModule;TouchInputModule",0,0,1
"Assets/Scenes/Gongdi2.unity","Audio Source","Transform;AudioSource",0,0,1
"Assets/Scenes/Gongdi2.unity","Canvas","RectTransform;Canvas",0,0,9
"Assets/Scenes/Gongdi2.unity","Canvas","RectTransform;Canvas;CanvasScaler;GraphicRaycaster",0,0,4
"Assets/Scenes/Gongdi2.unity","Canvas","RectTransform;Canvas;CanvasScaler;GraphicRaycaster",0,0,5
"Assets/Scenes/FanjianGD.unity","Directional Light","Transform;Light",0,0,1
"Assets/Scenes/FanjianGD.unity","Main Camera","Transform;Camera;FlareLayer;AudioListener",0,0,1
"Assets/Scenes/FanjianGD.unity","Audio Source","Transform;AudioSource",0,0,1
"Assets/Scenes/FanjianGD.unity","EventSystem","Transform;EventSystem;StandaloneInputModule;TouchInputModule",0,0,1
"Assets/Scenes/FanjianGD.unity","Canvas","RectTransform;Canvas;CanvasScaler;GraphicRaycaster",0,0,140
"Assets/Scenes/FanjianGDdao.unity","Directional Light","Transform;Light",0,0,1
"Assets/Scenes/FanjianGDdao.unity","Main Camera","Transform;Camera;FlareLayer;AudioListener",0,0,1
"Assets/Scenes/FanjianGDdao.unity","Audio Source","Transform;AudioSource",0,0,1
"Assets/Scenes/FanjianGDdao.unity","EventSystem","Transform;EventSystem;StandaloneInputModule;TouchInputModule",0,0,1
"Assets/Scenes/FanjianGDdao.unity","Canvas","RectTransform;Canvas;CanvasScaler;GraphicRaycaster",0,0,140
"Assets/Scenes/FanjianGDlie.unity","Directional Light","Transform;Light",0,0,1
"Assets/Scenes/FanjianGDlie.unity","Main Camera","Transform;Camera;FlareLayer;AudioListener",0,0,1
"Assets/Scenes/FanjianGDlie.unity","Audio Source","Transform;AudioSource",0,0,1
"Assets/Scenes/FanjianGDlie.unity","EventSystem","Transform;EventSystem;StandaloneInputModule;TouchInputModule",0,0,1
"Assets/Scenes/FanjianGDlie.unity","Canvas","RectTransform;Canvas;CanvasScaler;GraphicRaycaster",0,0,139
"Assets/Scenes/FanjianGDliedao.unity","Directional Light","Transform;Light",0,0,1
"Assets/Scenes/FanjianGDliedao.unity","Main Camera","Transform;Camera;FlareLayer;AudioListener",0,0,1
"Assets/Scenes/FanjianGDliedao.unity","Audio Source","Transform;AudioSource",0,0,1
"Assets/Scenes/FanjianGDliedao.unity","EventSystem","Transform;EventSystem;StandaloneInputModule;TouchInputModule",0,0,1
"Assets/Scenes/FanjianGDliedao.unity","Canvas","RectTransform;Canvas;CanvasScaler;GraphicRaycaster",0,0,139
"Assets/Scenes/Gongdi3.unity","Directional Light","Transform;Light",0,0,1
"Assets/Scenes/Gongdi3.unity","屋顶","Transform",24,24,49
"Assets/Scenes/Gongdi3.unity","Plane","Transform;MeshFilter;MeshCollider;MeshRenderer",1,1,1
"Assets/Scenes/Gongdi3.unity","墙","Transform",20,20,21
"Assets/Scenes/Gongdi3.unity","房子","Transform",24,24,25
"Assets/Scenes/Gongdi3.unity","First Person Player","Transform;CharacterController;Music1;Music;PlayerMovement;Tab;Sound1;StopGame;Test4",0,1,4
"Assets/Scenes/Gongdi3.unity","GameObject","Transform",8,8,9
"Assets/Scenes/Gongdi3.unity","栏","Transform",12,12,13
"Assets/Scenes/Gongdi3.unity","EventSystem","Transform;EventSystem;StandaloneInputModule;TouchInputModule",0,0,1
"Assets/Scenes/Gongdi3.unity","Audio Source","Transform;AudioSource",0,0,1
"Assets/Scenes/Gongdi3.unity","Canvas","RectTransform;Canvas",0,0,9
"Assets/Scenes/Gongdi3.unity","Canvas","RectTransform;Canvas;CanvasScaler;GraphicRaycaster",0,0,4
"Assets/Scenes/Gongdi3.unity","Canvas","RectTransform;Canvas;CanvasScaler;GraphicRaycaster",0,0,5
"Assets/Scenes/Gongdi4.unity","Directional Light","Transform;Light",0,0,1
"Assets/Scenes/Gongdi4.unity","屋顶","Transform",24,24,49
"Assets/Scenes/Gongdi4.unity","Plane","Transform;MeshFilter;MeshCollider;MeshRenderer",1,1,1
"Assets/Scenes/Gongdi4.unity","墙","Transform",20,20,21
"Assets/Scenes/Gongdi4.unity","房子","Transform",24,24,25
"Assets/Scenes/Gongdi4.unity","First Person Player","Transform;CharacterController;Music1;Music;PlayerMovement;Tab;Sound1;StopGame;Test4",0,1,4
"Assets/Scenes/Gongdi4.unity","GameObject","Transform",8,8,9
"Assets/Scenes/Gongdi4.unity","栏","Transform",12,12,13
"Assets/Scenes/Gongdi4.unity","EventSystem","Transform;EventSystem;StandaloneInputModule;TouchInputModule",0,0,1
"Assets/Scenes/Gongdi4.unity","Audio Source","Transform;AudioSource",0,0,1
"Assets/Scenes/Gongdi4.unity","Canvas","RectTransform;Canvas",0,0,9
"Assets/Scenes/Gongdi4.unity","Canvas","RectTransform;Canvas;CanvasScaler;GraphicRaycaster",0,0,4
"Assets/Scenes/Gongdi4.unity","Canvas","RectTransform;Canvas;CanvasScaler;GraphicRaycaster",0,0,5
"Assets/Scenes/ZuQiuChang.unity","Directional Light","Transform;Light",0,0,1
"Assets/Scenes/ZuQiuChang.unity","墙遮","Transform",4,4,5
"Assets/Scenes/ZuQiuChang.unity","Plane","Transform;MeshFilter;MeshCollider;MeshRenderer",1,1,1
"Assets/Scenes/ZuQiuChang.unity","阵营图标","Transform",2,1,4
"Assets/Scenes/ZuQiuChang.unity","灯 1","Transform",8,0,21
"Assets/Scenes/ZuQiuChang.unity","球门 1","Transform",130,130,131
"Assets/Scenes/ZuQiuChang.unity","球门","Transform",130,130,131
"Assets/Scenes/ZuQiuChang.unity","灯 3","Transform",4,0,11
"Assets/Scenes/ZuQiuChang.unity","灯 2","Transform",4,0,11
"Assets/Scenes/ZuQiuChang.unity","First Person Player","Transform;CharacterController;Music1;Music;PlayerMovement;Tab;Sound2;Stop;Test4",0,1,4
"Assets/Scenes/ZuQiuChang.unity","灯","Transform",8,0,21
"Assets/Scenes/ZuQiuChang.unity","围墙","Transform",116,116,117
"Assets/Scenes/ZuQiuChang.unity","EventSystem","Transform;EventSystem;StandaloneInputModule;TouchInputModule",0,0,1
"Assets/Scenes/ZuQiuChang.unity","Audio Source","Transform;AudioSource",0,0,1
"Assets/Scenes/ZuQiuChang.unity","Canvas","RectTransform;Canvas",0,0,9
"Assets/Scenes/ZuQiuChang.unity","Canvas","RectTransform;Canvas;CanvasScaler;GraphicRaycaster",0,0,4
"Assets/Scenes/ZuQiuChang.unity","Canvas","RectTransform;Canvas;CanvasScaler;GraphicRaycaster",0,0,5
"Assets/Scenes/ZuQiuChang2.unity","Directional Light","Transform;Light",0,0,1
"Assets/Scenes/ZuQiuChang2.unity","墙遮","Transform",4,4,5
"Assets/Scenes/ZuQiuChang2.unity","Plane","Transform;MeshFilter;MeshCollider;MeshRenderer",1,1,1
"Assets/Scenes/ZuQiuChang2.unity","阵营图标","Transform",2,1,4
"Assets/Scenes/ZuQiuChang2.unity","灯 1","Transform",8,0,21
"Assets/Scenes/ZuQiuChang2.unity","球门 1","Transform",130,130,131
"Assets/Scenes/ZuQiuChang2.unity","球门","Transform",130,130,131
"Assets/Scenes/ZuQiuChang2.unity","灯 3","Transform",4,0,11
"Assets/Scenes/ZuQiuChang2.unity","灯 2","Transform",4,0,11
"Assets/Scenes/ZuQiuChang2.unity","First Person Player","Transform;CharacterController;Music1;Music;PlayerMovement;Tab;Sound2;Stop;Test4",0,1,4
"Assets/Scenes/ZuQiuChang2.unity","灯","Transform",8,0,21
"Assets/Scenes/ZuQiuChang2.unity","围墙","Transform",116,116,117
"Assets/Scenes/ZuQiuChang2.unity","EventSystem","Transform;EventSystem;StandaloneInputModule;TouchInputModule",0,0,1
"Assets/Scenes/ZuQiuChang2.unity","Audio Source","Transform;AudioSource",0,0,1
"Assets/Scenes/ZuQiuChang2.unity","Canvas","RectTransform;Canvas",0,0,9
"Assets/Scenes/ZuQiuChang2.unity","Canvas","RectTransform;Canvas;CanvasScaler;GraphicRaycaster",0,0,4
"Assets/Scenes/ZuQiuChang2.unity","Canvas","RectTransform;Canvas;CanvasScaler;GraphicRaycaster",0,0,5
"Assets/Scenes/FanjianZu.unity","Directional Light","Transform;Light",0,0,1
"Assets/Scenes/FanjianZu.unity","Main Camera","Transform;Camera;FlareLayer;AudioListener",0,0,1
"Assets/Scenes/FanjianZu.unity","Audio Source","Transform;AudioSource",0,0,1
"Assets/Scenes/FanjianZu.unity","EventSystem","Transform;EventSystem;StandaloneInputModule;TouchInputModule",0,0,1
"Assets/Scenes/FanjianZu.unity","Canvas","RectTransform;Canvas;CanvasScaler;GraphicRaycaster",0,0,138
"Assets/Scenes/FanjianZulie.unity","Directional Light","Transform;Light",0,0,1
"Assets/Scenes/FanjianZulie.unity","Main Camera","Transform;Camera;FlareLayer;AudioListener",0,0,1
"Assets/Scenes/FanjianZulie.unity","Audio Source","Transform;AudioSource",0,0,1
"Assets/Scenes/FanjianZulie.unity","EventSystem","Transform;EventSystem;StandaloneInputModule;TouchInputModule",0,0,1
"Assets/Scenes/FanjianZulie.unity","Canvas","RectTransform;Canvas;CanvasScaler;GraphicRaycaster",0,0,138
"Assets/Scenes/GDold1.unity","地面物体","Transform",15,15,16
"Assets/Scenes/GDold1.unity","石梯","Transform",8,4,15
"Assets/Scenes/GDold1.unity","电箱+门","Transform",6,4,8
"Assets/Scenes/GDold1.unity","Plane","Transform;MeshFilter;MeshCollider;MeshRenderer",1,1,1
"Assets/Scenes/GDold1.unity","Audio Source","Transform;AudioSource;AudioListener",0,0,1
"Assets/Scenes/GDold1.unity","墙灯","Transform",8,8,17
"Assets/Scenes/GDold1.unity","房子 1","Transform",144,144,186
"Assets/Scenes/GDold1.unity","路灯","Transform",33,2,62
"Assets/Scenes/GDold1.unity","First Person Player","Transform;CharacterController;Music1;Music;PlayerMovement;Tab;Test4;Stop1",0,1,4
"Assets/Scenes/GDold1.unity","GameObject","Transform",7,0,8
"Assets/Scenes/GDold1.unity","EventSystem","Transform;EventSystem;StandaloneInputModule;TouchInputModule",0,0,1
"Assets/Scenes/GDold1.unity","房檐","Transform",4,4,5
"Assets/Scenes/GDold1.unity","栏","Transform",14,14,15
"Assets/Scenes/GDold1.unity","GameObject 2","Transform",10,4,13
"Assets/Scenes/GDold1.unity","彩蛋","Transform",37,37,48
"Assets/Scenes/GDold1.unity","墙","Transform",12,12,15
"Assets/Scenes/GDold1.unity","Canvas","RectTransform;Canvas;CanvasScaler;GraphicRaycaster",0,0,5
"Assets/Scenes/GDold1.unity","Canvas","RectTransform;Canvas;CanvasScaler;GraphicRaycaster",0,0,4
"Assets/Scenes/GDold1.unity","Canvas","RectTransform;Canvas",0,0,8
"Assets/RecoveredMaps/BiochemicalTown/Scenes/20160409.unity","AppeatB","Transform",0,0,1
"Assets/RecoveredMaps/BiochemicalTown/Scenes/20160409.unity","AddBlood (1)","Transform;MeshFilter;BoxCollider;MeshRenderer",1,1,1
"Assets/RecoveredMaps/BiochemicalTown/Scenes/20160409.unity","AppeatHY","Transform",0,0,1
"Assets/RecoveredMaps/BiochemicalTown/Scenes/20160409.unity","EventSystem","Transform;EventSystem;StandaloneInputModule",0,0,1
"Assets/RecoveredMaps/BiochemicalTown/Scenes/20160409.unity","AddBlood (2)","Transform;MeshFilter;BoxCollider;MeshRenderer",1,1,1
"Assets/RecoveredMaps/BiochemicalTown/Scenes/20160409.unity","FPSController","Transform;CharacterController;Rigidbody;AudioSource",3,1,7
"Assets/RecoveredMaps/BiochemicalTown/Scenes/20160409.unity","AppeatBM","Transform",0,0,1
"Assets/RecoveredMaps/BiochemicalTown/Scenes/20160409.unity","Directional Light","Transform;Light",0,0,1
"Assets/RecoveredMaps/BiochemicalTown/Scenes/20160409.unity","dast","Transform",174,176,177
"Assets/RecoveredMaps/BiochemicalTown/Scenes/20160409.unity","AppeatA","Transform",0,0,1
"Assets/RecoveredMaps/BiochemicalTown/Scenes/20160409.unity","AddBlood","Transform;MeshFilter;BoxCollider;MeshRenderer;Animator",1,1,1
"Assets/RecoveredMaps/BiochemicalTown/Scenes/20160409.unity","AppeatWC","Transform",0,0,1
"Assets/RecoveredMaps/BiochemicalTown/Scenes/20160409.unity","Canvas","RectTransform;Canvas;CanvasScaler;GraphicRaycaster",0,0,4
"Assets/RecoveredMaps/ClassicConstructionSite/Scenes/Scenegd.unity","Quad (7)","Transform;MeshFilter;MeshRenderer;MeshCollider",1,1,1
"Assets/RecoveredMaps/ClassicConstructionSite/Scenes/Scenegd.unity","Cube (5)","Transform;MeshFilter;MeshRenderer;BoxCollider",1,1,1
"Assets/RecoveredMaps/ClassicConstructionSite/Scenes/Scenegd.unity","Cylinder (19)","Transform;MeshFilter;MeshRenderer;CapsuleCollider",1,1,1
"Assets/RecoveredMaps/ClassicConstructionSite/Scenes/Scenegd.unity","工字钢 (10)","Transform;MeshFilter;MeshRenderer;BoxCollider",3,3,3
"Assets/RecoveredMaps/ClassicConstructionSite/Scenes/Scenegd.unity","Cube (27)","Transform;MeshFilter;MeshRenderer;BoxCollider",1,1,1
"Assets/RecoveredMaps/ClassicConstructionSite/Scenes/Scenegd.unity","a烈火右房","Transform;MeshFilter;MeshRenderer;MeshCollider",1,1,1
"Assets/RecoveredMaps/ClassicConstructionSite/Scenes/Scenegd.unity","Cylinder (1)","Transform;MeshFilter;MeshRenderer;CapsuleCollider",1,1,1
"Assets/RecoveredMaps/ClassicConstructionSite/Scenes/Scenegd.unity","SimplePlayer (Missing Prefab)","Transform",0,0,1
"Assets/RecoveredMaps/ClassicConstructionSite/Scenes/Scenegd.unity","Cube (31)","Transform;MeshFilter;MeshRenderer;BoxCollider",1,1,1
"Assets/RecoveredMaps/ClassicConstructionSite/Scenes/Scenegd.unity","雷霆右房","Transform;MeshFilter;MeshRenderer;MeshCollider",1,1,1
"Assets/RecoveredMaps/ClassicConstructionSite/Scenes/Scenegd.unity","Spot Light (2)","Transform;Light",0,0,1
"Assets/RecoveredMaps/ClassicConstructionSite/Scenes/Scenegd.unity","Cylinder (11)","Transform;MeshFilter;MeshRenderer;CapsuleCollider",1,1,1
"Assets/RecoveredMaps/ClassicConstructionSite/Scenes/Scenegd.unity","Cube (34)","Transform;MeshFilter;MeshRenderer;BoxCollider",1,1,1
"Assets/RecoveredMaps/ClassicConstructionSite/Scenes/Scenegd.unity","暖光 (10)","Transform;MeshFilter;MeshRenderer;CapsuleCollider",2,2,3
"Assets/RecoveredMaps/ClassicConstructionSite/Scenes/Scenegd.unity","Quad (8)","Transform;MeshFilter;MeshRenderer;MeshCollider",1,1,1
"Assets/RecoveredMaps/ClassicConstructionSite/Scenes/Scenegd.unity","file (1)","Transform",3,2,4
"Assets/RecoveredMaps/ClassicConstructionSite/Scenes/Scenegd.unity","Directional Light","Transform;Light",0,0,1
"Assets/RecoveredMaps/ClassicConstructionSite/Scenes/Scenegd.unity","Cube (17)","Transform;MeshFilter;MeshRenderer;BoxCollider",2,2,2
"Assets/RecoveredMaps/ClassicConstructionSite/Scenes/Scenegd.unity","Cylinder (2)","Transform;MeshFilter;MeshRenderer;CapsuleCollider",1,1,1
"Assets/RecoveredMaps/ClassicConstructionSite/Scenes/Scenegd.unity","雷霆左房","Transform;MeshFilter;MeshRenderer;MeshCollider",1,1,1
"Assets/RecoveredMaps/ClassicConstructionSite/Scenes/Scenegd.unity","Cube (13)","Transform;MeshFilter;MeshRenderer;BoxCollider",1,1,1
"Assets/RecoveredMaps/ClassicConstructionSite/Scenes/Scenegd.unity","烈火左房","Transform;MeshFilter;MeshRenderer;MeshCollider",1,1,1
"Assets/RecoveredMaps/ClassicConstructionSite/Scenes/Scenegd.unity","Cylinder (6)","Transform;MeshFilter;MeshRenderer;CapsuleCollider",1,1,1
"Assets/RecoveredMaps/ClassicConstructionSite/Scenes/Scenegd.unity","Cube (30)","Transform;MeshFilter;MeshRenderer;BoxCollider",1,1,1
"Assets/RecoveredMaps/ClassicConstructionSite/Scenes/Scenegd.unity","钢材","Transform;MeshFilter;MeshRenderer;BoxCollider",1,1,1
"Assets/RecoveredMaps/ClassicConstructionSite/Scenes/Scenegd.unity","工字钢 (5)","Transform;MeshFilter;MeshRenderer;BoxCollider",3,3,3
"Assets/RecoveredMaps/ClassicConstructionSite/Scenes/Scenegd.unity","暖光 (3)","Transform;MeshFilter;MeshRenderer;CapsuleCollider",2,2,3
"Assets/RecoveredMaps/ClassicConstructionSite/Scenes/Scenegd.unity","Cube (9)","Transform;MeshFilter;MeshRenderer;BoxCollider",1,1,1
"Assets/RecoveredMaps/ClassicConstructionSite/Scenes/Scenegd.unity","Cylinder (14)","Transform;MeshFilter;MeshRenderer;CapsuleCollider",1,1,1
"Assets/RecoveredMaps/ClassicConstructionSite/Scenes/Scenegd.unity","Cube (21)","Transform;MeshFilter;MeshRenderer;BoxCollider",2,2,2
"Assets/RecoveredMaps/ClassicConstructionSite/Scenes/Scenegd.unity","烈火右斜2 (5)","Transform;MeshFilter;MeshRenderer;BoxCollider",2,2,2
"Assets/RecoveredMaps/ClassicConstructionSite/Scenes/Scenegd.unity","Player","Transform;Camera;AudioListener;MouseLook;CharacterController;CapsuleCollider",0,2,1
"Assets/RecoveredMaps/ClassicConstructionSite/Scenes/Scenegd.unity","Cylinder (16)","Transform;MeshFilter;MeshRenderer;CapsuleCollider",1,1,1
"Assets/RecoveredMaps/ClassicConstructionSite/Scenes/Scenegd.unity","工字钢 (8)","Transform;MeshFilter;MeshRenderer;BoxCollider",3,3,3
"Assets/RecoveredMaps/ClassicConstructionSite/Scenes/Scenegd.unity","Spot Light (3)","Transform;Light",0,0,1
"Assets/RecoveredMaps/ClassicConstructionSite/Scenes/Scenegd.unity","Cylinder (5)","Transform;MeshFilter;MeshRenderer;CapsuleCollider",1,1,1
"Assets/RecoveredMaps/ClassicConstructionSite/Scenes/Scenegd.unity","暖光 (9)","Transform;MeshFilter;MeshRenderer;CapsuleCollider",2,2,3
"Assets/RecoveredMaps/ClassicConstructionSite/Scenes/Scenegd.unity","Spot Light","Transform;Light",0,0,1
"Assets/RecoveredMaps/ClassicConstructionSite/Scenes/Scenegd.unity","暖光","Transform;MeshFilter;MeshRenderer;CapsuleCollider",2,2,3
"Assets/RecoveredMaps/ClassicConstructionSite/Scenes/Scenegd.unity","Cylinder (13)","Transform;MeshFilter;MeshRenderer;CapsuleCollider",1,1,1
"Assets/RecoveredMaps/ClassicConstructionSite/Scenes/Scenegd.unity","Cube (23)","Transform;MeshFilter;MeshRenderer;BoxCollider",1,1,1
"Assets/RecoveredMaps/ClassicConstructionSite/Scenes/Scenegd.unity","墙壁灯","Transform;Light",0,0,1
"Assets/RecoveredMaps/ClassicConstructionSite/Scenes/Scenegd.unity","Cube (22)","Transform;MeshFilter;MeshRenderer;BoxCollider",1,1,1
"Assets/RecoveredMaps/ClassicConstructionSite/Scenes/Scenegd.unity","Spot Light (5)","Transform;Light",0,0,1
"Assets/RecoveredMaps/ClassicConstructionSite/Scenes/Scenegd.unity","Cylinder (7)","Transform;MeshFilter;MeshRenderer;CapsuleCollider",1,1,1
"Assets/RecoveredMaps/ClassicConstructionSite/Scenes/Scenegd.unity","暖光 (1)","Transform;MeshFilter;MeshRenderer;CapsuleCollider",2,2,3
"Assets/RecoveredMaps/ClassicConstructionSite/Scenes/Scenegd.unity","Spot Light (1)","Transform;Light",0,0,1
"Assets/RecoveredMaps/ClassicConstructionSite/Scenes/Scenegd.unity","Cube (14)","Transform;MeshFilter;MeshRenderer;BoxCollider",2,2,2
"Assets/RecoveredMaps/ClassicConstructionSite/Scenes/Scenegd.unity","暖光 (5)","Transform;MeshFilter;MeshRenderer;CapsuleCollider",2,2,3
"Assets/RecoveredMaps/ClassicConstructionSite/Scenes/Scenegd.unity","Quad (10)","Transform;MeshFilter;MeshRenderer;MeshCollider",1,1,1
"Assets/RecoveredMaps/ClassicConstructionSite/Scenes/Scenegd.unity","烈火左窗","Transform;MeshFilter;MeshRenderer;BoxCollider",1,1,1
"Assets/RecoveredMaps/ClassicConstructionSite/Scenes/Scenegd.unity","Cylinder (8)","Transform;MeshFilter;MeshRenderer;CapsuleCollider",1,1,1
"Assets/RecoveredMaps/ClassicConstructionSite/Scenes/Scenegd.unity","工字钢 (3)","Transform;MeshFilter;MeshRenderer;BoxCollider",3,3,3
"Assets/RecoveredMaps/ClassicConstructionSite/Scenes/Scenegd.unity","Quad (5)","Transform;MeshFilter;MeshRenderer;MeshCollider",1,1,1
"Assets/RecoveredMaps/ClassicConstructionSite/Scenes/Scenegd.unity","Cube (19)","Transform;MeshFilter;MeshRenderer;BoxCollider",2,2,2
"Assets/RecoveredMaps/ClassicConstructionSite/Scenes/Scenegd.unity","工字钢 (6)","Transform;MeshFilter;MeshRenderer;BoxCollider",3,3,3
"Assets/RecoveredMaps/ClassicConstructionSite/Scenes/Scenegd.unity","暖光 (7)","Transform;MeshFilter;MeshRenderer;CapsuleCollider",2,2,3
"Assets/RecoveredMaps/ClassicConstructionSite/Scenes/Scenegd.unity","Cube (20)","Transform;MeshFilter;MeshRenderer;BoxCollider",2,2,2
"Assets/RecoveredMaps/ClassicConstructionSite/Scenes/Scenegd.unity","Cube (18)","Transform;MeshFilter;MeshRenderer;BoxCollider",2,2,2
"Assets/RecoveredMaps/ClassicConstructionSite/Scenes/Scenegd.unity","Cube (8)","Transform;MeshFilter;MeshRenderer;BoxCollider",1,1,1
"Assets/RecoveredMaps/ClassicConstructionSite/Scenes/Scenegd.unity","Cube (1)","Transform;MeshFilter;MeshRenderer;BoxCollider",1,1,1
"Assets/RecoveredMaps/ClassicConstructionSite/Scenes/Scenegd.unity","工字钢 (11)","Transform;MeshFilter;MeshRenderer;BoxCollider",3,3,3
"Assets/RecoveredMaps/ClassicConstructionSite/Scenes/Scenegd.unity","Cylinder (4)","Transform;MeshFilter;MeshRenderer;CapsuleCollider",1,1,1
"Assets/RecoveredMaps/ClassicConstructionSite/Scenes/Scenegd.unity","Cube (3)","Transform;MeshFilter;MeshRenderer;BoxCollider",1,1,1
"Assets/RecoveredMaps/ClassicConstructionSite/Scenes/Scenegd.unity","Cube (12)","Transform;MeshFilter;MeshRenderer;BoxCollider",1,1,1
"Assets/RecoveredMaps/ClassicConstructionSite/Scenes/Scenegd.unity","烈火右斜2 (8)","Transform;MeshFilter;MeshRenderer;BoxCollider",2,2,2
"Assets/RecoveredMaps/ClassicConstructionSite/Scenes/Scenegd.unity","工字钢 (7)","Transform;MeshFilter;MeshRenderer;BoxCollider",3,3,3
"Assets/RecoveredMaps/ClassicConstructionSite/Scenes/Scenegd.unity","Cylinder (15)","Transform;MeshFilter;MeshRenderer;CapsuleCollider",1,1,1
"Assets/RecoveredMaps/ClassicConstructionSite/Scenes/Scenegd.unity","Cube (10)","Transform;MeshFilter;MeshRenderer;BoxCollider",1,1,1
"Assets/RecoveredMaps/ClassicConstructionSite/Scenes/Scenegd.unity","工字钢 (2)","Transform;MeshFilter;MeshRenderer;BoxCollider",3,3,3
"Assets/RecoveredMaps/ClassicConstructionSite/Scenes/Scenegd.unity","暖光 (4)","Transform;MeshFilter;MeshRenderer;CapsuleCollider",2,2,3
"Assets/RecoveredMaps/ClassicConstructionSite/Scenes/Scenegd.unity","Cube (25)","Transform;MeshFilter;MeshRenderer;BoxCollider",1,1,1
"Assets/RecoveredMaps/ClassicConstructionSite/Scenes/Scenegd.unity","Cylinder (18)","Transform;MeshFilter;MeshRenderer;CapsuleCollider",1,1,1
"Assets/RecoveredMaps/ClassicConstructionSite/Scenes/Scenegd.unity","暖光 (2)","Transform;MeshFilter;MeshRenderer;CapsuleCollider",2,2,3
"Assets/RecoveredMaps/ClassicConstructionSite/Scenes/Scenegd.unity","Quad (9)","Transform;MeshFilter;MeshRenderer;MeshCollider",1,1,1
"Assets/RecoveredMaps/ClassicConstructionSite/Scenes/Scenegd.unity","Cylinder (3)","Transform;MeshFilter;MeshRenderer;CapsuleCollider",1,1,1
"Assets/RecoveredMaps/ClassicConstructionSite/Scenes/Scenegd.unity","Cylinder (10)","Transform;MeshFilter;MeshRenderer;CapsuleCollider",1,1,1
"Assets/RecoveredMaps/ClassicConstructionSite/Scenes/Scenegd.unity","工字钢 (12)","Transform;MeshFilter;MeshRenderer;BoxCollider",3,3,3
"Assets/RecoveredMaps/ClassicConstructionSite/Scenes/Scenegd.unity","Cube (24)","Transform;MeshFilter;MeshRenderer;BoxCollider",1,1,1
"Assets/RecoveredMaps/ClassicConstructionSite/Scenes/Scenegd.unity","Quad (4)","Transform;MeshFilter;MeshRenderer;MeshCollider",1,1,1
"Assets/RecoveredMaps/ClassicConstructionSite/Scenes/Scenegd.unity","Cube (33)","Transform;MeshFilter;MeshRenderer;BoxCollider",1,1,1
"Assets/RecoveredMaps/ClassicConstructionSite/Scenes/Scenegd.unity","Cube (26)","Transform;MeshFilter;MeshRenderer;BoxCollider",1,1,1
"Assets/RecoveredMaps/ClassicConstructionSite/Scenes/Scenegd.unity","Cube (29)","Transform;MeshFilter;MeshRenderer;BoxCollider",1,1,1
"Assets/RecoveredMaps/ClassicConstructionSite/Scenes/Scenegd.unity","Cube (16)","Transform;MeshFilter;MeshRenderer;BoxCollider",2,2,2
"Assets/RecoveredMaps/ClassicConstructionSite/Scenes/Scenegd.unity","Cylinder (9)","Transform;MeshFilter;MeshRenderer;CapsuleCollider",1,1,1
"Assets/RecoveredMaps/ClassicConstructionSite/Scenes/Scenegd.unity","Audio Source","Transform;AudioSource",0,0,1
"Assets/RecoveredMaps/ClassicConstructionSite/Scenes/Scenegd.unity","工字钢 (9)","Transform;MeshFilter;MeshRenderer;BoxCollider",3,3,3
"Assets/RecoveredMaps/ClassicConstructionSite/Scenes/Scenegd.unity","Cube (15)","Transform;MeshFilter;MeshRenderer;BoxCollider",1,1,1
"Assets/RecoveredMaps/ClassicConstructionSite/Scenes/Scenegd.unity","Quad (6)","Transform;MeshFilter;MeshRenderer;MeshCollider",1,1,1
"Assets/RecoveredMaps/ClassicConstructionSite/Scenes/Scenegd.unity","Cube (35)","Transform;MeshFilter;MeshRenderer;BoxCollider",1,1,1
"Assets/RecoveredMaps/ClassicConstructionSite/Scenes/Scenegd.unity","烈火右斜2 (7)","Transform;MeshFilter;MeshRenderer;BoxCollider",2,2,2
"Assets/RecoveredMaps/ClassicConstructionSite/Scenes/Scenegd.unity","暖光 (6)","Transform;MeshFilter;MeshRenderer;CapsuleCollider",2,2,3
"Assets/RecoveredMaps/ClassicConstructionSite/Scenes/Scenegd.unity","工字钢 (13)","Transform;MeshFilter;MeshRenderer;BoxCollider",3,3,3
"Assets/RecoveredMaps/ClassicConstructionSite/Scenes/Scenegd.unity","Quad (11)","Transform;MeshFilter;MeshRenderer;MeshCollider",1,1,1
"Assets/RecoveredMaps/ClassicConstructionSite/Scenes/Scenegd.unity","Cylinder","Transform;MeshFilter;MeshRenderer;CapsuleCollider",1,1,1
"Assets/RecoveredMaps/ClassicConstructionSite/Scenes/Scenegd.unity","Cube (32)","Transform;MeshFilter;MeshRenderer;BoxCollider",1,1,1
"Assets/RecoveredMaps/ClassicConstructionSite/Scenes/Scenegd.unity","暖光 (11)","Transform;MeshFilter;MeshRenderer;CapsuleCollider",2,2,3
"Assets/RecoveredMaps/ClassicConstructionSite/Scenes/Scenegd.unity","Cube (28)","Transform;MeshFilter;MeshRenderer;BoxCollider",1,1,1
"Assets/RecoveredMaps/ClassicConstructionSite/Scenes/Scenegd.unity","烈火右斜2 (3)","Transform;MeshFilter;MeshRenderer;BoxCollider",2,2,2
"Assets/RecoveredMaps/ClassicConstructionSite/Scenes/Scenegd.unity","Cube (4)","Transform;MeshFilter;MeshRenderer;BoxCollider",1,1,1
"Assets/RecoveredMaps/ClassicConstructionSite/Scenes/Scenegd.unity","工字钢 (1)","Transform;MeshFilter;MeshRenderer;BoxCollider",3,3,3
"Assets/RecoveredMaps/ClassicConstructionSite/Scenes/Scenegd.unity","Cylinder (17)","Transform;MeshFilter;MeshRenderer;CapsuleCollider",1,1,1
"Assets/RecoveredMaps/ClassicConstructionSite/Scenes/Scenegd.unity","烈火右斜2 (2)","Transform;MeshFilter;MeshRenderer;BoxCollider",2,2,2
"Assets/RecoveredMaps/ClassicConstructionSite/Scenes/Scenegd.unity","Spot Light (4)","Transform;Light",0,0,1
"Assets/RecoveredMaps/ClassicConstructionSite/Scenes/Scenegd.unity","Cube (6)","Transform;MeshFilter;MeshRenderer;BoxCollider",1,1,1
"Assets/RecoveredMaps/ClassicConstructionSite/Scenes/Scenegd.unity","暖光 (8)","Transform;MeshFilter;MeshRenderer;CapsuleCollider",2,2,3
"Assets/RecoveredMaps/ClassicConstructionSite/Scenes/Scenegd.unity","Cube (36)","Transform;MeshFilter;MeshRenderer;BoxCollider",1,1,1
"Assets/RecoveredMaps/ClassicConstructionSite/Scenes/Scenegd.unity","EventSystem","Transform;EventSystem;StandaloneInputModule",0,0,1
"Assets/RecoveredMaps/ClassicConstructionSite/Scenes/Scenegd.unity","Cube (11)","Transform;MeshFilter;MeshRenderer;BoxCollider",1,1,1
"Assets/RecoveredMaps/ClassicConstructionSite/Scenes/Scenegd.unity","骷髅","Transform;Animator",58,0,334
"Assets/RecoveredMaps/ClassicConstructionSite/Scenes/Scenegd.unity","烈火右斜2","Transform;MeshFilter;MeshRenderer;BoxCollider",2,2,2
"Assets/RecoveredMaps/ClassicConstructionSite/Scenes/Scenegd.unity","工字钢 (4)","Transform;MeshFilter;MeshRenderer;BoxCollider",3,3,3
"Assets/RecoveredMaps/ClassicConstructionSite/Scenes/Scenegd.unity","Cube","Transform;MeshFilter;MeshRenderer;BoxCollider",1,1,1
"Assets/RecoveredMaps/ClassicConstructionSite/Scenes/Scenegd.unity","烈火右斜2 (6)","Transform;MeshFilter;MeshRenderer;BoxCollider",2,2,2
"Assets/RecoveredMaps/ClassicConstructionSite/Scenes/Scenegd.unity","烈火右斜2 (1)","Transform;MeshFilter;MeshRenderer;BoxCollider",2,2,2
"Assets/RecoveredMaps/ClassicConstructionSite/Scenes/Scenegd.unity","Cube (7)","Transform;MeshFilter;MeshRenderer;BoxCollider",1,1,1
"Assets/RecoveredMaps/ClassicConstructionSite/Scenes/Scenegd.unity","Cube (2)","Transform;MeshFilter;MeshRenderer;BoxCollider",1,1,1
"Assets/RecoveredMaps/ClassicConstructionSite/Scenes/Scenegd.unity","Cylinder (12)","Transform;MeshFilter;MeshRenderer;CapsuleCollider",1,1,1
"Assets/RecoveredMaps/ClassicConstructionSite/Scenes/Scenegd.unity","烈火右斜2 (4)","Transform;MeshFilter;MeshRenderer;BoxCollider",2,2,2
"Assets/RecoveredMaps/ClassicConstructionSite/Scenes/Scenegd.unity","file","Transform",11,6,12
"Assets/RecoveredMaps/ClassicConstructionSite/Scenes/Scenegd.unity","file 1","Transform",17,0,19
"Assets/RecoveredMaps/ClassicConstructionSite/Scenes/Scenegd.unity","1","Transform",64,38,65
"Assets/RecoveredMaps/ClassicConstructionSite/Scenes/Scenegd.unity","woqu (1)","Transform",1,0,2
"Assets/RecoveredMaps/ClassicConstructionSite/Scenes/Scenegd.unity","woqu","Transform",1,0,2
"Assets/RecoveredMaps/ClassicConstructionSite/Scenes/Scenegd.unity","1 (1)","Transform",4,0,5
"Assets/RecoveredMaps/ClassicConstructionSite/Scenes/Scenegd.unity","Canvas","RectTransform;Canvas;CanvasScaler;GraphicRaycaster",0,0,4
"Assets/RecoveredMaps/IceFireMaze/Scenes/SceneMG.unity","Cylinder (4)","Transform;MeshFilter;MeshRenderer;CapsuleCollider",1,1,1
"Assets/RecoveredMaps/IceFireMaze/Scenes/SceneMG.unity","Plane2","Transform;MeshFilter;MeshRenderer;MeshCollider",19,19,19
"Assets/RecoveredMaps/IceFireMaze/Scenes/SceneMG.unity","中部 (1)","Transform;MeshFilter;MeshRenderer",1,0,1
"Assets/RecoveredMaps/IceFireMaze/Scenes/SceneMG.unity","Cylinder (9)","Transform;MeshFilter;MeshRenderer;CapsuleCollider",1,1,1
"Assets/RecoveredMaps/IceFireMaze/Scenes/SceneMG.unity","展示 (1)","Transform;MeshFilter;MeshRenderer;BoxCollider",1,1,1
"Assets/RecoveredMaps/IceFireMaze/Scenes/SceneMG.unity","Cylinder (1)","Transform;MeshFilter;MeshRenderer;CapsuleCollider",1,1,1
"Assets/RecoveredMaps/IceFireMaze/Scenes/SceneMG.unity","Cube (210)","Transform;MeshFilter;MeshRenderer;BoxCollider",1,1,1
"Assets/RecoveredMaps/IceFireMaze/Scenes/SceneMG.unity","Audio_jump","Transform;AudioSource",0,0,1
"Assets/RecoveredMaps/IceFireMaze/Scenes/SceneMG.unity","Cylinder (5)","Transform;MeshFilter;MeshRenderer;CapsuleCollider",1,1,1
"Assets/RecoveredMaps/IceFireMaze/Scenes/SceneMG.unity","Sphere (4)","Transform;MeshFilter;MeshRenderer;SphereCollider",1,1,1
"Assets/RecoveredMaps/IceFireMaze/Scenes/SceneMG.unity","Cylinder (13)","Transform;MeshFilter;MeshRenderer;CapsuleCollider",1,1,1
"Assets/RecoveredMaps/IceFireMaze/Scenes/SceneMG.unity","Directional Light","Transform;Light",0,0,1
"Assets/RecoveredMaps/IceFireMaze/Scenes/SceneMG.unity","Cylinder (3)","Transform;MeshFilter;MeshRenderer;CapsuleCollider",1,1,1
"Assets/RecoveredMaps/IceFireMaze/Scenes/SceneMG.unity","Cube (9)","Transform;MeshFilter;MeshRenderer;BoxCollider",1,1,1
"Assets/RecoveredMaps/IceFireMaze/Scenes/SceneMG.unity","Area Light","Transform;Light",0,0,1
"Assets/RecoveredMaps/IceFireMaze/Scenes/SceneMG.unity","拉栓","Transform;AudioSource",0,0,1
"Assets/RecoveredMaps/IceFireMaze/Scenes/SceneMG.unity","Cube (207)","Transform;MeshFilter;MeshRenderer;BoxCollider",1,1,1
"Assets/RecoveredMaps/IceFireMaze/Scenes/SceneMG.unity","Audio_move","Transform;AudioSource",0,0,1
"Assets/RecoveredMaps/IceFireMaze/Scenes/SceneMG.unity","Sphere (2)","Transform;MeshFilter;MeshRenderer;SphereCollider",1,1,1
"Assets/RecoveredMaps/IceFireMaze/Scenes/SceneMG.unity","Cube (2)","Transform;MeshFilter;MeshRenderer;BoxCollider",1,1,1
"Assets/RecoveredMaps/IceFireMaze/Scenes/SceneMG.unity","Cylinder (16)","Transform;MeshFilter;MeshRenderer;CapsuleCollider",1,1,1
"Assets/RecoveredMaps/IceFireMaze/Scenes/SceneMG.unity","Cylinder (17)","Transform;MeshFilter;MeshRenderer;CapsuleCollider",1,1,1
"Assets/RecoveredMaps/IceFireMaze/Scenes/SceneMG.unity","Cube (3)","Transform;MeshFilter;MeshRenderer;BoxCollider",1,1,1
"Assets/RecoveredMaps/IceFireMaze/Scenes/SceneMG.unity","Sphere (5)","Transform;MeshFilter;MeshRenderer;SphereCollider",1,1,1
"Assets/RecoveredMaps/IceFireMaze/Scenes/SceneMG.unity","管道 (1)","Transform;MeshFilter;MeshRenderer;BoxCollider",5,5,5
"Assets/RecoveredMaps/IceFireMaze/Scenes/SceneMG.unity","Cube (209)","Transform;MeshFilter;MeshRenderer;BoxCollider",1,1,1
"Assets/RecoveredMaps/IceFireMaze/Scenes/SceneMG.unity","Cylinder","Transform;MeshFilter;MeshRenderer;CapsuleCollider",1,1,1
"Assets/RecoveredMaps/IceFireMaze/Scenes/SceneMG.unity","装甲车 (1)","Transform;BoxCollider",48,1,49
"Assets/RecoveredMaps/IceFireMaze/Scenes/SceneMG.unity","Sphere (3)","Transform;MeshFilter;MeshRenderer;SphereCollider",1,1,1
"Assets/RecoveredMaps/IceFireMaze/Scenes/SceneMG.unity","Cube (7)","Transform;MeshFilter;MeshRenderer;BoxCollider",1,1,1
"Assets/RecoveredMaps/IceFireMaze/Scenes/SceneMG.unity","Cube (1)","Transform;MeshFilter;MeshRenderer;BoxCollider",1,1,1
"Assets/RecoveredMaps/IceFireMaze/Scenes/SceneMG.unity","Sphere","Transform;MeshFilter;MeshRenderer;SphereCollider",1,1,1
"Assets/RecoveredMaps/IceFireMaze/Scenes/SceneMG.unity","EventSystem","Transform;EventSystem;StandaloneInputModule",0,0,1
"Assets/RecoveredMaps/IceFireMaze/Scenes/SceneMG.unity","海水","Transform;MeshFilter;MeshRenderer",1,0,1
"Assets/RecoveredMaps/IceFireMaze/Scenes/SceneMG.unity","Cylinder (15)","Transform;MeshFilter;MeshRenderer;CapsuleCollider",92,1,105
"Assets/RecoveredMaps/IceFireMaze/Scenes/SceneMG.unity","Cube (6)","Transform;MeshFilter;MeshRenderer;BoxCollider",1,1,1
"Assets/RecoveredMaps/IceFireMaze/Scenes/SceneMG.unity","Sphere (11)","Transform;MeshFilter;MeshRenderer;SphereCollider",1,1,1
"Assets/RecoveredMaps/IceFireMaze/Scenes/SceneMG.unity","Sphere (8)","Transform;MeshFilter;MeshRenderer;SphereCollider",1,1,1
"Assets/RecoveredMaps/IceFireMaze/Scenes/SceneMG.unity","Cube (8)","Transform;MeshFilter;MeshRenderer;BoxCollider",1,1,1
"Assets/RecoveredMaps/IceFireMaze/Scenes/SceneMG.unity","Cube (5)","Transform;MeshFilter;MeshRenderer;BoxCollider",1,1,1
"Assets/RecoveredMaps/IceFireMaze/Scenes/SceneMG.unity","Sphere (10)","Transform;MeshFilter;MeshRenderer;SphereCollider",1,1,1
"Assets/RecoveredMaps/IceFireMaze/Scenes/SceneMG.unity","军舰","Transform;MeshFilter;MeshRenderer;MeshCollider",25,27,25
"Assets/RecoveredMaps/IceFireMaze/Scenes/SceneMG.unity","Cylinder (7)","Transform;MeshFilter;MeshRenderer;CapsuleCollider",1,1,1
"Assets/RecoveredMaps/IceFireMaze/Scenes/SceneMG.unity","Cylinder (12)","Transform;MeshFilter;MeshRenderer;CapsuleCollider",1,1,1
"Assets/RecoveredMaps/IceFireMaze/Scenes/SceneMG.unity","Cube (322)","Transform;MeshFilter;MeshRenderer;BoxCollider",1,1,1
"Assets/RecoveredMaps/IceFireMaze/Scenes/SceneMG.unity","Cylinder (8)","Transform;MeshFilter;MeshRenderer;CapsuleCollider",1,1,1
"Assets/RecoveredMaps/IceFireMaze/Scenes/SceneMG.unity","Player","Transform;MeshFilter;MeshRenderer;CapsuleCollider;CharacterController;MouseLook",1,2,2
"Assets/RecoveredMaps/IceFireMaze/Scenes/SceneMG.unity","管道","Transform;MeshFilter;MeshRenderer;BoxCollider",4,4,4
"Assets/RecoveredMaps/IceFireMaze/Scenes/SceneMG.unity","Sphere (1)","Transform;MeshFilter;MeshRenderer;SphereCollider",1,1,1
"Assets/RecoveredMaps/IceFireMaze/Scenes/SceneMG.unity","Sphere (7)","Transform;MeshFilter;MeshRenderer;SphereCollider",1,1,1
"Assets/RecoveredMaps/IceFireMaze/Scenes/SceneMG.unity","Cylinder (11)","Transform;MeshFilter;MeshRenderer;CapsuleCollider",1,1,1
"Assets/RecoveredMaps/IceFireMaze/Scenes/SceneMG.unity","开场","Transform;AudioSource",0,0,1
"Assets/RecoveredMaps/IceFireMaze/Scenes/SceneMG.unity","Cylinder (6)","Transform;MeshFilter;MeshRenderer;CapsuleCollider",1,1,1
"Assets/RecoveredMaps/IceFireMaze/Scenes/SceneMG.unity","Cube (4)","Transform;MeshFilter;MeshRenderer;BoxCollider",1,1,1
"Assets/RecoveredMaps/IceFireMaze/Scenes/SceneMG.unity","Cylinder (14)","Transform;MeshFilter;MeshRenderer;CapsuleCollider",1,1,1
"Assets/RecoveredMaps/IceFireMaze/Scenes/SceneMG.unity","Cube (211)","Transform;MeshFilter;MeshRenderer;BoxCollider",1,1,1
"Assets/RecoveredMaps/IceFireMaze/Scenes/SceneMG.unity","Cylinder (2)","Transform;MeshFilter;MeshRenderer;CapsuleCollider",1,1,1
"Assets/RecoveredMaps/IceFireMaze/Scenes/SceneMG.unity","Cylinder (10)","Transform;MeshFilter;MeshRenderer;CapsuleCollider",1,1,1
"Assets/RecoveredMaps/IceFireMaze/Scenes/SceneMG.unity","射线","Transform;MeshFilter;MeshRenderer;CapsuleCollider",1,1,1
"Assets/RecoveredMaps/IceFireMaze/Scenes/SceneMG.unity","Cube (206)","Transform;MeshFilter;MeshRenderer;BoxCollider",1,1,1
"Assets/RecoveredMaps/IceFireMaze/Scenes/SceneMG.unity","Sphere (9)","Transform;MeshFilter;MeshRenderer;SphereCollider",1,1,1
"Assets/RecoveredMaps/IceFireMaze/Scenes/SceneMG.unity","Cube (208)","Transform;MeshFilter;MeshRenderer;BoxCollider",1,1,1
"Assets/RecoveredMaps/IceFireMaze/Scenes/SceneMG.unity","铁丝笼子","Transform;MeshFilter;MeshRenderer;BoxCollider",8,7,8
"Assets/RecoveredMaps/IceFireMaze/Scenes/SceneMG.unity","Sphere (6)","Transform;MeshFilter;MeshRenderer;SphereCollider",1,1,1
"Assets/RecoveredMaps/IceFireMaze/Scenes/SceneMG.unity","Audio_emp","Transform;AudioSource",0,0,1
"Assets/RecoveredMaps/IceFireMaze/Scenes/SceneMG.unity","Cylinder (18)","Transform;MeshFilter;MeshRenderer;CapsuleCollider",1,1,1
"Assets/RecoveredMaps/IceFireMaze/Scenes/SceneMG.unity","管道 (2)","Transform;MeshFilter;MeshRenderer;BoxCollider",4,4,4
"Assets/RecoveredMaps/IceFireMaze/Scenes/SceneMG.unity","Cube","Transform;MeshFilter;MeshRenderer;BoxCollider",1,1,1
"Assets/RecoveredMaps/IceFireMaze/Scenes/SceneMG.unity","OceanPlane","Transform;MeshFilter;MeshRenderer",1,0,1
"Assets/RecoveredMaps/IceFireMaze/Scenes/SceneMG.unity","装甲车","Transform;BoxCollider",48,1,49
"Assets/RecoveredMaps/IceFireMaze/Scenes/SceneMG.unity","file","Transform",0,0,2
"Assets/RecoveredMaps/IceFireMaze/Scenes/SceneMG.unity","AR Bullet","Transform;Animator;MeshCollider;BoxCollider",2,5,3
"Assets/RecoveredMaps/IceFireMaze/Scenes/SceneMG.unity","箱子 (36)","Transform;MeshFilter;MeshRenderer;BoxCollider",1,1,1
"Assets/RecoveredMaps/IceFireMaze/Scenes/SceneMG.unity","箱子 (103)","Transform;MeshFilter;MeshRenderer;BoxCollider",1,1,1
"Assets/RecoveredMaps/IceFireMaze/Scenes/SceneMG.unity","箱子 (41)","Transform;MeshFilter;MeshRenderer;BoxCollider",1,1,1
"Assets/RecoveredMaps/IceFireMaze/Scenes/SceneMG.unity","箱子 (17)","Transform;MeshFilter;MeshRenderer;BoxCollider",1,1,1
"Assets/RecoveredMaps/IceFireMaze/Scenes/SceneMG.unity","箱子 (28)","Transform;MeshFilter;MeshRenderer;BoxCollider",1,1,1
"Assets/RecoveredMaps/IceFireMaze/Scenes/SceneMG.unity","箱子 (76)","Transform;MeshFilter;MeshRenderer;BoxCollider",1,1,1
"Assets/RecoveredMaps/IceFireMaze/Scenes/SceneMG.unity","箱子 (75)","Transform;MeshFilter;MeshRenderer;BoxCollider",1,1,1
"Assets/RecoveredMaps/IceFireMaze/Scenes/SceneMG.unity","箱子 (24)","Transform;MeshFilter;MeshRenderer;BoxCollider",1,1,1
"Assets/RecoveredMaps/IceFireMaze/Scenes/SceneMG.unity","箱子 (30)","Transform;MeshFilter;MeshRenderer;BoxCollider",1,1,1
"Assets/RecoveredMaps/IceFireMaze/Scenes/SceneMG.unity","箱子 (69)","Transform;MeshFilter;MeshRenderer;BoxCollider",1,1,1
"Assets/RecoveredMaps/IceFireMaze/Scenes/SceneMG.unity","箱子 (96)","Transform;MeshFilter;MeshRenderer;BoxCollider",1,1,1
"Assets/RecoveredMaps/IceFireMaze/Scenes/SceneMG.unity","箱子 (56)","Transform;MeshFilter;MeshRenderer;BoxCollider",1,1,1
"Assets/RecoveredMaps/IceFireMaze/Scenes/SceneMG.unity","箱子 (39)","Transform;MeshFilter;MeshRenderer;BoxCollider",1,1,1
"Assets/RecoveredMaps/IceFireMaze/Scenes/SceneMG.unity","箱子 (7)","Transform;MeshFilter;MeshRenderer;BoxCollider",1,1,1
"Assets/RecoveredMaps/IceFireMaze/Scenes/SceneMG.unity","箱子 (23)","Transform;MeshFilter;MeshRenderer;BoxCollider",1,1,1
"Assets/RecoveredMaps/IceFireMaze/Scenes/SceneMG.unity","箱子 (93)","Transform;MeshFilter;MeshRenderer;BoxCollider",1,1,1
"Assets/RecoveredMaps/IceFireMaze/Scenes/SceneMG.unity","箱子 (72)","Transform;MeshFilter;MeshRenderer;BoxCollider",1,1,1
"Assets/RecoveredMaps/IceFireMaze/Scenes/SceneMG.unity","箱子 (29)","Transform;MeshFilter;MeshRenderer;BoxCollider",1,1,1
"Assets/RecoveredMaps/IceFireMaze/Scenes/SceneMG.unity","箱子 (87)","Transform;MeshFilter;MeshRenderer;BoxCollider",1,1,1
"Assets/RecoveredMaps/IceFireMaze/Scenes/SceneMG.unity","箱子 (3)","Transform;MeshFilter;MeshRenderer;BoxCollider",1,1,1
"Assets/RecoveredMaps/IceFireMaze/Scenes/SceneMG.unity","箱子 (40)","Transform;MeshFilter;MeshRenderer;BoxCollider",1,1,1
"Assets/RecoveredMaps/IceFireMaze/Scenes/SceneMG.unity","箱子 (66)","Transform;MeshFilter;MeshRenderer;BoxCollider",1,1,1
"Assets/RecoveredMaps/IceFireMaze/Scenes/SceneMG.unity","箱子 (33)","Transform;MeshFilter;MeshRenderer;BoxCollider",1,1,1
"Assets/RecoveredMaps/IceFireMaze/Scenes/SceneMG.unity","箱子 (48)","Transform;MeshFilter;MeshRenderer;BoxCollider",1,1,1
"Assets/RecoveredMaps/IceFireMaze/Scenes/SceneMG.unity","箱子 (90)","Transform;MeshFilter;MeshRenderer;BoxCollider",1,1,1
"Assets/RecoveredMaps/IceFireMaze/Scenes/SceneMG.unity","箱子 (52)","Transform;MeshFilter;MeshRenderer;BoxCollider",1,1,1
"Assets/RecoveredMaps/IceFireMaze/Scenes/SceneMG.unity","箱子 (106)","Transform;MeshFilter;MeshRenderer;BoxCollider",1,1,1
"Assets/RecoveredMaps/IceFireMaze/Scenes/SceneMG.unity","箱子 (84)","Transform;MeshFilter;MeshRenderer;BoxCollider",1,1,1
"Assets/RecoveredMaps/IceFireMaze/Scenes/SceneMG.unity","箱子 (47)","Transform;MeshFilter;MeshRenderer;BoxCollider",1,1,1
"Assets/RecoveredMaps/IceFireMaze/Scenes/SceneMG.unity","箱子 (14)","Transform;MeshFilter;MeshRenderer;BoxCollider",1,1,1
"Assets/RecoveredMaps/IceFireMaze/Scenes/SceneMG.unity","箱子 (85)","Transform;MeshFilter;MeshRenderer;BoxCollider",1,1,1
"Assets/RecoveredMaps/IceFireMaze/Scenes/SceneMG.unity","箱子 (77)","Transform;MeshFilter;MeshRenderer;BoxCollider",1,1,1
"Assets/RecoveredMaps/IceFireMaze/Scenes/SceneMG.unity","箱子 (81)","Transform;MeshFilter;MeshRenderer;BoxCollider",1,1,1
"Assets/RecoveredMaps/IceFireMaze/Scenes/SceneMG.unity","箱子 (102)","Transform;MeshFilter;MeshRenderer;BoxCollider",1,1,1
"Assets/RecoveredMaps/IceFireMaze/Scenes/SceneMG.unity","箱子 (65)","Transform;MeshFilter;MeshRenderer;BoxCollider",1,1,1
"Assets/RecoveredMaps/IceFireMaze/Scenes/SceneMG.unity","箱子 (13)","Transform;MeshFilter;MeshRenderer;BoxCollider",1,1,1
"Assets/RecoveredMaps/IceFireMaze/Scenes/SceneMG.unity","箱子 (45)","Transform;MeshFilter;MeshRenderer;BoxCollider",1,1,1
"Assets/RecoveredMaps/IceFireMaze/Scenes/SceneMG.unity","箱子 (63)","Transform;MeshFilter;MeshRenderer;BoxCollider",1,1,1
"Assets/RecoveredMaps/IceFireMaze/Scenes/SceneMG.unity","箱子 (55)","Transform;MeshFilter;MeshRenderer;BoxCollider",1,1,1
"Assets/RecoveredMaps/IceFireMaze/Scenes/SceneMG.unity","箱子 (83)","Transform;MeshFilter;MeshRenderer;BoxCollider",1,1,1
"Assets/RecoveredMaps/IceFireMaze/Scenes/SceneMG.unity","箱子 (42)","Transform;MeshFilter;MeshRenderer;BoxCollider",1,1,1
"Assets/RecoveredMaps/IceFireMaze/Scenes/SceneMG.unity","箱子 (19)","Transform;MeshFilter;MeshRenderer;BoxCollider",1,1,1
"Assets/RecoveredMaps/IceFireMaze/Scenes/SceneMG.unity","箱子 (51)","Transform;MeshFilter;MeshRenderer;BoxCollider",1,1,1
"Assets/RecoveredMaps/IceFireMaze/Scenes/SceneMG.unity","箱子 (46)","Transform;MeshFilter;MeshRenderer;BoxCollider",1,1,1
"Assets/RecoveredMaps/IceFireMaze/Scenes/SceneMG.unity","箱子 (53)","Transform;MeshFilter;MeshRenderer;BoxCollider",1,1,1
"Assets/RecoveredMaps/IceFireMaze/Scenes/SceneMG.unity","箱子 (78)","Transform;MeshFilter;MeshRenderer;BoxCollider",1,1,1
"Assets/RecoveredMaps/IceFireMaze/Scenes/SceneMG.unity","箱子 (2)","Transform;MeshFilter;MeshRenderer;BoxCollider",1,1,1
"Assets/RecoveredMaps/IceFireMaze/Scenes/SceneMG.unity","箱子 (50)","Transform;MeshFilter;MeshRenderer;BoxCollider",1,1,1
"Assets/RecoveredMaps/IceFireMaze/Scenes/SceneMG.unity","箱子 (80)","Transform;MeshFilter;MeshRenderer;BoxCollider",1,1,1
"Assets/RecoveredMaps/IceFireMaze/Scenes/SceneMG.unity","箱子 (18)","Transform;MeshFilter;MeshRenderer;BoxCollider",1,1,1
"Assets/RecoveredMaps/IceFireMaze/Scenes/SceneMG.unity","箱子 (34)","Transform;MeshFilter;MeshRenderer;BoxCollider",1,1,1
"Assets/RecoveredMaps/IceFireMaze/Scenes/SceneMG.unity","箱子 (88)","Transform;MeshFilter;MeshRenderer;BoxCollider",1,1,1
"Assets/RecoveredMaps/IceFireMaze/Scenes/SceneMG.unity","居委会","Transform;MeshFilter;MeshRenderer",2,0,2
"Assets/RecoveredMaps/IceFireMaze/Scenes/SceneMG.unity","箱子 (16)","Transform;MeshFilter;MeshRenderer;BoxCollider",1,1,1
"Assets/RecoveredMaps/IceFireMaze/Scenes/SceneMG.unity","箱子 (74)","Transform;MeshFilter;MeshRenderer;BoxCollider",1,1,1
"Assets/RecoveredMaps/IceFireMaze/Scenes/SceneMG.unity","箱子 (95)","Transform;MeshFilter;MeshRenderer;BoxCollider",1,1,1
"Assets/RecoveredMaps/IceFireMaze/Scenes/SceneMG.unity","箱子 (104)","Transform;MeshFilter;MeshRenderer;BoxCollider",1,1,1
"Assets/RecoveredMaps/IceFireMaze/Scenes/SceneMG.unity","箱子 (62)","Transform;MeshFilter;MeshRenderer;BoxCollider",1,1,1
"Assets/RecoveredMaps/IceFireMaze/Scenes/SceneMG.unity","箱子 (22)","Transform;MeshFilter;MeshRenderer;BoxCollider",1,1,1
"Assets/RecoveredMaps/IceFireMaze/Scenes/SceneMG.unity","箱子 (20)","Transform;MeshFilter;MeshRenderer;BoxCollider",1,1,1
"Assets/RecoveredMaps/IceFireMaze/Scenes/SceneMG.unity","箱子 (61)","Transform;MeshFilter;MeshRenderer;BoxCollider",1,1,1
"Assets/RecoveredMaps/IceFireMaze/Scenes/SceneMG.unity","箱子 (89)","Transform;MeshFilter;MeshRenderer;BoxCollider",1,1,1
"Assets/RecoveredMaps/IceFireMaze/Scenes/SceneMG.unity","箱子 (57)","Transform;MeshFilter;MeshRenderer;BoxCollider",1,1,1
"Assets/RecoveredMaps/IceFireMaze/Scenes/SceneMG.unity","箱子 (11)","Transform;MeshFilter;MeshRenderer;BoxCollider",1,1,1
"Assets/RecoveredMaps/IceFireMaze/Scenes/SceneMG.unity","箱子 (12)","Transform;MeshFilter;MeshRenderer;BoxCollider",1,1,1
"Assets/RecoveredMaps/IceFireMaze/Scenes/SceneMG.unity","箱子 (73)","Transform;MeshFilter;MeshRenderer;BoxCollider",1,1,1
"Assets/RecoveredMaps/IceFireMaze/Scenes/SceneMG.unity","箱子 (38)","Transform;MeshFilter;MeshRenderer;BoxCollider",1,1,1
"Assets/RecoveredMaps/IceFireMaze/Scenes/SceneMG.unity","箱子 (8)","Transform;MeshFilter;MeshRenderer;BoxCollider",1,1,1
"Assets/RecoveredMaps/IceFireMaze/Scenes/SceneMG.unity","箱子 (15)","Transform;MeshFilter;MeshRenderer;BoxCollider",1,1,1
"Assets/RecoveredMaps/IceFireMaze/Scenes/SceneMG.unity","箱子 (4)","Transform;MeshFilter;MeshRenderer;BoxCollider",1,1,1
"Assets/RecoveredMaps/IceFireMaze/Scenes/SceneMG.unity","箱子 (32)","Transform;MeshFilter;MeshRenderer;BoxCollider",1,1,1
"Assets/RecoveredMaps/IceFireMaze/Scenes/SceneMG.unity","箱子 (70)","Transform;MeshFilter;MeshRenderer;BoxCollider",1,1,1
"Assets/RecoveredMaps/IceFireMaze/Scenes/SceneMG.unity","箱子 (64)","Transform;MeshFilter;MeshRenderer;BoxCollider",1,1,1
"Assets/RecoveredMaps/IceFireMaze/Scenes/SceneMG.unity","箱子 (71)","Transform;MeshFilter;MeshRenderer;BoxCollider",1,1,1
"Assets/RecoveredMaps/IceFireMaze/Scenes/SceneMG.unity","箱子 (37)","Transform;MeshFilter;MeshRenderer;BoxCollider",1,1,1
"Assets/RecoveredMaps/IceFireMaze/Scenes/SceneMG.unity","箱子 (25)","Transform;MeshFilter;MeshRenderer;BoxCollider",1,1,1
"Assets/RecoveredMaps/IceFireMaze/Scenes/SceneMG.unity","箱子 (6)","Transform;MeshFilter;MeshRenderer;BoxCollider",1,1,1
"Assets/RecoveredMaps/IceFireMaze/Scenes/SceneMG.unity","箱子 (21)","Transform;MeshFilter;MeshRenderer;BoxCollider",1,1,1
"Assets/RecoveredMaps/IceFireMaze/Scenes/SceneMG.unity","箱子 (5)","Transform;MeshFilter;MeshRenderer;BoxCollider",1,1,1
"Assets/RecoveredMaps/IceFireMaze/Scenes/SceneMG.unity","箱子 (99)","Transform;MeshFilter;MeshRenderer;BoxCollider",1,1,1
"Assets/RecoveredMaps/IceFireMaze/Scenes/SceneMG.unity","箱子 (35)","Transform;MeshFilter;MeshRenderer;BoxCollider",1,1,1
"Assets/RecoveredMaps/IceFireMaze/Scenes/SceneMG.unity","箱子 (100)","Transform;MeshFilter;MeshRenderer;BoxCollider",1,1,1
"Assets/RecoveredMaps/IceFireMaze/Scenes/SceneMG.unity","箱子 (10)","Transform;MeshFilter;MeshRenderer;BoxCollider",1,1,1
"Assets/RecoveredMaps/IceFireMaze/Scenes/SceneMG.unity","箱子 (86)","Transform;MeshFilter;MeshRenderer;BoxCollider",1,1,1
"Assets/RecoveredMaps/IceFireMaze/Scenes/SceneMG.unity","箱子 (105)","Transform;MeshFilter;MeshRenderer;BoxCollider",1,1,1
"Assets/RecoveredMaps/IceFireMaze/Scenes/SceneMG.unity","箱子 (92)","Transform;MeshFilter;MeshRenderer;BoxCollider",1,1,1
"Assets/RecoveredMaps/IceFireMaze/Scenes/SceneMG.unity","箱子 (43)","Transform;MeshFilter;MeshRenderer;BoxCollider",1,1,1
"Assets/RecoveredMaps/IceFireMaze/Scenes/SceneMG.unity","箱子 (82)","Transform;MeshFilter;MeshRenderer;BoxCollider",1,1,1
"Assets/RecoveredMaps/IceFireMaze/Scenes/SceneMG.unity","箱子 (58)","Transform;MeshFilter;MeshRenderer;BoxCollider",1,1,1
"Assets/RecoveredMaps/IceFireMaze/Scenes/SceneMG.unity","箱子 (60)","Transform;MeshFilter;MeshRenderer;BoxCollider",1,1,1
"Assets/RecoveredMaps/IceFireMaze/Scenes/SceneMG.unity","箱子 (68)","Transform;MeshFilter;MeshRenderer;BoxCollider",1,1,1
"Assets/RecoveredMaps/IceFireMaze/Scenes/SceneMG.unity","箱子 (67)","Transform;MeshFilter;MeshRenderer;BoxCollider",1,1,1
"Assets/RecoveredMaps/IceFireMaze/Scenes/SceneMG.unity","箱子 (91)","Transform;MeshFilter;MeshRenderer;BoxCollider",1,1,1
"Assets/RecoveredMaps/IceFireMaze/Scenes/SceneMG.unity","箱子 (9)","Transform;MeshFilter;MeshRenderer;BoxCollider",1,1,1
"Assets/RecoveredMaps/IceFireMaze/Scenes/SceneMG.unity","箱子 (44)","Transform;MeshFilter;MeshRenderer;BoxCollider",1,1,1
"Assets/RecoveredMaps/IceFireMaze/Scenes/SceneMG.unity","箱子 (49)","Transform;MeshFilter;MeshRenderer;BoxCollider",1,1,1
"Assets/RecoveredMaps/IceFireMaze/Scenes/SceneMG.unity","箱子 (101)","Transform;MeshFilter;MeshRenderer;BoxCollider",1,1,1
"Assets/RecoveredMaps/IceFireMaze/Scenes/SceneMG.unity","箱子 (26)","Transform;MeshFilter;MeshRenderer;BoxCollider",1,1,1
"Assets/RecoveredMaps/IceFireMaze/Scenes/SceneMG.unity","箱子 (31)","Transform;MeshFilter;MeshRenderer;BoxCollider",1,1,1
"Assets/RecoveredMaps/IceFireMaze/Scenes/SceneMG.unity","箱子 (79)","Transform;MeshFilter;MeshRenderer;BoxCollider",1,1,1
"Assets/RecoveredMaps/IceFireMaze/Scenes/SceneMG.unity","箱子 (1)","Transform;MeshFilter;MeshRenderer;BoxCollider",1,1,1
"Assets/RecoveredMaps/IceFireMaze/Scenes/SceneMG.unity","箱子 (27)","Transform;MeshFilter;MeshRenderer;BoxCollider",1,1,1
"Assets/RecoveredMaps/IceFireMaze/Scenes/SceneMG.unity","箱子 (54)","Transform;MeshFilter;MeshRenderer;BoxCollider",1,1,1
"Assets/RecoveredMaps/IceFireMaze/Scenes/SceneMG.unity","箱子 (59)","Transform;MeshFilter;MeshRenderer;BoxCollider",1,1,1
"Assets/RecoveredMaps/IceFireMaze/Scenes/SceneMG.unity","箱子 (98)","Transform;MeshFilter;MeshRenderer;BoxCollider",1,1,1
"Assets/RecoveredMaps/IceFireMaze/Scenes/SceneMG.unity","箱子 (94)","Transform;MeshFilter;MeshRenderer;BoxCollider",1,1,1
"Assets/RecoveredMaps/IceFireMaze/Scenes/SceneMG.unity","箱子 (97)","Transform;MeshFilter;MeshRenderer;BoxCollider",1,1,1
"Assets/RecoveredMaps/IceFireMaze/Scenes/SceneMG.unity","file (6)","Transform",1,0,3
"Assets/RecoveredMaps/IceFireMaze/Scenes/SceneMG.unity","展示","Transform;MeshFilter;MeshRenderer;BoxCollider",1,1,1
"Assets/RecoveredMaps/IceFireMaze/Scenes/SceneMG.unity","展示 (3)","Transform;MeshFilter;MeshRenderer;BoxCollider",1,1,1
"Assets/RecoveredMaps/IceFireMaze/Scenes/SceneMG.unity","展示 (10)","Transform;MeshFilter;MeshRenderer;BoxCollider",1,1,1
"Assets/RecoveredMaps/IceFireMaze/Scenes/SceneMG.unity","展示","Transform;MeshFilter;MeshRenderer;BoxCollider",1,1,1
"Assets/RecoveredMaps/IceFireMaze/Scenes/SceneMG.unity","展示 (4)","Transform;MeshFilter;MeshRenderer;BoxCollider",1,1,1
"Assets/RecoveredMaps/IceFireMaze/Scenes/SceneMG.unity","展示 (12)","Transform;MeshFilter;MeshRenderer;BoxCollider",1,1,1
"Assets/RecoveredMaps/IceFireMaze/Scenes/SceneMG.unity","展示","Transform;MeshFilter;MeshRenderer;BoxCollider",1,1,1
"Assets/RecoveredMaps/IceFireMaze/Scenes/SceneMG.unity","展示 (7)","Transform;MeshFilter;MeshRenderer;BoxCollider",1,1,1
"Assets/RecoveredMaps/IceFireMaze/Scenes/SceneMG.unity","展示","Transform;MeshFilter;MeshRenderer;BoxCollider",1,1,1
"Assets/RecoveredMaps/IceFireMaze/Scenes/SceneMG.unity","展示 (5)","Transform;MeshFilter;MeshRenderer;BoxCollider",1,1,1
"Assets/RecoveredMaps/IceFireMaze/Scenes/SceneMG.unity","展示 (11)","Transform;MeshFilter;MeshRenderer;BoxCollider",1,1,1
"Assets/RecoveredMaps/IceFireMaze/Scenes/SceneMG.unity","展示","Transform;MeshFilter;MeshRenderer;BoxCollider",1,1,1
"Assets/RecoveredMaps/IceFireMaze/Scenes/SceneMG.unity","展示 (9)","Transform;MeshFilter;MeshRenderer;BoxCollider",1,1,1
"Assets/RecoveredMaps/IceFireMaze/Scenes/SceneMG.unity","展示 (8)","Transform;MeshFilter;MeshRenderer;BoxCollider",1,1,1
"Assets/RecoveredMaps/IceFireMaze/Scenes/SceneMG.unity","展示 (2)","Transform;MeshFilter;MeshRenderer;BoxCollider",1,1,1
"Assets/RecoveredMaps/IceFireMaze/Scenes/SceneMG.unity","展示 (6)","Transform;MeshFilter;MeshRenderer;BoxCollider",1,1,1
"Assets/RecoveredMaps/IceFireMaze/Scenes/SceneMG.unity","Line05 (19)","Transform;MeshFilter;MeshRenderer",1,0,1
"Assets/RecoveredMaps/IceFireMaze/Scenes/SceneMG.unity","Line05 (24)","Transform;MeshFilter;MeshRenderer",1,0,1
"Assets/RecoveredMaps/IceFireMaze/Scenes/SceneMG.unity","Line05 (12)","Transform;MeshFilter;MeshRenderer",1,0,1
"Assets/RecoveredMaps/IceFireMaze/Scenes/SceneMG.unity","Line05 (20)","Transform;MeshFilter;MeshRenderer",1,0,1
"Assets/RecoveredMaps/IceFireMaze/Scenes/SceneMG.unity","Line05 (25)","Transform;MeshFilter;MeshRenderer",1,0,1
"Assets/RecoveredMaps/IceFireMaze/Scenes/SceneMG.unity","Line05","Transform;MeshFilter;MeshRenderer",1,0,1
"Assets/RecoveredMaps/IceFireMaze/Scenes/SceneMG.unity","Line05 (21)","Transform;MeshFilter;MeshRenderer",1,0,1
"Assets/RecoveredMaps/IceFireMaze/Scenes/SceneMG.unity","Line05 (29)","Transform;MeshFilter;MeshRenderer",1,0,1
"Assets/RecoveredMaps/IceFireMaze/Scenes/SceneMG.unity","Line05 (4)","Transform;MeshFilter;MeshRenderer",1,0,1
"Assets/RecoveredMaps/IceFireMaze/Scenes/SceneMG.unity","Line05 (14)","Transform;MeshFilter;MeshRenderer",1,0,1
"Assets/RecoveredMaps/IceFireMaze/Scenes/SceneMG.unity","Line05 (8)","Transform;MeshFilter;MeshRenderer",1,0,1
"Assets/RecoveredMaps/IceFireMaze/Scenes/SceneMG.unity","Line05 (17)","Transform;MeshFilter;MeshRenderer",1,0,1
"Assets/RecoveredMaps/IceFireMaze/Scenes/SceneMG.unity","Line05 (5)","Transform;MeshFilter;MeshRenderer",1,0,1
"Assets/RecoveredMaps/IceFireMaze/Scenes/SceneMG.unity","Line05 (1)","Transform;MeshFilter;MeshRenderer",1,0,1
"Assets/RecoveredMaps/IceFireMaze/Scenes/SceneMG.unity","Line05 (28)","Transform;MeshFilter;MeshRenderer",1,0,1
"Assets/RecoveredMaps/IceFireMaze/Scenes/SceneMG.unity","Line05 (9)","Transform;MeshFilter;MeshRenderer",1,0,1
"Assets/RecoveredMaps/IceFireMaze/Scenes/SceneMG.unity","Line05 (16)","Transform;MeshFilter;MeshRenderer",1,0,1
"Assets/RecoveredMaps/IceFireMaze/Scenes/SceneMG.unity","Line05 (3)","Transform;MeshFilter;MeshRenderer",1,0,1
"Assets/RecoveredMaps/IceFireMaze/Scenes/SceneMG.unity","Line05 (23)","Transform;MeshFilter;MeshRenderer",1,0,1
"Assets/RecoveredMaps/IceFireMaze/Scenes/SceneMG.unity","Line05 (30)","Transform;MeshFilter;MeshRenderer",1,0,1
"Assets/RecoveredMaps/IceFireMaze/Scenes/SceneMG.unity","Line05 (6)","Transform;MeshFilter;MeshRenderer",1,0,1
"Assets/RecoveredMaps/IceFireMaze/Scenes/SceneMG.unity","Line05 (15)","Transform;MeshFilter;MeshRenderer",1,0,1
"Assets/RecoveredMaps/IceFireMaze/Scenes/SceneMG.unity","Line05 (22)","Transform;MeshFilter;MeshRenderer",1,0,1
"Assets/RecoveredMaps/IceFireMaze/Scenes/SceneMG.unity","Line05 (26)","Transform;MeshFilter;MeshRenderer",1,0,1
"Assets/RecoveredMaps/IceFireMaze/Scenes/SceneMG.unity","Line05 (7)","Transform;MeshFilter;MeshRenderer",1,0,1
"Assets/RecoveredMaps/IceFireMaze/Scenes/SceneMG.unity","Line05 (13)","Transform;MeshFilter;MeshRenderer",1,0,1
"Assets/RecoveredMaps/IceFireMaze/Scenes/SceneMG.unity","Line05 (18)","Transform;MeshFilter;MeshRenderer",1,0,1
"Assets/RecoveredMaps/IceFireMaze/Scenes/SceneMG.unity","Line05 (10)","Transform;MeshFilter;MeshRenderer",1,0,1
"Assets/RecoveredMaps/IceFireMaze/Scenes/SceneMG.unity","Line05 (27)","Transform;MeshFilter;MeshRenderer",1,0,1
"Assets/RecoveredMaps/IceFireMaze/Scenes/SceneMG.unity","Line05 (11)","Transform;MeshFilter;MeshRenderer",1,0,1
"Assets/RecoveredMaps/IceFireMaze/Scenes/SceneMG.unity","Line05 (2)","Transform;MeshFilter;MeshRenderer",1,0,1
"Assets/RecoveredMaps/IceFireMaze/Scenes/SceneMG.unity","展示","Transform;MeshFilter;MeshRenderer;BoxCollider",1,1,1
"Assets/RecoveredMaps/IceFireMaze/Scenes/SceneMG.unity","file 5","Transform",91,0,104
"Assets/RecoveredMaps/IceFireMaze/Scenes/SceneMG.unity","箱子","Transform;MeshFilter;MeshRenderer;BoxCollider",1,1,1
"Assets/RecoveredMaps/IceFireMaze/Scenes/SceneMG.unity","file (8)","Transform",1,0,3
"Assets/RecoveredMaps/IceFireMaze/Scenes/SceneMG.unity","file 4 (1)","Transform;BoxCollider",1,1,2
"Assets/RecoveredMaps/IceFireMaze/Scenes/SceneMG.unity","file 5 (3)","Transform",91,0,104
"Assets/RecoveredMaps/IceFireMaze/Scenes/SceneMG.unity","AUG","Transform;MeshFilter;MeshRenderer;BoxCollider",7,1,7
"Assets/RecoveredMaps/IceFireMaze/Scenes/SceneMG.unity","file 5 (5)","Transform;BoxCollider",7,1,8
"Assets/RecoveredMaps/IceFireMaze/Scenes/SceneMG.unity","fbx (2)","Transform;BoxCollider",6,1,7
"Assets/RecoveredMaps/IceFireMaze/Scenes/SceneMG.unity","file 5 (1)","Transform",91,0,104
"Assets/RecoveredMaps/IceFireMaze/Scenes/SceneMG.unity","Frag Grenade","Transform;Animator",7,0,9
"Assets/RecoveredMaps/IceFireMaze/Scenes/SceneMG.unity","file 7 (3)","Transform;BoxCollider",1,1,2
"Assets/RecoveredMaps/IceFireMaze/Scenes/SceneMG.unity","AUG (1)","Transform;MeshFilter;MeshRenderer;BoxCollider",7,1,7
"Assets/RecoveredMaps/IceFireMaze/Scenes/SceneMG.unity","Frag Grenade (6)","Transform;Animator;BoxCollider",7,1,9
"Assets/RecoveredMaps/IceFireMaze/Scenes/SceneMG.unity","file 3 (3)","Transform",1,0,2
"Assets/RecoveredMaps/IceFireMaze/Scenes/SceneMG.unity","Frag Grenade (1)","Transform;Animator",7,0,9
"Assets/RecoveredMaps/IceFireMaze/Scenes/SceneMG.unity","file 7 (4)","Transform",1,0,2
"Assets/RecoveredMaps/IceFireMaze/Scenes/SceneMG.unity","fbx","Transform;BoxCollider",6,1,7
"Assets/RecoveredMaps/IceFireMaze/Scenes/SceneMG.unity","Frag Grenade (3)","Transform;Animator;BoxCollider",7,1,9
"Assets/RecoveredMaps/IceFireMaze/Scenes/SceneMG.unity","file (4)","Transform",28,0,30
"Assets/RecoveredMaps/IceFireMaze/Scenes/SceneMG.unity","file (15)","Transform;Animator;BoxCollider",120,1,123
"Assets/RecoveredMaps/IceFireMaze/Scenes/SceneMG.unity","file 7","Transform;BoxCollider",1,1,2
"Assets/RecoveredMaps/IceFireMaze/Scenes/SceneMG.unity","file (12)","Transform;Animator",120,0,123
"Assets/RecoveredMaps/IceFireMaze/Scenes/SceneMG.unity","file 5 (4)","Transform",91,0,104
"Assets/RecoveredMaps/IceFireMaze/Scenes/SceneMG.unity","file 5 (6)","Transform;BoxCollider",7,1,8
"Assets/RecoveredMaps/IceFireMaze/Scenes/SceneMG.unity","Frag Grenade (5)","Transform;Animator;BoxCollider",7,1,9
"Assets/RecoveredMaps/IceFireMaze/Scenes/SceneMG.unity","铁丝网 (2)","Transform;MeshFilter;MeshRenderer",1,0,1
"Assets/RecoveredMaps/IceFireMaze/Scenes/SceneMG.unity","铁丝网 (4)","Transform;MeshFilter;MeshRenderer",1,0,1
"Assets/RecoveredMaps/IceFireMaze/Scenes/SceneMG.unity","file 6","Transform;BoxCollider",48,1,49
"Assets/RecoveredMaps/IceFireMaze/Scenes/SceneMG.unity","file (9)","Transform;Animator;BoxCollider",120,1,123
"Assets/RecoveredMaps/IceFireMaze/Scenes/SceneMG.unity","file 5 (2)","Transform;BoxCollider",7,1,8
"Assets/RecoveredMaps/IceFireMaze/Scenes/SceneMG.unity","M82 Barrett","Transform",105,0,106
"Assets/RecoveredMaps/IceFireMaze/Scenes/SceneMG.unity","file 6 (1)","Transform",3,0,4
"Assets/RecoveredMaps/IceFireMaze/Scenes/SceneMG.unity","file 5 (7)","Transform;BoxCollider",7,1,8
"Assets/RecoveredMaps/IceFireMaze/Scenes/SceneMG.unity","file 2","Transform;BoxCollider",105,1,108
"Assets/RecoveredMaps/IceFireMaze/Scenes/SceneMG.unity","铁丝网","Transform;MeshFilter;MeshRenderer;BoxCollider;MeshCollider",1,2,1
"Assets/RecoveredMaps/IceFireMaze/Scenes/SceneMG.unity","Frag Grenade (2)","Transform;Animator",7,0,9
"Assets/RecoveredMaps/IceFireMaze/Scenes/SceneMG.unity","铁丝网 (3)","Transform;MeshFilter;MeshRenderer",1,0,1
"Assets/RecoveredMaps/IceFireMaze/Scenes/SceneMG.unity","file 5 (8)","Transform;BoxCollider",7,1,8
"Assets/RecoveredMaps/IceFireMaze/Scenes/SceneMG.unity","铁丝网 (5)","Transform;MeshFilter;MeshRenderer;MeshCollider;BoxCollider",1,2,1
"Assets/RecoveredMaps/IceFireMaze/Scenes/SceneMG.unity","file 7 (1)","Transform;BoxCollider",1,1,2
"Assets/RecoveredMaps/IceFireMaze/Scenes/SceneMG.unity","file 7 (6)","Transform",1,0,2
"Assets/RecoveredMaps/IceFireMaze/Scenes/SceneMG.unity","Frag Grenade (7)","Transform;Animator;BoxCollider",7,1,9
"Assets/RecoveredMaps/IceFireMaze/Scenes/SceneMG.unity","file 1","Transform;BoxCollider",12,1,13
"Assets/RecoveredMaps/IceFireMaze/Scenes/SceneMG.unity","file (11)","Transform;Animator;BoxCollider",120,1,123
"Assets/RecoveredMaps/IceFireMaze/Scenes/SceneMG.unity","file (17)","Transform;Animator",120,0,123
"Assets/RecoveredMaps/IceFireMaze/Scenes/SceneMG.unity","Frag Grenade (4)","Transform;Animator;BoxCollider",7,1,9
"Assets/RecoveredMaps/IceFireMaze/Scenes/SceneMG.unity","file (3)","Transform",28,0,30
"Assets/RecoveredMaps/IceFireMaze/Scenes/SceneMG.unity","铁丝网 (1)","Transform;MeshFilter;MeshRenderer",1,0,1
"Assets/RecoveredMaps/IceFireMaze/Scenes/SceneMG.unity","file 3 (2)","Transform",1,0,2
"Assets/RecoveredMaps/IceFireMaze/Scenes/SceneMG.unity","file (14)","Transform;Animator;BoxCollider",120,1,123
"Assets/RecoveredMaps/IceFireMaze/Scenes/SceneMG.unity","AUG (2)","Transform;MeshFilter;MeshRenderer;BoxCollider",7,1,7
"Assets/RecoveredMaps/IceFireMaze/Scenes/SceneMG.unity","file (10)","Transform;Animator;BoxCollider",120,1,123
"Assets/RecoveredMaps/IceFireMaze/Scenes/SceneMG.unity","file 1 (1)","Transform;BoxCollider",12,1,13
"Assets/RecoveredMaps/IceFireMaze/Scenes/SceneMG.unity","file (13)","Transform;Animator;BoxCollider",120,1,123
"Assets/RecoveredMaps/IceFireMaze/Scenes/SceneMG.unity","fbx (1)","Transform;BoxCollider",6,1,7
"Assets/RecoveredMaps/IceFireMaze/Scenes/SceneMG.unity","file 3 (1)","Transform;BoxCollider",1,1,2
"Assets/RecoveredMaps/IceFireMaze/Scenes/SceneMG.unity","file (5)","Transform",28,0,30
"Assets/RecoveredMaps/IceFireMaze/Scenes/SceneMG.unity","file 7 (7)","Transform",1,0,2
"Assets/RecoveredMaps/IceFireMaze/Scenes/SceneMG.unity","file (16)","Transform;Animator;BoxCollider",120,1,123
"Assets/RecoveredMaps/IceFireMaze/Scenes/SceneMG.unity","file 7 (2)","Transform;BoxCollider",1,1,2
"Assets/RecoveredMaps/IceFireMaze/Scenes/SceneMG.unity","file 7 (5)","Transform",1,0,2
"Assets/RecoveredMaps/IceFireMaze/Scenes/SceneMG.unity","file (2)","Transform",28,0,30
"Assets/RecoveredMaps/IceFireMaze/Scenes/SceneMG.unity","Dragunov 3D models (3)","Transform;BoxCollider",1,1,3
"Assets/RecoveredMaps/IceFireMaze/Scenes/SceneMG.unity","file (18)","Transform;Animator",120,0,123
"Assets/RecoveredMaps/IceFireMaze/Scenes/SceneMG.unity","file (7)","Transform",1,0,3
"Assets/RecoveredMaps/IceFireMaze/Scenes/SceneMG.unity","Cube (88)","Transform;MeshFilter;MeshRenderer;BoxCollider",1,1,1
"Assets/RecoveredMaps/IceFireMaze/Scenes/SceneMG.unity","Cube (21)","Transform;MeshFilter;MeshRenderer;BoxCollider",1,1,1
"Assets/RecoveredMaps/IceFireMaze/Scenes/SceneMG.unity","Cube (176)","Transform;MeshFilter;MeshRenderer;BoxCollider",1,1,1
"Assets/RecoveredMaps/IceFireMaze/Scenes/SceneMG.unity","Cube (280)","Transform;MeshFilter;MeshRenderer;BoxCollider",1,1,1
"Assets/RecoveredMaps/IceFireMaze/Scenes/SceneMG.unity","Cube (270)","Transform;MeshFilter;MeshRenderer;BoxCollider",1,1,1
"Assets/RecoveredMaps/IceFireMaze/Scenes/SceneMG.unity","Cube (104)","Transform;MeshFilter;MeshRenderer;BoxCollider",1,1,1
"Assets/RecoveredMaps/IceFireMaze/Scenes/SceneMG.unity","Cube (162)","Transform;MeshFilter;MeshRenderer;BoxCollider",1,1,1
"Assets/RecoveredMaps/IceFireMaze/Scenes/SceneMG.unity","Cube (246)","Transform;MeshFilter;MeshRenderer;BoxCollider",1,1,1
"Assets/RecoveredMaps/IceFireMaze/Scenes/SceneMG.unity","Cube (262)","Transform;MeshFilter;MeshRenderer;BoxCollider",1,1,1
"Assets/RecoveredMaps/IceFireMaze/Scenes/SceneMG.unity","Cube (285)","Transform;MeshFilter;MeshRenderer;BoxCollider",1,1,1
"Assets/RecoveredMaps/IceFireMaze/Scenes/SceneMG.unity","Cube (69)","Transform;MeshFilter;MeshRenderer;BoxCollider",1,1,1
"Assets/RecoveredMaps/IceFireMaze/Scenes/SceneMG.unity","Cube (133)","Transform;MeshFilter;MeshRenderer;BoxCollider",1,1,1
"Assets/RecoveredMaps/IceFireMaze/Scenes/SceneMG.unity","Cube (305)","Transform;MeshFilter;MeshRenderer;BoxCollider",1,1,1
"Assets/RecoveredMaps/IceFireMaze/Scenes/SceneMG.unity","Cube (61)","Transform;MeshFilter;MeshRenderer;BoxCollider",1,1,1
"Assets/RecoveredMaps/IceFireMaze/Scenes/SceneMG.unity","Cube (29)","Transform;MeshFilter;MeshRenderer;BoxCollider",1,1,1
"Assets/RecoveredMaps/IceFireMaze/Scenes/SceneMG.unity","Cube (228)","Transform;MeshFilter;MeshRenderer;BoxCollider",1,1,1
"Assets/RecoveredMaps/IceFireMaze/Scenes/SceneMG.unity","Cube (125)","Transform;MeshFilter;MeshRenderer;BoxCollider",1,1,1
"Assets/RecoveredMaps/IceFireMaze/Scenes/SceneMG.unity","Cube (54)","Transform;MeshFilter;MeshRenderer;BoxCollider",1,1,1
"Assets/RecoveredMaps/IceFireMaze/Scenes/SceneMG.unity","Cube (16)","Transform;MeshFilter;MeshRenderer;BoxCollider",1,1,1
"Assets/RecoveredMaps/IceFireMaze/Scenes/SceneMG.unity","Cube (25)","Transform;MeshFilter;MeshRenderer;BoxCollider",1,1,1
"Assets/RecoveredMaps/IceFireMaze/Scenes/SceneMG.unity","Cube (150)","Transform;MeshFilter;MeshRenderer;BoxCollider",1,1,1
"Assets/RecoveredMaps/IceFireMaze/Scenes/SceneMG.unity","Cube (81)","Transform;MeshFilter;MeshRenderer;BoxCollider",1,1,1
"Assets/RecoveredMaps/IceFireMaze/Scenes/SceneMG.unity","Cube (131)","Transform;MeshFilter;MeshRenderer;BoxCollider",1,1,1
"Assets/RecoveredMaps/IceFireMaze/Scenes/SceneMG.unity","Cube (245)","Transform;MeshFilter;MeshRenderer;BoxCollider",1,1,1
"Assets/RecoveredMaps/IceFireMaze/Scenes/SceneMG.unity","Cube (75)","Transform;MeshFilter;MeshRenderer;BoxCollider",1,1,1
"Assets/RecoveredMaps/IceFireMaze/Scenes/SceneMG.unity","Cube (243)","Transform;MeshFilter;MeshRenderer;BoxCollider",1,1,1
"Assets/RecoveredMaps/IceFireMaze/Scenes/SceneMG.unity","Cube (276)","Transform;MeshFilter;MeshRenderer;BoxCollider",1,1,1
"Assets/RecoveredMaps/IceFireMaze/Scenes/SceneMG.unity","Cube (139)","Transform;MeshFilter;MeshRenderer;BoxCollider",1,1,1
"Assets/RecoveredMaps/IceFireMaze/Scenes/SceneMG.unity","Cube (312)","Transform;MeshFilter;MeshRenderer;BoxCollider",1,1,1
"Assets/RecoveredMaps/IceFireMaze/Scenes/SceneMG.unity","Cube (261)","Transform;MeshFilter;MeshRenderer;BoxCollider",1,1,1
"Assets/RecoveredMaps/IceFireMaze/Scenes/SceneMG.unity","Cube (99)","Transform;MeshFilter;MeshRenderer;BoxCollider",1,1,1
"Assets/RecoveredMaps/IceFireMaze/Scenes/SceneMG.unity","Cube (260)","Transform;MeshFilter;MeshRenderer;BoxCollider",1,1,1
"Assets/RecoveredMaps/IceFireMaze/Scenes/SceneMG.unity","Cube (32)","Transform;MeshFilter;MeshRenderer;BoxCollider",1,1,1
"Assets/RecoveredMaps/IceFireMaze/Scenes/SceneMG.unity","Cube (33)","Transform;MeshFilter;MeshRenderer;BoxCollider",1,1,1
"Assets/RecoveredMaps/IceFireMaze/Scenes/SceneMG.unity","Cube (286)","Transform;MeshFilter;MeshRenderer;BoxCollider",1,1,1
"Assets/RecoveredMaps/IceFireMaze/Scenes/SceneMG.unity","Cube (192)","Transform;MeshFilter;MeshRenderer;BoxCollider",1,1,1
"Assets/RecoveredMaps/IceFireMaze/Scenes/SceneMG.unity","Cube (238)","Transform;MeshFilter;MeshRenderer;BoxCollider",1,1,1
"Assets/RecoveredMaps/IceFireMaze/Scenes/SceneMG.unity","Cube (40)","Transform;MeshFilter;MeshRenderer;BoxCollider",1,1,1
"Assets/RecoveredMaps/IceFireMaze/Scenes/SceneMG.unity","Cube (135)","Transform;MeshFilter;MeshRenderer;BoxCollider",1,1,1
"Assets/RecoveredMaps/IceFireMaze/Scenes/SceneMG.unity","Cube (141)","Transform;MeshFilter;MeshRenderer;BoxCollider",1,1,1
"Assets/RecoveredMaps/IceFireMaze/Scenes/SceneMG.unity","Cube (180)","Transform;MeshFilter;MeshRenderer;BoxCollider",1,1,1
"Assets/RecoveredMaps/IceFireMaze/Scenes/SceneMG.unity","Cube (22)","Transform;MeshFilter;MeshRenderer;BoxCollider",1,1,1
"Assets/RecoveredMaps/IceFireMaze/Scenes/SceneMG.unity","Cube (172)","Transform;MeshFilter;MeshRenderer;BoxCollider",1,1,1
"Assets/RecoveredMaps/IceFireMaze/Scenes/SceneMG.unity","Cube (86)","Transform;MeshFilter;MeshRenderer;BoxCollider",1,1,1
"Assets/RecoveredMaps/IceFireMaze/Scenes/SceneMG.unity","Cube (175)","Transform;MeshFilter;MeshRenderer;BoxCollider",1,1,1
"Assets/RecoveredMaps/IceFireMaze/Scenes/SceneMG.unity","Cube (190)","Transform;MeshFilter;MeshRenderer;BoxCollider",1,1,1
"Assets/RecoveredMaps/IceFireMaze/Scenes/SceneMG.unity","Cube (186)","Transform;MeshFilter;MeshRenderer;BoxCollider",1,1,1
"Assets/RecoveredMaps/IceFireMaze/Scenes/SceneMG.unity","Cube (308)","Transform;MeshFilter;MeshRenderer;BoxCollider",1,1,1
"Assets/RecoveredMaps/IceFireMaze/Scenes/SceneMG.unity","Cube (320)","Transform;MeshFilter;MeshRenderer;BoxCollider",1,1,1
"Assets/RecoveredMaps/IceFireMaze/Scenes/SceneMG.unity","Cube (185)","Transform;MeshFilter;MeshRenderer;BoxCollider",1,1,1
"Assets/RecoveredMaps/IceFireMaze/Scenes/SceneMG.unity","Cube (173)","Transform;MeshFilter;MeshRenderer;BoxCollider",1,1,1
"Assets/RecoveredMaps/IceFireMaze/Scenes/SceneMG.unity","Cube (168)","Transform;MeshFilter;MeshRenderer;BoxCollider",1,1,1
"Assets/RecoveredMaps/IceFireMaze/Scenes/SceneMG.unity","Cube (144)","Transform;MeshFilter;MeshRenderer;BoxCollider",1,1,1
"Assets/RecoveredMaps/IceFireMaze/Scenes/SceneMG.unity","Cube (147)","Transform;MeshFilter;MeshRenderer;BoxCollider",1,1,1
"Assets/RecoveredMaps/IceFireMaze/Scenes/SceneMG.unity","Cube (265)","Transform;MeshFilter;MeshRenderer;BoxCollider",1,1,1
"Assets/RecoveredMaps/IceFireMaze/Scenes/SceneMG.unity","Cube (44)","Transform;MeshFilter;MeshRenderer;BoxCollider",1,1,1
"Assets/RecoveredMaps/IceFireMaze/Scenes/SceneMG.unity","Cube (218)","Transform;MeshFilter;MeshRenderer;BoxCollider",1,1,1
"Assets/RecoveredMaps/IceFireMaze/Scenes/SceneMG.unity","Cube (212)","Transform;MeshFilter;MeshRenderer;BoxCollider",1,1,1
"Assets/RecoveredMaps/IceFireMaze/Scenes/SceneMG.unity","Cube (109)","Transform;MeshFilter;MeshRenderer;BoxCollider",1,1,1
"Assets/RecoveredMaps/IceFireMaze/Scenes/SceneMG.unity","Cube (19)","Transform;MeshFilter;MeshRenderer;BoxCollider",1,1,1
"Assets/RecoveredMaps/IceFireMaze/Scenes/SceneMG.unity","Cube (35)","Transform;MeshFilter;MeshRenderer;BoxCollider",1,1,1
"Assets/RecoveredMaps/IceFireMaze/Scenes/SceneMG.unity","Cube (72)","Transform;MeshFilter;MeshRenderer;BoxCollider",1,1,1
"Assets/RecoveredMaps/IceFireMaze/Scenes/SceneMG.unity","Cube (166)","Transform;MeshFilter;MeshRenderer;BoxCollider",1,1,1
"Assets/RecoveredMaps/IceFireMaze/Scenes/SceneMG.unity","Cube (159)","Transform;MeshFilter;MeshRenderer;BoxCollider",1,1,1
"Assets/RecoveredMaps/IceFireMaze/Scenes/SceneMG.unity","Cube (39)","Transform;MeshFilter;MeshRenderer;BoxCollider",1,1,1
"Assets/RecoveredMaps/IceFireMaze/Scenes/SceneMG.unity","Cube (124)","Transform;MeshFilter;MeshRenderer;BoxCollider",1,1,1
"Assets/RecoveredMaps/IceFireMaze/Scenes/SceneMG.unity","Cube (323)","Transform;MeshFilter;MeshRenderer;BoxCollider",1,1,1
"Assets/RecoveredMaps/IceFireMaze/Scenes/SceneMG.unity","Cube (204)","Transform;MeshFilter;MeshRenderer;BoxCollider",1,1,1
"Assets/RecoveredMaps/IceFireMaze/Scenes/SceneMG.unity","Cube (121)","Transform;MeshFilter;MeshRenderer;BoxCollider",1,1,1
"Assets/RecoveredMaps/IceFireMaze/Scenes/SceneMG.unity","Cube (182)","Transform;MeshFilter;MeshRenderer;BoxCollider",1,1,1
"Assets/RecoveredMaps/IceFireMaze/Scenes/SceneMG.unity","Cube (297)","Transform;MeshFilter;MeshRenderer;BoxCollider",1,1,1
"Assets/RecoveredMaps/IceFireMaze/Scenes/SceneMG.unity","Cube (130)","Transform;MeshFilter;MeshRenderer;BoxCollider",1,1,1
"Assets/RecoveredMaps/IceFireMaze/Scenes/SceneMG.unity","Cube (116)","Transform;MeshFilter;MeshRenderer;BoxCollider",1,1,1
"Assets/RecoveredMaps/IceFireMaze/Scenes/SceneMG.unity","Cube (255)","Transform;MeshFilter;MeshRenderer;BoxCollider",1,1,1
"Assets/RecoveredMaps/IceFireMaze/Scenes/SceneMG.unity","Cube (77)","Transform;MeshFilter;MeshRenderer;BoxCollider",1,1,1
"Assets/RecoveredMaps/IceFireMaze/Scenes/SceneMG.unity","Cube (71)","Transform;MeshFilter;MeshRenderer;BoxCollider",1,1,1
"Assets/RecoveredMaps/IceFireMaze/Scenes/SceneMG.unity","Cube (290)","Transform;MeshFilter;MeshRenderer;BoxCollider",1,1,1
"Assets/RecoveredMaps/IceFireMaze/Scenes/SceneMG.unity","Cube (68)","Transform;MeshFilter;MeshRenderer;BoxCollider",1,1,1
"Assets/RecoveredMaps/IceFireMaze/Scenes/SceneMG.unity","Cube (293)","Transform;MeshFilter;MeshRenderer;BoxCollider",1,1,1
"Assets/RecoveredMaps/IceFireMaze/Scenes/SceneMG.unity","Cube (111)","Transform;MeshFilter;MeshRenderer;BoxCollider",1,1,1
"Assets/RecoveredMaps/IceFireMaze/Scenes/SceneMG.unity","Cube (85)","Transform;MeshFilter;MeshRenderer;BoxCollider",1,1,1
"Assets/RecoveredMaps/IceFireMaze/Scenes/SceneMG.unity","Cube (26)","Transform;MeshFilter;MeshRenderer;BoxCollider",1,1,1
"Assets/RecoveredMaps/IceFireMaze/Scenes/SceneMG.unity","Cube (17)","Transform;MeshFilter;MeshRenderer;BoxCollider",1,1,1
"Assets/RecoveredMaps/IceFireMaze/Scenes/SceneMG.unity","Cube (213)","Transform;MeshFilter;MeshRenderer;BoxCollider",1,1,1
"Assets/RecoveredMaps/IceFireMaze/Scenes/SceneMG.unity","Cube (154)","Transform;MeshFilter;MeshRenderer;BoxCollider",1,1,1
"Assets/RecoveredMaps/IceFireMaze/Scenes/SceneMG.unity","Cube (233)","Transform;MeshFilter;MeshRenderer;BoxCollider",1,1,1
"Assets/RecoveredMaps/IceFireMaze/Scenes/SceneMG.unity","Cube (220)","Transform;MeshFilter;MeshRenderer;BoxCollider",1,1,1
"Assets/RecoveredMaps/IceFireMaze/Scenes/SceneMG.unity","Cube (281)","Transform;MeshFilter;MeshRenderer;BoxCollider",1,1,1
"Assets/RecoveredMaps/IceFireMaze/Scenes/SceneMG.unity","Cube (97)","Transform;MeshFilter;MeshRenderer;BoxCollider",1,1,1
"Assets/RecoveredMaps/IceFireMaze/Scenes/SceneMG.unity","Cube (110)","Transform;MeshFilter;MeshRenderer;BoxCollider",1,1,1
"Assets/RecoveredMaps/IceFireMaze/Scenes/SceneMG.unity","Cube (170)","Transform;MeshFilter;MeshRenderer;BoxCollider",1,1,1
"Assets/RecoveredMaps/IceFireMaze/Scenes/SceneMG.unity","Cube (240)","Transform;MeshFilter;MeshRenderer;BoxCollider",1,1,1
"Assets/RecoveredMaps/IceFireMaze/Scenes/SceneMG.unity","Cube (58)","Transform;MeshFilter;MeshRenderer;BoxCollider",1,1,1
"Assets/RecoveredMaps/IceFireMaze/Scenes/SceneMG.unity","Cube (259)","Transform;MeshFilter;MeshRenderer;BoxCollider",1,1,1
"Assets/RecoveredMaps/IceFireMaze/Scenes/SceneMG.unity","Cube (82)","Transform;MeshFilter;MeshRenderer;BoxCollider",1,1,1
"Assets/RecoveredMaps/IceFireMaze/Scenes/SceneMG.unity","Cube (309)","Transform;MeshFilter;MeshRenderer;BoxCollider",1,1,1
"Assets/RecoveredMaps/IceFireMaze/Scenes/SceneMG.unity","Cube (34)","Transform;MeshFilter;MeshRenderer;BoxCollider",1,1,1
"Assets/RecoveredMaps/IceFireMaze/Scenes/SceneMG.unity","Cube (108)","Transform;MeshFilter;MeshRenderer;BoxCollider",1,1,1
"Assets/RecoveredMaps/IceFireMaze/Scenes/SceneMG.unity","Cube (324)","Transform;MeshFilter;MeshRenderer;BoxCollider",1,1,1
"Assets/RecoveredMaps/IceFireMaze/Scenes/SceneMG.unity","Cube (226)","Transform;MeshFilter;MeshRenderer;BoxCollider",1,1,1
"Assets/RecoveredMaps/IceFireMaze/Scenes/SceneMG.unity","Cube (92)","Transform;MeshFilter;MeshRenderer;BoxCollider",1,1,1
"Assets/RecoveredMaps/IceFireMaze/Scenes/SceneMG.unity","Cube (114)","Transform;MeshFilter;MeshRenderer;BoxCollider",1,1,1
"Assets/RecoveredMaps/IceFireMaze/Scenes/SceneMG.unity","Cube (197)","Transform;MeshFilter;MeshRenderer;BoxCollider",1,1,1
"Assets/RecoveredMaps/IceFireMaze/Scenes/SceneMG.unity","Cube (23)","Transform;MeshFilter;MeshRenderer;BoxCollider",1,1,1
"Assets/RecoveredMaps/IceFireMaze/Scenes/SceneMG.unity","Cube (302)","Transform;MeshFilter;MeshRenderer;BoxCollider",1,1,1
"Assets/RecoveredMaps/IceFireMaze/Scenes/SceneMG.unity","Cube (177)","Transform;MeshFilter;MeshRenderer;BoxCollider",1,1,1
"Assets/RecoveredMaps/IceFireMaze/Scenes/SceneMG.unity","Cube (51)","Transform;MeshFilter;MeshRenderer;BoxCollider",1,1,1
"Assets/RecoveredMaps/IceFireMaze/Scenes/SceneMG.unity","Cube (64)","Transform;MeshFilter;MeshRenderer;BoxCollider",1,1,1
"Assets/RecoveredMaps/IceFireMaze/Scenes/SceneMG.unity","Cube (282)","Transform;MeshFilter;MeshRenderer;BoxCollider",1,1,1
"Assets/RecoveredMaps/IceFireMaze/Scenes/SceneMG.unity","Cube (143)","Transform;MeshFilter;MeshRenderer;BoxCollider",1,1,1
"Assets/RecoveredMaps/IceFireMaze/Scenes/SceneMG.unity","Cube (203)","Transform;MeshFilter;MeshRenderer;BoxCollider",1,1,1
"Assets/RecoveredMaps/IceFireMaze/Scenes/SceneMG.unity","Cube (74)","Transform;MeshFilter;MeshRenderer;BoxCollider",1,1,1
"Assets/RecoveredMaps/IceFireMaze/Scenes/SceneMG.unity","Cube (169)","Transform;MeshFilter;MeshRenderer;BoxCollider",1,1,1
"Assets/RecoveredMaps/IceFireMaze/Scenes/SceneMG.unity","Cube (307)","Transform;MeshFilter;MeshRenderer;BoxCollider",1,1,1
"Assets/RecoveredMaps/IceFireMaze/Scenes/SceneMG.unity","Cube (112)","Transform;MeshFilter;MeshRenderer;BoxCollider",1,1,1
"Assets/RecoveredMaps/IceFireMaze/Scenes/SceneMG.unity","Cube (59)","Transform;MeshFilter;MeshRenderer;BoxCollider",1,1,1
"Assets/RecoveredMaps/IceFireMaze/Scenes/SceneMG.unity","Cube (164)","Transform;MeshFilter;MeshRenderer;BoxCollider",1,1,1
"Assets/RecoveredMaps/IceFireMaze/Scenes/SceneMG.unity","Cube (257)","Transform;MeshFilter;MeshRenderer;BoxCollider",1,1,1
"Assets/RecoveredMaps/IceFireMaze/Scenes/SceneMG.unity","Cube (10)","Transform;MeshFilter;MeshRenderer;BoxCollider",1,1,1
"Assets/RecoveredMaps/IceFireMaze/Scenes/SceneMG.unity","Cube (27)","Transform;MeshFilter;MeshRenderer;BoxCollider",1,1,1
"Assets/RecoveredMaps/IceFireMaze/Scenes/SceneMG.unity","Cube (313)","Transform;MeshFilter;MeshRenderer;BoxCollider",1,1,1
"Assets/RecoveredMaps/IceFireMaze/Scenes/SceneMG.unity","Cube (223)","Transform;MeshFilter;MeshRenderer;BoxCollider",1,1,1
"Assets/RecoveredMaps/IceFireMaze/Scenes/SceneMG.unity","Cube (296)","Transform;MeshFilter;MeshRenderer;BoxCollider",1,1,1
"Assets/RecoveredMaps/IceFireMaze/Scenes/SceneMG.unity","Cube (232)","Transform;MeshFilter;MeshRenderer;BoxCollider",1,1,1
"Assets/RecoveredMaps/IceFireMaze/Scenes/SceneMG.unity","Cube (63)","Transform;MeshFilter;MeshRenderer;BoxCollider",1,1,1
"Assets/RecoveredMaps/IceFireMaze/Scenes/SceneMG.unity","Cube (288)","Transform;MeshFilter;MeshRenderer;BoxCollider",1,1,1
"Assets/RecoveredMaps/IceFireMaze/Scenes/SceneMG.unity","Cube (231)","Transform;MeshFilter;MeshRenderer;BoxCollider",1,1,1
"Assets/RecoveredMaps/IceFireMaze/Scenes/SceneMG.unity","Cube (199)","Transform;MeshFilter;MeshRenderer;BoxCollider",1,1,1
"Assets/RecoveredMaps/IceFireMaze/Scenes/SceneMG.unity","Cube (47)","Transform;MeshFilter;MeshRenderer;BoxCollider",1,1,1
"Assets/RecoveredMaps/IceFireMaze/Scenes/SceneMG.unity","Cube (299)","Transform;MeshFilter;MeshRenderer;BoxCollider",1,1,1
"Assets/RecoveredMaps/IceFireMaze/Scenes/SceneMG.unity","Cube (100)","Transform;MeshFilter;MeshRenderer;BoxCollider",1,1,1
"Assets/RecoveredMaps/IceFireMaze/Scenes/SceneMG.unity","Cube (183)","Transform;MeshFilter;MeshRenderer;BoxCollider",1,1,1
"Assets/RecoveredMaps/IceFireMaze/Scenes/SceneMG.unity","Cube (160)","Transform;MeshFilter;MeshRenderer;BoxCollider",1,1,1
"Assets/RecoveredMaps/IceFireMaze/Scenes/SceneMG.unity","Cube (298)","Transform;MeshFilter;MeshRenderer;BoxCollider",1,1,1
"Assets/RecoveredMaps/IceFireMaze/Scenes/SceneMG.unity","Cube (167)","Transform;MeshFilter;MeshRenderer;BoxCollider",1,1,1
"Assets/RecoveredMaps/IceFireMaze/Scenes/SceneMG.unity","Cube (145)","Transform;MeshFilter;MeshRenderer;BoxCollider",1,1,1
"Assets/RecoveredMaps/IceFireMaze/Scenes/SceneMG.unity","Cube (314)","Transform;MeshFilter;MeshRenderer;BoxCollider",1,1,1
"Assets/RecoveredMaps/IceFireMaze/Scenes/SceneMG.unity","Cube (42)","Transform;MeshFilter;MeshRenderer;BoxCollider",1,1,1
"Assets/RecoveredMaps/IceFireMaze/Scenes/SceneMG.unity","Cube (89)","Transform;MeshFilter;MeshRenderer;BoxCollider",1,1,1
"Assets/RecoveredMaps/IceFireMaze/Scenes/SceneMG.unity","Cube (242)","Transform;MeshFilter;MeshRenderer;BoxCollider",1,1,1
"Assets/RecoveredMaps/IceFireMaze/Scenes/SceneMG.unity","Cube (41)","Transform;MeshFilter;MeshRenderer;BoxCollider",1,1,1
"Assets/RecoveredMaps/IceFireMaze/Scenes/SceneMG.unity","Cube (98)","Transform;MeshFilter;MeshRenderer;BoxCollider",1,1,1
"Assets/RecoveredMaps/IceFireMaze/Scenes/SceneMG.unity","Cube (318)","Transform;MeshFilter;MeshRenderer;BoxCollider",1,1,1
"Assets/RecoveredMaps/IceFireMaze/Scenes/SceneMG.unity","Cube (219)","Transform;MeshFilter;MeshRenderer;BoxCollider",1,1,1
"Assets/RecoveredMaps/IceFireMaze/Scenes/SceneMG.unity","Cube (78)","Transform;MeshFilter;MeshRenderer;BoxCollider",1,1,1
"Assets/RecoveredMaps/IceFireMaze/Scenes/SceneMG.unity","Cube (18)","Transform;MeshFilter;MeshRenderer;BoxCollider",1,1,1
"Assets/RecoveredMaps/IceFireMaze/Scenes/SceneMG.unity","Cube (184)","Transform;MeshFilter;MeshRenderer;BoxCollider",1,1,1
"Assets/RecoveredMaps/IceFireMaze/Scenes/SceneMG.unity","Cube (30)","Transform;MeshFilter;MeshRenderer;BoxCollider",1,1,1
"Assets/RecoveredMaps/IceFireMaze/Scenes/SceneMG.unity","Cube (181)","Transform;MeshFilter;MeshRenderer;BoxCollider",1,1,1
"Assets/RecoveredMaps/IceFireMaze/Scenes/SceneMG.unity","Cube (37)","Transform;MeshFilter;MeshRenderer;BoxCollider",1,1,1
"Assets/RecoveredMaps/IceFireMaze/Scenes/SceneMG.unity","Cube (48)","Transform;MeshFilter;MeshRenderer;BoxCollider",1,1,1
"Assets/RecoveredMaps/IceFireMaze/Scenes/SceneMG.unity","Cube (263)","Transform;MeshFilter;MeshRenderer;BoxCollider",1,1,1
"Assets/RecoveredMaps/IceFireMaze/Scenes/SceneMG.unity","Cube (289)","Transform;MeshFilter;MeshRenderer;BoxCollider",1,1,1
"Assets/RecoveredMaps/IceFireMaze/Scenes/SceneMG.unity","Cube (80)","Transform;MeshFilter;MeshRenderer;BoxCollider",1,1,1
"Assets/RecoveredMaps/IceFireMaze/Scenes/SceneMG.unity","Cube (65)","Transform;MeshFilter;MeshRenderer;BoxCollider",1,1,1
"Assets/RecoveredMaps/IceFireMaze/Scenes/SceneMG.unity","Cube (115)","Transform;MeshFilter;MeshRenderer;BoxCollider",1,1,1
"Assets/RecoveredMaps/IceFireMaze/Scenes/SceneMG.unity","Cube (272)","Transform;MeshFilter;MeshRenderer;BoxCollider",1,1,1
"Assets/RecoveredMaps/IceFireMaze/Scenes/SceneMG.unity","Cube (273)","Transform;MeshFilter;MeshRenderer;BoxCollider",1,1,1
"Assets/RecoveredMaps/IceFireMaze/Scenes/SceneMG.unity","Cube (217)","Transform;MeshFilter;MeshRenderer;BoxCollider",1,1,1
"Assets/RecoveredMaps/IceFireMaze/Scenes/SceneMG.unity","Cube (107)","Transform;MeshFilter;MeshRenderer;BoxCollider",1,1,1
"Assets/RecoveredMaps/IceFireMaze/Scenes/SceneMG.unity","Cube (271)","Transform;MeshFilter;MeshRenderer;BoxCollider",1,1,1
"Assets/RecoveredMaps/IceFireMaze/Scenes/SceneMG.unity","Cube (106)","Transform;MeshFilter;MeshRenderer;BoxCollider",1,1,1
"Assets/RecoveredMaps/IceFireMaze/Scenes/SceneMG.unity","Cube (196)","Transform;MeshFilter;MeshRenderer;BoxCollider",1,1,1
"Assets/RecoveredMaps/IceFireMaze/Scenes/SceneMG.unity","Cube (278)","Transform;MeshFilter;MeshRenderer;BoxCollider",1,1,1
"Assets/RecoveredMaps/IceFireMaze/Scenes/SceneMG.unity","Cube (191)","Transform;MeshFilter;MeshRenderer;BoxCollider",1,1,1
"Assets/RecoveredMaps/IceFireMaze/Scenes/SceneMG.unity","Cube (215)","Transform;MeshFilter;MeshRenderer;BoxCollider",1,1,1
"Assets/RecoveredMaps/IceFireMaze/Scenes/SceneMG.unity","Cube (269)","Transform;MeshFilter;MeshRenderer;BoxCollider",1,1,1
"Assets/RecoveredMaps/IceFireMaze/Scenes/SceneMG.unity","Cube (250)","Transform;MeshFilter;MeshRenderer;BoxCollider",1,1,1
"Assets/RecoveredMaps/IceFireMaze/Scenes/SceneMG.unity","Cube (56)","Transform;MeshFilter;MeshRenderer;BoxCollider",1,1,1
"Assets/RecoveredMaps/IceFireMaze/Scenes/SceneMG.unity","Cube (49)","Transform;MeshFilter;MeshRenderer;BoxCollider",1,1,1
"Assets/RecoveredMaps/IceFireMaze/Scenes/SceneMG.unity","Cube (306)","Transform;MeshFilter;MeshRenderer;BoxCollider",1,1,1
"Assets/RecoveredMaps/IceFireMaze/Scenes/SceneMG.unity","Cube (179)","Transform;MeshFilter;MeshRenderer;BoxCollider",1,1,1
"Assets/RecoveredMaps/IceFireMaze/Scenes/SceneMG.unity","Cube (137)","Transform;MeshFilter;MeshRenderer;BoxCollider",1,1,1
"Assets/RecoveredMaps/IceFireMaze/Scenes/SceneMG.unity","Cube (188)","Transform;MeshFilter;MeshRenderer;BoxCollider",1,1,1
"Assets/RecoveredMaps/IceFireMaze/Scenes/SceneMG.unity","Cube (84)","Transform;MeshFilter;MeshRenderer;BoxCollider",1,1,1
"Assets/RecoveredMaps/IceFireMaze/Scenes/SceneMG.unity","Cube (138)","Transform;MeshFilter;MeshRenderer;BoxCollider",1,1,1
"Assets/RecoveredMaps/IceFireMaze/Scenes/SceneMG.unity","Cube (103)","Transform;MeshFilter;MeshRenderer;BoxCollider",1,1,1
"Assets/RecoveredMaps/IceFireMaze/Scenes/SceneMG.unity","Cube (258)","Transform;MeshFilter;MeshRenderer;BoxCollider",1,1,1
"Assets/RecoveredMaps/IceFireMaze/Scenes/SceneMG.unity","Cube (46)","Transform;MeshFilter;MeshRenderer;BoxCollider",1,1,1
"Assets/RecoveredMaps/IceFireMaze/Scenes/SceneMG.unity","Cube (252)","Transform;MeshFilter;MeshRenderer;BoxCollider",1,1,1
"Assets/RecoveredMaps/IceFireMaze/Scenes/SceneMG.unity","Cube (66)","Transform;MeshFilter;MeshRenderer;BoxCollider",1,1,1
"Assets/RecoveredMaps/IceFireMaze/Scenes/SceneMG.unity","Cube (76)","Transform;MeshFilter;MeshRenderer;BoxCollider",1,1,1
"Assets/RecoveredMaps/IceFireMaze/Scenes/SceneMG.unity","Cube (36)","Transform;MeshFilter;MeshRenderer;BoxCollider",1,1,1
"Assets/RecoveredMaps/IceFireMaze/Scenes/SceneMG.unity","Cube (310)","Transform;MeshFilter;MeshRenderer;BoxCollider",1,1,1
"Assets/RecoveredMaps/IceFireMaze/Scenes/SceneMG.unity","Cube (140)","Transform;MeshFilter;MeshRenderer;BoxCollider",1,1,1
"Assets/RecoveredMaps/IceFireMaze/Scenes/SceneMG.unity","Cube (12)","Transform;MeshFilter;MeshRenderer;BoxCollider",1,1,1
"Assets/RecoveredMaps/IceFireMaze/Scenes/SceneMG.unity","Cube (248)","Transform;MeshFilter;MeshRenderer;BoxCollider",1,1,1
"Assets/RecoveredMaps/IceFireMaze/Scenes/SceneMG.unity","Cube (268)","Transform;MeshFilter;MeshRenderer;BoxCollider",1,1,1
"Assets/RecoveredMaps/IceFireMaze/Scenes/SceneMG.unity","Cube (94)","Transform;MeshFilter;MeshRenderer;BoxCollider",1,1,1
"Assets/RecoveredMaps/IceFireMaze/Scenes/SceneMG.unity","Cube (79)","Transform;MeshFilter;MeshRenderer;BoxCollider",1,1,1
"Assets/RecoveredMaps/IceFireMaze/Scenes/SceneMG.unity","Cube (187)","Transform;MeshFilter;MeshRenderer;BoxCollider",1,1,1
"Assets/RecoveredMaps/IceFireMaze/Scenes/SceneMG.unity","Cube (222)","Transform;MeshFilter;MeshRenderer;BoxCollider",1,1,1
"Assets/RecoveredMaps/IceFireMaze/Scenes/SceneMG.unity","Cube (101)","Transform;MeshFilter;MeshRenderer;BoxCollider",1,1,1
"Assets/RecoveredMaps/IceFireMaze/Scenes/SceneMG.unity","Cube (267)","Transform;MeshFilter;MeshRenderer;BoxCollider",1,1,1
"Assets/RecoveredMaps/IceFireMaze/Scenes/SceneMG.unity","Cube (202)","Transform;MeshFilter;MeshRenderer;BoxCollider",1,1,1
"Assets/RecoveredMaps/IceFireMaze/Scenes/SceneMG.unity","Cube (14)","Transform;MeshFilter;MeshRenderer;BoxCollider",1,1,1
"Assets/RecoveredMaps/IceFireMaze/Scenes/SceneMG.unity","Cube (249)","Transform;MeshFilter;MeshRenderer;BoxCollider",1,1,1
"Assets/RecoveredMaps/IceFireMaze/Scenes/SceneMG.unity","Cube (120)","Transform;MeshFilter;MeshRenderer;BoxCollider",1,1,1
"Assets/RecoveredMaps/IceFireMaze/Scenes/SceneMG.unity","Cube (200)","Transform;MeshFilter;MeshRenderer;BoxCollider",1,1,1
"Assets/RecoveredMaps/IceFireMaze/Scenes/SceneMG.unity","Cube (316)","Transform;MeshFilter;MeshRenderer;BoxCollider",1,1,1
"Assets/RecoveredMaps/IceFireMaze/Scenes/SceneMG.unity","Cube (38)","Transform;MeshFilter;MeshRenderer;BoxCollider",1,1,1
"Assets/RecoveredMaps/IceFireMaze/Scenes/SceneMG.unity","Cube (189)","Transform;MeshFilter;MeshRenderer;BoxCollider",1,1,1
"Assets/RecoveredMaps/IceFireMaze/Scenes/SceneMG.unity","Cube (319)","Transform;MeshFilter;MeshRenderer;BoxCollider",1,1,1
"Assets/RecoveredMaps/IceFireMaze/Scenes/SceneMG.unity","Cube (157)","Transform;MeshFilter;MeshRenderer;BoxCollider",1,1,1
"Assets/RecoveredMaps/IceFireMaze/Scenes/SceneMG.unity","Cube (122)","Transform;MeshFilter;MeshRenderer;BoxCollider",1,1,1
"Assets/RecoveredMaps/IceFireMaze/Scenes/SceneMG.unity","Cube (317)","Transform;MeshFilter;MeshRenderer;BoxCollider",1,1,1
"Assets/RecoveredMaps/IceFireMaze/Scenes/SceneMG.unity","Cube (132)","Transform;MeshFilter;MeshRenderer;BoxCollider",1,1,1
"Assets/RecoveredMaps/IceFireMaze/Scenes/SceneMG.unity","Cube (102)","Transform;MeshFilter;MeshRenderer;BoxCollider",1,1,1
"Assets/RecoveredMaps/IceFireMaze/Scenes/SceneMG.unity","Cube (153)","Transform;MeshFilter;MeshRenderer;BoxCollider",1,1,1
"Assets/RecoveredMaps/IceFireMaze/Scenes/SceneMG.unity","Cube (119)","Transform;MeshFilter;MeshRenderer;BoxCollider",1,1,1
"Assets/RecoveredMaps/IceFireMaze/Scenes/SceneMG.unity","Cube (224)","Transform;MeshFilter;MeshRenderer;BoxCollider",1,1,1
"Assets/RecoveredMaps/IceFireMaze/Scenes/SceneMG.unity","Cube (28)","Transform;MeshFilter;MeshRenderer;BoxCollider",1,1,1
"Assets/RecoveredMaps/IceFireMaze/Scenes/SceneMG.unity","Cube (221)","Transform;MeshFilter;MeshRenderer;BoxCollider",1,1,1
"Assets/RecoveredMaps/IceFireMaze/Scenes/SceneMG.unity","Cube (266)","Transform;MeshFilter;MeshRenderer;BoxCollider",1,1,1
"Assets/RecoveredMaps/IceFireMaze/Scenes/SceneMG.unity","Cube (163)","Transform;MeshFilter;MeshRenderer;BoxCollider",1,1,1
"Assets/RecoveredMaps/IceFireMaze/Scenes/SceneMG.unity","Cube (277)","Transform;MeshFilter;MeshRenderer;BoxCollider",1,1,1
"Assets/RecoveredMaps/IceFireMaze/Scenes/SceneMG.unity","Cube (283)","Transform;MeshFilter;MeshRenderer;BoxCollider",1,1,1
"Assets/RecoveredMaps/IceFireMaze/Scenes/SceneMG.unity","Cube (227)","Transform;MeshFilter;MeshRenderer;BoxCollider",1,1,1
"Assets/RecoveredMaps/IceFireMaze/Scenes/SceneMG.unity","Cube (237)","Transform;MeshFilter;MeshRenderer;BoxCollider",1,1,1
"Assets/RecoveredMaps/IceFireMaze/Scenes/SceneMG.unity","Cube (45)","Transform;MeshFilter;MeshRenderer;BoxCollider",1,1,1
"Assets/RecoveredMaps/IceFireMaze/Scenes/SceneMG.unity","Cube (244)","Transform;MeshFilter;MeshRenderer;BoxCollider",1,1,1
"Assets/RecoveredMaps/IceFireMaze/Scenes/SceneMG.unity","Cube (311)","Transform;MeshFilter;MeshRenderer;BoxCollider",1,1,1
"Assets/RecoveredMaps/IceFireMaze/Scenes/SceneMG.unity","Cube (279)","Transform;MeshFilter;MeshRenderer;BoxCollider",1,1,1
"Assets/RecoveredMaps/IceFireMaze/Scenes/SceneMG.unity","Cube (50)","Transform;MeshFilter;MeshRenderer;BoxCollider",1,1,1
"Assets/RecoveredMaps/IceFireMaze/Scenes/SceneMG.unity","Cube (301)","Transform;MeshFilter;MeshRenderer;BoxCollider",1,1,1
"Assets/RecoveredMaps/IceFireMaze/Scenes/SceneMG.unity","Cube (118)","Transform;MeshFilter;MeshRenderer;BoxCollider",1,1,1
"Assets/RecoveredMaps/IceFireMaze/Scenes/SceneMG.unity","Cube (134)","Transform;MeshFilter;MeshRenderer;BoxCollider",1,1,1
"Assets/RecoveredMaps/IceFireMaze/Scenes/SceneMG.unity","Cube (105)","Transform;MeshFilter;MeshRenderer;BoxCollider",1,1,1
"Assets/RecoveredMaps/IceFireMaze/Scenes/SceneMG.unity","Cube (146)","Transform;MeshFilter;MeshRenderer;BoxCollider",1,1,1
"Assets/RecoveredMaps/IceFireMaze/Scenes/SceneMG.unity","Cube (152)","Transform;MeshFilter;MeshRenderer;BoxCollider",1,1,1
"Assets/RecoveredMaps/IceFireMaze/Scenes/SceneMG.unity","Cube (136)","Transform;MeshFilter;MeshRenderer;BoxCollider",1,1,1
"Assets/RecoveredMaps/IceFireMaze/Scenes/SceneMG.unity","Cube (291)","Transform;MeshFilter;MeshRenderer;BoxCollider",1,1,1
"Assets/RecoveredMaps/IceFireMaze/Scenes/SceneMG.unity","Cube (294)","Transform;MeshFilter;MeshRenderer;BoxCollider",1,1,1
"Assets/RecoveredMaps/IceFireMaze/Scenes/SceneMG.unity","Cube (321)","Transform;MeshFilter;MeshRenderer;BoxCollider",1,1,1
"Assets/RecoveredMaps/IceFireMaze/Scenes/SceneMG.unity","Cube (171)","Transform;MeshFilter;MeshRenderer;BoxCollider",1,1,1
"Assets/RecoveredMaps/IceFireMaze/Scenes/SceneMG.unity","Cube (235)","Transform;MeshFilter;MeshRenderer;BoxCollider",1,1,1
"Assets/RecoveredMaps/IceFireMaze/Scenes/SceneMG.unity","Cube (70)","Transform;MeshFilter;MeshRenderer;BoxCollider",1,1,1
"Assets/RecoveredMaps/IceFireMaze/Scenes/SceneMG.unity","Cube (95)","Transform;MeshFilter;MeshRenderer;BoxCollider",1,1,1
"Assets/RecoveredMaps/IceFireMaze/Scenes/SceneMG.unity","Cube (53)","Transform;MeshFilter;MeshRenderer;BoxCollider",1,1,1
"Assets/RecoveredMaps/IceFireMaze/Scenes/SceneMG.unity","Cube (256)","Transform;MeshFilter;MeshRenderer;BoxCollider",1,1,1
"Assets/RecoveredMaps/IceFireMaze/Scenes/SceneMG.unity","Cube (20)","Transform;MeshFilter;MeshRenderer;BoxCollider",1,1,1
"Assets/RecoveredMaps/IceFireMaze/Scenes/SceneMG.unity","Cube (43)","Transform;MeshFilter;MeshRenderer;BoxCollider",1,1,1
"Assets/RecoveredMaps/IceFireMaze/Scenes/SceneMG.unity","Cube (292)","Transform;MeshFilter;MeshRenderer;BoxCollider",1,1,1
"Assets/RecoveredMaps/IceFireMaze/Scenes/SceneMG.unity","Cube (96)","Transform;MeshFilter;MeshRenderer;BoxCollider",1,1,1
"Assets/RecoveredMaps/IceFireMaze/Scenes/SceneMG.unity","Cube (241)","Transform;MeshFilter;MeshRenderer;BoxCollider",1,1,1
"Assets/RecoveredMaps/IceFireMaze/Scenes/SceneMG.unity","Cube (300)","Transform;MeshFilter;MeshRenderer;BoxCollider",1,1,1
"Assets/RecoveredMaps/IceFireMaze/Scenes/SceneMG.unity","Cube (93)","Transform;MeshFilter;MeshRenderer;BoxCollider",1,1,1
"Assets/RecoveredMaps/IceFireMaze/Scenes/SceneMG.unity","Cube (236)","Transform;MeshFilter;MeshRenderer;BoxCollider",1,1,1
"Assets/RecoveredMaps/IceFireMaze/Scenes/SceneMG.unity","Cube (284)","Transform;MeshFilter;MeshRenderer;BoxCollider",1,1,1
"Assets/RecoveredMaps/IceFireMaze/Scenes/SceneMG.unity","Cube (13)","Transform;MeshFilter;MeshRenderer;BoxCollider",1,1,1
"Assets/RecoveredMaps/IceFireMaze/Scenes/SceneMG.unity","Cube (24)","Transform;MeshFilter;MeshRenderer;BoxCollider",1,1,1
"Assets/RecoveredMaps/IceFireMaze/Scenes/SceneMG.unity","Cube (161)","Transform;MeshFilter;MeshRenderer;BoxCollider",1,1,1
"Assets/RecoveredMaps/IceFireMaze/Scenes/SceneMG.unity","Cube (52)","Transform;MeshFilter;MeshRenderer;BoxCollider",1,1,1
"Assets/RecoveredMaps/IceFireMaze/Scenes/SceneMG.unity","Cube (295)","Transform;MeshFilter;MeshRenderer;BoxCollider",1,1,1
"Assets/RecoveredMaps/IceFireMaze/Scenes/SceneMG.unity","Cube (198)","Transform;MeshFilter;MeshRenderer;BoxCollider",1,1,1
"Assets/RecoveredMaps/IceFireMaze/Scenes/SceneMG.unity","Cube (287)","Transform;MeshFilter;MeshRenderer;BoxCollider",1,1,1
"Assets/RecoveredMaps/IceFireMaze/Scenes/SceneMG.unity","Cube (31)","Transform;MeshFilter;MeshRenderer;BoxCollider",1,1,1
"Assets/RecoveredMaps/IceFireMaze/Scenes/SceneMG.unity","Cube (205)","Transform;MeshFilter;MeshRenderer;BoxCollider",1,1,1
"Assets/RecoveredMaps/IceFireMaze/Scenes/SceneMG.unity","Cube (254)","Transform;MeshFilter;MeshRenderer;BoxCollider",1,1,1
"Assets/RecoveredMaps/IceFireMaze/Scenes/SceneMG.unity","Cube (230)","Transform;MeshFilter;MeshRenderer;BoxCollider",1,1,1
"Assets/RecoveredMaps/IceFireMaze/Scenes/SceneMG.unity","Cube (234)","Transform;MeshFilter;MeshRenderer;BoxCollider",1,1,1
"Assets/RecoveredMaps/IceFireMaze/Scenes/SceneMG.unity","Cube (274)","Transform;MeshFilter;MeshRenderer;BoxCollider",1,1,1
"Assets/RecoveredMaps/IceFireMaze/Scenes/SceneMG.unity","Cube (148)","Transform;MeshFilter;MeshRenderer;BoxCollider",1,1,1
"Assets/RecoveredMaps/IceFireMaze/Scenes/SceneMG.unity","Cube (201)","Transform;MeshFilter;MeshRenderer;BoxCollider",1,1,1
"Assets/RecoveredMaps/IceFireMaze/Scenes/SceneMG.unity","Cube (303)","Transform;MeshFilter;MeshRenderer;BoxCollider",1,1,1
"Assets/RecoveredMaps/IceFireMaze/Scenes/SceneMG.unity","Cube (195)","Transform;MeshFilter;MeshRenderer;BoxCollider",1,1,1
"Assets/RecoveredMaps/IceFireMaze/Scenes/SceneMG.unity","Cube (60)","Transform;MeshFilter;MeshRenderer;BoxCollider",1,1,1
"Assets/RecoveredMaps/IceFireMaze/Scenes/SceneMG.unity","Cube (158)","Transform;MeshFilter;MeshRenderer;BoxCollider",1,1,1
"Assets/RecoveredMaps/IceFireMaze/Scenes/SceneMG.unity","Cube (87)","Transform;MeshFilter;MeshRenderer;BoxCollider",1,1,1
"Assets/RecoveredMaps/IceFireMaze/Scenes/SceneMG.unity","Cube (117)","Transform;MeshFilter;MeshRenderer;BoxCollider",1,1,1
"Assets/RecoveredMaps/IceFireMaze/Scenes/SceneMG.unity","Cube (174)","Transform;MeshFilter;MeshRenderer;BoxCollider",1,1,1
"Assets/RecoveredMaps/IceFireMaze/Scenes/SceneMG.unity","Cube (151)","Transform;MeshFilter;MeshRenderer;BoxCollider",1,1,1
"Assets/RecoveredMaps/IceFireMaze/Scenes/SceneMG.unity","Cube (113)","Transform;MeshFilter;MeshRenderer;BoxCollider",1,1,1
"Assets/RecoveredMaps/IceFireMaze/Scenes/SceneMG.unity","Cube (149)","Transform;MeshFilter;MeshRenderer;BoxCollider",1,1,1
"Assets/RecoveredMaps/IceFireMaze/Scenes/SceneMG.unity","Cube (127)","Transform;MeshFilter;MeshRenderer;BoxCollider",1,1,1
"Assets/RecoveredMaps/IceFireMaze/Scenes/SceneMG.unity","Cube (229)","Transform;MeshFilter;MeshRenderer;BoxCollider",1,1,1
"Assets/RecoveredMaps/IceFireMaze/Scenes/SceneMG.unity","Cube (55)","Transform;MeshFilter;MeshRenderer;BoxCollider",1,1,1
"Assets/RecoveredMaps/IceFireMaze/Scenes/SceneMG.unity","Cube (83)","Transform;MeshFilter;MeshRenderer;BoxCollider",1,1,1
"Assets/RecoveredMaps/IceFireMaze/Scenes/SceneMG.unity","Cube (73)","Transform;MeshFilter;MeshRenderer;BoxCollider",1,1,1
"Assets/RecoveredMaps/IceFireMaze/Scenes/SceneMG.unity","Cube (214)","Transform;MeshFilter;MeshRenderer;BoxCollider",1,1,1
"Assets/RecoveredMaps/IceFireMaze/Scenes/SceneMG.unity","Cube (123)","Transform;MeshFilter;MeshRenderer;BoxCollider",1,1,1
"Assets/RecoveredMaps/IceFireMaze/Scenes/SceneMG.unity","Cube (128)","Transform;MeshFilter;MeshRenderer;BoxCollider",1,1,1
"Assets/RecoveredMaps/IceFireMaze/Scenes/SceneMG.unity","Cube (247)","Transform;MeshFilter;MeshRenderer;BoxCollider",1,1,1
"Assets/RecoveredMaps/IceFireMaze/Scenes/SceneMG.unity","Cube (194)","Transform;MeshFilter;MeshRenderer;BoxCollider",1,1,1
"Assets/RecoveredMaps/IceFireMaze/Scenes/SceneMG.unity","Cube (165)","Transform;MeshFilter;MeshRenderer;BoxCollider",1,1,1
"Assets/RecoveredMaps/IceFireMaze/Scenes/SceneMG.unity","Cube (15)","Transform;MeshFilter;MeshRenderer;BoxCollider",1,1,1
"Assets/RecoveredMaps/IceFireMaze/Scenes/SceneMG.unity","Cube (253)","Transform;MeshFilter;MeshRenderer;BoxCollider",1,1,1
"Assets/RecoveredMaps/IceFireMaze/Scenes/SceneMG.unity","Cube (216)","Transform;MeshFilter;MeshRenderer;BoxCollider",1,1,1
"Assets/RecoveredMaps/IceFireMaze/Scenes/SceneMG.unity","Cube (304)","Transform;MeshFilter;MeshRenderer;BoxCollider",1,1,1
"Assets/RecoveredMaps/IceFireMaze/Scenes/SceneMG.unity","Cube (155)","Transform;MeshFilter;MeshRenderer;BoxCollider",1,1,1
"Assets/RecoveredMaps/IceFireMaze/Scenes/SceneMG.unity","Cube (239)","Transform;MeshFilter;MeshRenderer;BoxCollider",1,1,1
"Assets/RecoveredMaps/IceFireMaze/Scenes/SceneMG.unity","Cube (315)","Transform;MeshFilter;MeshRenderer;BoxCollider",1,1,1
"Assets/RecoveredMaps/IceFireMaze/Scenes/SceneMG.unity","Cube (62)","Transform;MeshFilter;MeshRenderer;BoxCollider",1,1,1
"Assets/RecoveredMaps/IceFireMaze/Scenes/SceneMG.unity","Cube (57)","Transform;MeshFilter;MeshRenderer;BoxCollider",1,1,1
"Assets/RecoveredMaps/IceFireMaze/Scenes/SceneMG.unity","Cube (193)","Transform;MeshFilter;MeshRenderer;BoxCollider",1,1,1
"Assets/RecoveredMaps/IceFireMaze/Scenes/SceneMG.unity","Cube (178)","Transform;MeshFilter;MeshRenderer;BoxCollider",1,1,1
"Assets/RecoveredMaps/IceFireMaze/Scenes/SceneMG.unity","Cube (156)","Transform;MeshFilter;MeshRenderer;BoxCollider",1,1,1
"Assets/RecoveredMaps/IceFireMaze/Scenes/SceneMG.unity","Cube (225)","Transform;MeshFilter;MeshRenderer;BoxCollider",1,1,1
"Assets/RecoveredMaps/IceFireMaze/Scenes/SceneMG.unity","Cube (129)","Transform;MeshFilter;MeshRenderer;BoxCollider",1,1,1
"Assets/RecoveredMaps/IceFireMaze/Scenes/SceneMG.unity","Cube (90)","Transform;MeshFilter;MeshRenderer;BoxCollider",1,1,1
"Assets/RecoveredMaps/IceFireMaze/Scenes/SceneMG.unity","Cube (126)","Transform;MeshFilter;MeshRenderer;BoxCollider",1,1,1
"Assets/RecoveredMaps/IceFireMaze/Scenes/SceneMG.unity","Cube (275)","Transform;MeshFilter;MeshRenderer;BoxCollider",1,1,1
"Assets/RecoveredMaps/IceFireMaze/Scenes/SceneMG.unity","Cube (264)","Transform;MeshFilter;MeshRenderer;BoxCollider",1,1,1
"Assets/RecoveredMaps/IceFireMaze/Scenes/SceneMG.unity","Cube (11)","Transform;MeshFilter;MeshRenderer;BoxCollider",1,1,1
"Assets/RecoveredMaps/IceFireMaze/Scenes/SceneMG.unity","Cube (91)","Transform;MeshFilter;MeshRenderer;BoxCollider",1,1,1
"Assets/RecoveredMaps/IceFireMaze/Scenes/SceneMG.unity","Cube (67)","Transform;MeshFilter;MeshRenderer;BoxCollider",1,1,1
"Assets/RecoveredMaps/IceFireMaze/Scenes/SceneMG.unity","Cube (251)","Transform;MeshFilter;MeshRenderer;BoxCollider",1,1,1
"Assets/RecoveredMaps/IceFireMaze/Scenes/SceneMG.unity","Cube (142)","Transform;MeshFilter;MeshRenderer;BoxCollider",1,1,1
"Assets/RecoveredMaps/IceFireMaze/Scenes/SceneMG.unity","file 3","Transform",0,0,1
"Assets/RecoveredMaps/IceFireMaze/Scenes/SceneMG.unity","file (1)","Transform",1,0,3
"Assets/RecoveredMaps/IceFireMaze/Scenes/SceneMG.unity","飞机","Transform",64,0,65
"Assets/RecoveredMaps/IceFireMaze/Scenes/SceneMG.unity","file 4","Transform",42,42,43
"Assets/RecoveredMaps/IceFireMaze/Scenes/SceneMG.unity","墙壁 (60)","Transform;MeshFilter;MeshRenderer;BoxCollider",1,1,1
"Assets/RecoveredMaps/IceFireMaze/Scenes/SceneMG.unity","墙壁 (37)","Transform;MeshFilter;MeshRenderer;BoxCollider",1,1,1
"Assets/RecoveredMaps/IceFireMaze/Scenes/SceneMG.unity","墙壁 (243)","Transform;MeshFilter;MeshRenderer;BoxCollider",1,1,1
"Assets/RecoveredMaps/IceFireMaze/Scenes/SceneMG.unity","墙壁 (213)","Transform;MeshFilter;MeshRenderer;BoxCollider",1,1,1
"Assets/RecoveredMaps/IceFireMaze/Scenes/SceneMG.unity","墙壁 (18)","Transform;MeshFilter;MeshRenderer;BoxCollider",1,1,1
"Assets/RecoveredMaps/IceFireMaze/Scenes/SceneMG.unity","墙壁 (78)","Transform;MeshFilter;MeshRenderer;BoxCollider",1,1,1
"Assets/RecoveredMaps/IceFireMaze/Scenes/SceneMG.unity","墙壁 (21)","Transform;MeshFilter;MeshRenderer;BoxCollider",1,1,1
"Assets/RecoveredMaps/IceFireMaze/Scenes/SceneMG.unity","墙壁 (139)","Transform;MeshFilter;MeshRenderer;BoxCollider",1,1,1
"Assets/RecoveredMaps/IceFireMaze/Scenes/SceneMG.unity","墙壁 (240)","Transform;MeshFilter;MeshRenderer;BoxCollider",1,1,1
"Assets/RecoveredMaps/IceFireMaze/Scenes/SceneMG.unity","墙壁 (112)","Transform;MeshFilter;MeshRenderer;BoxCollider",1,1,1
"Assets/RecoveredMaps/IceFireMaze/Scenes/SceneMG.unity","墙壁 (79)","Transform;MeshFilter;MeshRenderer;BoxCollider",1,1,1
"Assets/RecoveredMaps/IceFireMaze/Scenes/SceneMG.unity","墙壁 (20)","Transform;MeshFilter;MeshRenderer;BoxCollider",1,1,1
"Assets/RecoveredMaps/IceFireMaze/Scenes/SceneMG.unity","墙壁 (214)","Transform;MeshFilter;MeshRenderer;BoxCollider",1,1,1
"Assets/RecoveredMaps/IceFireMaze/Scenes/SceneMG.unity","墙壁 (192)","Transform;MeshFilter;MeshRenderer;BoxCollider",1,1,1
"Assets/RecoveredMaps/IceFireMaze/Scenes/SceneMG.unity","墙壁 (64)","Transform;MeshFilter;MeshRenderer;BoxCollider",1,1,1
"Assets/RecoveredMaps/IceFireMaze/Scenes/SceneMG.unity","墙壁 (180)","Transform;MeshFilter;MeshRenderer;BoxCollider",1,1,1
"Assets/RecoveredMaps/IceFireMaze/Scenes/SceneMG.unity","墙壁 (235)","Transform;MeshFilter;MeshRenderer;BoxCollider",1,1,1
"Assets/RecoveredMaps/IceFireMaze/Scenes/SceneMG.unity","墙壁 (226)","Transform;MeshFilter;MeshRenderer;BoxCollider",1,1,1
"Assets/RecoveredMaps/IceFireMaze/Scenes/SceneMG.unity","墙壁 (110)","Transform;MeshFilter;MeshRenderer;BoxCollider",1,1,1
"Assets/RecoveredMaps/IceFireMaze/Scenes/SceneMG.unity","墙壁 (158)","Transform;MeshFilter;MeshRenderer;BoxCollider",1,1,1
"Assets/RecoveredMaps/IceFireMaze/Scenes/SceneMG.unity","墙壁 (159)","Transform;MeshFilter;MeshRenderer;BoxCollider",1,1,1
"Assets/RecoveredMaps/IceFireMaze/Scenes/SceneMG.unity","墙壁 (71)","Transform;MeshFilter;MeshRenderer;BoxCollider",1,1,1
"Assets/RecoveredMaps/IceFireMaze/Scenes/SceneMG.unity","墙壁 (56)","Transform;MeshFilter;MeshRenderer;BoxCollider",1,1,1
"Assets/RecoveredMaps/IceFireMaze/Scenes/SceneMG.unity","墙壁 (11)","Transform;MeshFilter;MeshRenderer;BoxCollider",1,1,1
"Assets/RecoveredMaps/IceFireMaze/Scenes/SceneMG.unity","墙壁 (242)","Transform;MeshFilter;MeshRenderer;BoxCollider",1,1,1
"Assets/RecoveredMaps/IceFireMaze/Scenes/SceneMG.unity","墙壁 (149)","Transform;MeshFilter;MeshRenderer;BoxCollider",1,1,1
"Assets/RecoveredMaps/IceFireMaze/Scenes/SceneMG.unity","墙壁 (254)","Transform;MeshFilter;MeshRenderer;BoxCollider",2,2,2
"Assets/RecoveredMaps/IceFireMaze/Scenes/SceneMG.unity","墙壁 (165)","Transform;MeshFilter;MeshRenderer;BoxCollider",1,1,1
"Assets/RecoveredMaps/IceFireMaze/Scenes/SceneMG.unity","墙壁 (48)","Transform;MeshFilter;MeshRenderer;BoxCollider",1,1,1
"Assets/RecoveredMaps/IceFireMaze/Scenes/SceneMG.unity","墙壁 (26)","Transform;MeshFilter;MeshRenderer;BoxCollider",1,1,1
"Assets/RecoveredMaps/IceFireMaze/Scenes/SceneMG.unity","墙壁 (204)","Transform;MeshFilter;MeshRenderer;BoxCollider",1,1,1
"Assets/RecoveredMaps/IceFireMaze/Scenes/SceneMG.unity","墙壁 (163)","Transform;MeshFilter;MeshRenderer;BoxCollider",1,1,1
"Assets/RecoveredMaps/IceFireMaze/Scenes/SceneMG.unity","墙壁 (113)","Transform;MeshFilter;MeshRenderer;BoxCollider",1,1,1
"Assets/RecoveredMaps/IceFireMaze/Scenes/SceneMG.unity","墙壁 (201)","Transform;MeshFilter;MeshRenderer;BoxCollider",1,1,1
"Assets/RecoveredMaps/IceFireMaze/Scenes/SceneMG.unity","墙壁 (87)","Transform;MeshFilter;MeshRenderer;BoxCollider",1,1,1
"Assets/RecoveredMaps/IceFireMaze/Scenes/SceneMG.unity","墙壁 (258)","Transform;MeshFilter;MeshRenderer;BoxCollider",1,1,1
"Assets/RecoveredMaps/IceFireMaze/Scenes/SceneMG.unity","墙壁 (107)","Transform;MeshFilter;MeshRenderer;BoxCollider",1,1,1
"Assets/RecoveredMaps/IceFireMaze/Scenes/SceneMG.unity","墙壁 (97)","Transform;MeshFilter;MeshRenderer;BoxCollider",1,1,1
"Assets/RecoveredMaps/IceFireMaze/Scenes/SceneMG.unity","墙壁 (39)","Transform;MeshFilter;MeshRenderer;BoxCollider",1,1,1
"Assets/RecoveredMaps/IceFireMaze/Scenes/SceneMG.unity","墙壁 (209)","Transform;MeshFilter;MeshRenderer;BoxCollider",1,1,1
"Assets/RecoveredMaps/IceFireMaze/Scenes/SceneMG.unity","墙壁 (94)","Transform;MeshFilter;MeshRenderer;BoxCollider",1,1,1
"Assets/RecoveredMaps/IceFireMaze/Scenes/SceneMG.unity","墙壁 (108)","Transform;MeshFilter;MeshRenderer;BoxCollider",1,1,1
"Assets/RecoveredMaps/IceFireMaze/Scenes/SceneMG.unity","墙壁 (185)","Transform;MeshFilter;MeshRenderer;BoxCollider",1,1,1
"Assets/RecoveredMaps/IceFireMaze/Scenes/SceneMG.unity","墙壁 (31)","Transform;MeshFilter;MeshRenderer;BoxCollider",1,1,1
"Assets/RecoveredMaps/IceFireMaze/Scenes/SceneMG.unity","墙壁 (238)","Transform;MeshFilter;MeshRenderer;BoxCollider",1,1,1
"Assets/RecoveredMaps/IceFireMaze/Scenes/SceneMG.unity","墙壁 (30)","Transform;MeshFilter;MeshRenderer;BoxCollider",1,1,1
"Assets/RecoveredMaps/IceFireMaze/Scenes/SceneMG.unity","墙壁 (102)","Transform;MeshFilter;MeshRenderer;BoxCollider",1,1,1
"Assets/RecoveredMaps/IceFireMaze/Scenes/SceneMG.unity","墙壁 (5)","Transform;MeshFilter;MeshRenderer;BoxCollider",1,1,1
"Assets/RecoveredMaps/IceFireMaze/Scenes/SceneMG.unity","墙壁 (29)","Transform;MeshFilter;MeshRenderer;BoxCollider",1,1,1
"Assets/RecoveredMaps/IceFireMaze/Scenes/SceneMG.unity","墙壁 (2)","Transform;MeshFilter;MeshRenderer;BoxCollider",1,1,1
"Assets/RecoveredMaps/IceFireMaze/Scenes/SceneMG.unity","墙壁 (253)","Transform;MeshFilter;MeshRenderer;BoxCollider",1,1,1
"Assets/RecoveredMaps/IceFireMaze/Scenes/SceneMG.unity","墙壁 (101)","Transform;MeshFilter;MeshRenderer;BoxCollider",1,1,1
"Assets/RecoveredMaps/IceFireMaze/Scenes/SceneMG.unity","墙壁 (191)","Transform;MeshFilter;MeshRenderer;BoxCollider",1,1,1
"Assets/RecoveredMaps/IceFireMaze/Scenes/SceneMG.unity","墙壁 (176)","Transform;MeshFilter;MeshRenderer;BoxCollider",1,1,1
"Assets/RecoveredMaps/IceFireMaze/Scenes/SceneMG.unity","墙壁 (228)","Transform;MeshFilter;MeshRenderer;BoxCollider",1,1,1
"Assets/RecoveredMaps/IceFireMaze/Scenes/SceneMG.unity","墙壁 (162)","Transform;MeshFilter;MeshRenderer;BoxCollider",1,1,1
"Assets/RecoveredMaps/IceFireMaze/Scenes/SceneMG.unity","墙壁 (200)","Transform;MeshFilter;MeshRenderer;BoxCollider",1,1,1
"Assets/RecoveredMaps/IceFireMaze/Scenes/SceneMG.unity","墙壁 (89)","Transform;MeshFilter;MeshRenderer;BoxCollider",1,1,1
"Assets/RecoveredMaps/IceFireMaze/Scenes/SceneMG.unity","墙壁 (24)","Transform;MeshFilter;MeshRenderer;BoxCollider",1,1,1
"Assets/RecoveredMaps/IceFireMaze/Scenes/SceneMG.unity","墙壁 (67)","Transform;MeshFilter;MeshRenderer;BoxCollider",1,1,1
"Assets/RecoveredMaps/IceFireMaze/Scenes/SceneMG.unity","墙壁 (72)","Transform;MeshFilter;MeshRenderer;BoxCollider",1,1,1
"Assets/RecoveredMaps/IceFireMaze/Scenes/SceneMG.unity","墙壁 (231)","Transform;MeshFilter;MeshRenderer;BoxCollider",1,1,1
"Assets/RecoveredMaps/IceFireMaze/Scenes/SceneMG.unity","墙壁 (127)","Transform;MeshFilter;MeshRenderer;BoxCollider",1,1,1
"Assets/RecoveredMaps/IceFireMaze/Scenes/SceneMG.unity","墙壁 (220)","Transform;MeshFilter;MeshRenderer;BoxCollider",1,1,1
"Assets/RecoveredMaps/IceFireMaze/Scenes/SceneMG.unity","墙壁 (208)","Transform;MeshFilter;MeshRenderer;BoxCollider",1,1,1
"Assets/RecoveredMaps/IceFireMaze/Scenes/SceneMG.unity","墙壁 (15)","Transform;MeshFilter;MeshRenderer;BoxCollider",1,1,1
"Assets/RecoveredMaps/IceFireMaze/Scenes/SceneMG.unity","墙壁 (203)","Transform;MeshFilter;MeshRenderer;BoxCollider",1,1,1
"Assets/RecoveredMaps/IceFireMaze/Scenes/SceneMG.unity","墙壁 (44)","Transform;MeshFilter;MeshRenderer;BoxCollider",1,1,1
"Assets/RecoveredMaps/IceFireMaze/Scenes/SceneMG.unity","墙壁 (223)","Transform;MeshFilter;MeshRenderer;BoxCollider",1,1,1
"Assets/RecoveredMaps/IceFireMaze/Scenes/SceneMG.unity","墙壁 (167)","Transform;MeshFilter;MeshRenderer;BoxCollider",1,1,1
"Assets/RecoveredMaps/IceFireMaze/Scenes/SceneMG.unity","墙壁 (195)","Transform;MeshFilter;MeshRenderer;BoxCollider",1,1,1
"Assets/RecoveredMaps/IceFireMaze/Scenes/SceneMG.unity","墙壁 (118)","Transform;MeshFilter;MeshRenderer;BoxCollider",1,1,1
"Assets/RecoveredMaps/IceFireMaze/Scenes/SceneMG.unity","墙壁 (116)","Transform;MeshFilter;MeshRenderer;BoxCollider",1,1,1
"Assets/RecoveredMaps/IceFireMaze/Scenes/SceneMG.unity","墙壁 (245)","Transform;MeshFilter;MeshRenderer;BoxCollider",1,1,1
"Assets/RecoveredMaps/IceFireMaze/Scenes/SceneMG.unity","墙壁 (239)","Transform;MeshFilter;MeshRenderer;BoxCollider",1,1,1
"Assets/RecoveredMaps/IceFireMaze/Scenes/SceneMG.unity","墙壁 (1)","Transform;MeshFilter;MeshRenderer;BoxCollider",1,1,1
"Assets/RecoveredMaps/IceFireMaze/Scenes/SceneMG.unity","墙壁 (142)","Transform;MeshFilter;MeshRenderer;BoxCollider",1,1,1
"Assets/RecoveredMaps/IceFireMaze/Scenes/SceneMG.unity","墙壁 (124)","Transform;MeshFilter;MeshRenderer;BoxCollider",1,1,1
"Assets/RecoveredMaps/IceFireMaze/Scenes/SceneMG.unity","墙壁 (119)","Transform;MeshFilter;MeshRenderer;BoxCollider",1,1,1
"Assets/RecoveredMaps/IceFireMaze/Scenes/SceneMG.unity","墙壁 (100)","Transform;MeshFilter;MeshRenderer;BoxCollider",1,1,1
"Assets/RecoveredMaps/IceFireMaze/Scenes/SceneMG.unity","墙壁 (77)","Transform;MeshFilter;MeshRenderer;BoxCollider",1,1,1
"Assets/RecoveredMaps/IceFireMaze/Scenes/SceneMG.unity","墙壁 (257)","Transform;MeshFilter;MeshRenderer;BoxCollider",1,1,1
"Assets/RecoveredMaps/IceFireMaze/Scenes/SceneMG.unity","墙壁 (211)","Transform;MeshFilter;MeshRenderer;BoxCollider",1,1,1
"Assets/RecoveredMaps/IceFireMaze/Scenes/SceneMG.unity","墙壁 (225)","Transform;MeshFilter;MeshRenderer;BoxCollider",1,1,1
"Assets/RecoveredMaps/IceFireMaze/Scenes/SceneMG.unity","墙壁 (151)","Transform;MeshFilter;MeshRenderer;BoxCollider",1,1,1
"Assets/RecoveredMaps/IceFireMaze/Scenes/SceneMG.unity","墙壁 (83)","Transform;MeshFilter;MeshRenderer;BoxCollider",1,1,1
"Assets/RecoveredMaps/IceFireMaze/Scenes/SceneMG.unity","墙壁 (109)","Transform;MeshFilter;MeshRenderer;BoxCollider",1,1,1
"Assets/RecoveredMaps/IceFireMaze/Scenes/SceneMG.unity","墙壁 (126)","Transform;MeshFilter;MeshRenderer;BoxCollider",1,1,1
"Assets/RecoveredMaps/IceFireMaze/Scenes/SceneMG.unity","墙壁 (141)","Transform;MeshFilter;MeshRenderer;BoxCollider",1,1,1
"Assets/RecoveredMaps/IceFireMaze/Scenes/SceneMG.unity","墙壁 (68)","Transform;MeshFilter;MeshRenderer;BoxCollider",1,1,1
"Assets/RecoveredMaps/IceFireMaze/Scenes/SceneMG.unity","墙壁 (80)","Transform;MeshFilter;MeshRenderer;BoxCollider",1,1,1
"Assets/RecoveredMaps/IceFireMaze/Scenes/SceneMG.unity","墙壁 (212)","Transform;MeshFilter;MeshRenderer;BoxCollider",1,1,1
"Assets/RecoveredMaps/IceFireMaze/Scenes/SceneMG.unity","墙壁 (168)","Transform;MeshFilter;MeshRenderer;BoxCollider",1,1,1
"Assets/RecoveredMaps/IceFireMaze/Scenes/SceneMG.unity","墙壁 (215)","Transform;MeshFilter;MeshRenderer;BoxCollider",1,1,1
"Assets/RecoveredMaps/IceFireMaze/Scenes/SceneMG.unity","墙壁 (8)","Transform;MeshFilter;MeshRenderer;BoxCollider",1,1,1
"Assets/RecoveredMaps/IceFireMaze/Scenes/SceneMG.unity","墙壁 (132)","Transform;MeshFilter;MeshRenderer;BoxCollider",1,1,1
"Assets/RecoveredMaps/IceFireMaze/Scenes/SceneMG.unity","墙壁 (41)","Transform;MeshFilter;MeshRenderer;BoxCollider",1,1,1
"Assets/RecoveredMaps/IceFireMaze/Scenes/SceneMG.unity","墙壁 (65)","Transform;MeshFilter;MeshRenderer;BoxCollider",1,1,1
"Assets/RecoveredMaps/IceFireMaze/Scenes/SceneMG.unity","墙壁 (73)","Transform;MeshFilter;MeshRenderer;BoxCollider",1,1,1
"Assets/RecoveredMaps/IceFireMaze/Scenes/SceneMG.unity","墙壁 (246)","Transform;MeshFilter;MeshRenderer;BoxCollider",1,1,1
"Assets/RecoveredMaps/IceFireMaze/Scenes/SceneMG.unity","墙壁 (27)","Transform;MeshFilter;MeshRenderer;BoxCollider",1,1,1
"Assets/RecoveredMaps/IceFireMaze/Scenes/SceneMG.unity","墙壁 (47)","Transform;MeshFilter;MeshRenderer;BoxCollider",1,1,1
"Assets/RecoveredMaps/IceFireMaze/Scenes/SceneMG.unity","墙壁 (23)","Transform;MeshFilter;MeshRenderer;BoxCollider",1,1,1
"Assets/RecoveredMaps/IceFireMaze/Scenes/SceneMG.unity","墙壁 (199)","Transform;MeshFilter;MeshRenderer;BoxCollider",1,1,1
"Assets/RecoveredMaps/IceFireMaze/Scenes/SceneMG.unity","墙壁 (63)","Transform;MeshFilter;MeshRenderer;BoxCollider",1,1,1
"Assets/RecoveredMaps/IceFireMaze/Scenes/SceneMG.unity","墙壁 (198)","Transform;MeshFilter;MeshRenderer;BoxCollider",1,1,1
"Assets/RecoveredMaps/IceFireMaze/Scenes/SceneMG.unity","墙壁 (16)","Transform;MeshFilter;MeshRenderer;BoxCollider",1,1,1
"Assets/RecoveredMaps/IceFireMaze/Scenes/SceneMG.unity","墙壁 (137)","Transform;MeshFilter;MeshRenderer;BoxCollider",1,1,1
"Assets/RecoveredMaps/IceFireMaze/Scenes/SceneMG.unity","墙壁 (14)","Transform;MeshFilter;MeshRenderer;BoxCollider",1,1,1
"Assets/RecoveredMaps/IceFireMaze/Scenes/SceneMG.unity","墙壁 (103)","Transform;MeshFilter;MeshRenderer;BoxCollider",1,1,1
"Assets/RecoveredMaps/IceFireMaze/Scenes/SceneMG.unity","墙壁 (234)","Transform;MeshFilter;MeshRenderer;BoxCollider",1,1,1
"Assets/RecoveredMaps/IceFireMaze/Scenes/SceneMG.unity","墙壁 (36)","Transform;MeshFilter;MeshRenderer;BoxCollider",1,1,1
"Assets/RecoveredMaps/IceFireMaze/Scenes/SceneMG.unity","墙壁 (117)","Transform;MeshFilter;MeshRenderer;BoxCollider",1,1,1
"Assets/RecoveredMaps/IceFireMaze/Scenes/SceneMG.unity","墙壁 (252)","Transform;MeshFilter;MeshRenderer;BoxCollider",1,1,1
"Assets/RecoveredMaps/IceFireMaze/Scenes/SceneMG.unity","墙壁 (58)","Transform;MeshFilter;MeshRenderer;BoxCollider",1,1,1
"Assets/RecoveredMaps/IceFireMaze/Scenes/SceneMG.unity","墙壁 (177)","Transform;MeshFilter;MeshRenderer;BoxCollider",1,1,1
"Assets/RecoveredMaps/IceFireMaze/Scenes/SceneMG.unity","墙壁 (129)","Transform;MeshFilter;MeshRenderer;BoxCollider",1,1,1
"Assets/RecoveredMaps/IceFireMaze/Scenes/SceneMG.unity","墙壁 (35)","Transform;MeshFilter;MeshRenderer;BoxCollider",1,1,1
"Assets/RecoveredMaps/IceFireMaze/Scenes/SceneMG.unity","墙壁 (217)","Transform;MeshFilter;MeshRenderer;BoxCollider",1,1,1
"Assets/RecoveredMaps/IceFireMaze/Scenes/SceneMG.unity","墙壁 (174)","Transform;MeshFilter;MeshRenderer;BoxCollider",1,1,1
"Assets/RecoveredMaps/IceFireMaze/Scenes/SceneMG.unity","墙壁 (140)","Transform;MeshFilter;MeshRenderer;BoxCollider",1,1,1
"Assets/RecoveredMaps/IceFireMaze/Scenes/SceneMG.unity","墙壁 (138)","Transform;MeshFilter;MeshRenderer;BoxCollider",1,1,1
"Assets/RecoveredMaps/IceFireMaze/Scenes/SceneMG.unity","墙壁 (197)","Transform;MeshFilter;MeshRenderer;BoxCollider",1,1,1
"Assets/RecoveredMaps/IceFireMaze/Scenes/SceneMG.unity","墙壁 (86)","Transform;MeshFilter;MeshRenderer;BoxCollider",1,1,1
"Assets/RecoveredMaps/IceFireMaze/Scenes/SceneMG.unity","墙壁 (125)","Transform;MeshFilter;MeshRenderer;BoxCollider",1,1,1
"Assets/RecoveredMaps/IceFireMaze/Scenes/SceneMG.unity","墙壁 (179)","Transform;MeshFilter;MeshRenderer;BoxCollider",1,1,1
"Assets/RecoveredMaps/IceFireMaze/Scenes/SceneMG.unity","墙壁 (207)","Transform;MeshFilter;MeshRenderer;BoxCollider",1,1,1
"Assets/RecoveredMaps/IceFireMaze/Scenes/SceneMG.unity","墙壁 (49)","Transform;MeshFilter;MeshRenderer;BoxCollider",1,1,1
"Assets/RecoveredMaps/IceFireMaze/Scenes/SceneMG.unity","墙壁 (169)","Transform;MeshFilter;MeshRenderer;BoxCollider",1,1,1
"Assets/RecoveredMaps/IceFireMaze/Scenes/SceneMG.unity","墙壁 (224)","Transform;MeshFilter;MeshRenderer;BoxCollider",1,1,1
"Assets/RecoveredMaps/IceFireMaze/Scenes/SceneMG.unity","墙壁 (54)","Transform;MeshFilter;MeshRenderer;BoxCollider",1,1,1
"Assets/RecoveredMaps/IceFireMaze/Scenes/SceneMG.unity","墙壁 (111)","Transform;MeshFilter;MeshRenderer;BoxCollider",1,1,1
"Assets/RecoveredMaps/IceFireMaze/Scenes/SceneMG.unity","墙壁 (115)","Transform;MeshFilter;MeshRenderer;BoxCollider",1,1,1
"Assets/RecoveredMaps/IceFireMaze/Scenes/SceneMG.unity","墙壁 (114)","Transform;MeshFilter;MeshRenderer;BoxCollider",1,1,1
"Assets/RecoveredMaps/IceFireMaze/Scenes/SceneMG.unity","墙壁 (99)","Transform;MeshFilter;MeshRenderer;BoxCollider",1,1,1
"Assets/RecoveredMaps/IceFireMaze/Scenes/SceneMG.unity","墙壁 (145)","Transform;MeshFilter;MeshRenderer;BoxCollider",1,1,1
"Assets/RecoveredMaps/IceFireMaze/Scenes/SceneMG.unity","墙壁 (178)","Transform;MeshFilter;MeshRenderer;BoxCollider",1,1,1
"Assets/RecoveredMaps/IceFireMaze/Scenes/SceneMG.unity","墙壁 (222)","Transform;MeshFilter;MeshRenderer;BoxCollider",1,1,1
"Assets/RecoveredMaps/IceFireMaze/Scenes/SceneMG.unity","墙壁 (196)","Transform;MeshFilter;MeshRenderer;BoxCollider",1,1,1
"Assets/RecoveredMaps/IceFireMaze/Scenes/SceneMG.unity","墙壁 (10)","Transform;MeshFilter;MeshRenderer;BoxCollider",1,1,1
"Assets/RecoveredMaps/IceFireMaze/Scenes/SceneMG.unity","墙壁 (164)","Transform;MeshFilter;MeshRenderer;BoxCollider",1,1,1
"Assets/RecoveredMaps/IceFireMaze/Scenes/SceneMG.unity","墙壁 (154)","Transform;MeshFilter;MeshRenderer;BoxCollider",1,1,1
"Assets/RecoveredMaps/IceFireMaze/Scenes/SceneMG.unity","墙壁 (153)","Transform;MeshFilter;MeshRenderer;BoxCollider",1,1,1
"Assets/RecoveredMaps/IceFireMaze/Scenes/SceneMG.unity","墙壁 (75)","Transform;MeshFilter;MeshRenderer;BoxCollider",1,1,1
"Assets/RecoveredMaps/IceFireMaze/Scenes/SceneMG.unity","墙壁 (230)","Transform;MeshFilter;MeshRenderer;BoxCollider",1,1,1
"Assets/RecoveredMaps/IceFireMaze/Scenes/SceneMG.unity","墙壁 (33)","Transform;MeshFilter;MeshRenderer;BoxCollider",1,1,1
"Assets/RecoveredMaps/IceFireMaze/Scenes/SceneMG.unity","墙壁 (22)","Transform;MeshFilter;MeshRenderer;BoxCollider",1,1,1
"Assets/RecoveredMaps/IceFireMaze/Scenes/SceneMG.unity","墙壁 (85)","Transform;MeshFilter;MeshRenderer;BoxCollider",1,1,1
"Assets/RecoveredMaps/IceFireMaze/Scenes/SceneMG.unity","墙壁 (166)","Transform;MeshFilter;MeshRenderer;BoxCollider",1,1,1
"Assets/RecoveredMaps/IceFireMaze/Scenes/SceneMG.unity","墙壁 (232)","Transform;MeshFilter;MeshRenderer;BoxCollider",1,1,1
"Assets/RecoveredMaps/IceFireMaze/Scenes/SceneMG.unity","墙壁 (218)","Transform;MeshFilter;MeshRenderer;BoxCollider",1,1,1
"Assets/RecoveredMaps/IceFireMaze/Scenes/SceneMG.unity","墙壁 (40)","Transform;MeshFilter;MeshRenderer;BoxCollider",1,1,1
"Assets/RecoveredMaps/IceFireMaze/Scenes/SceneMG.unity","墙壁 (260)","Transform;MeshFilter;MeshRenderer;BoxCollider",1,1,1
"Assets/RecoveredMaps/IceFireMaze/Scenes/SceneMG.unity","墙壁 (244)","Transform;MeshFilter;MeshRenderer;BoxCollider",1,1,1
"Assets/RecoveredMaps/IceFireMaze/Scenes/SceneMG.unity","墙壁 (183)","Transform;MeshFilter;MeshRenderer;BoxCollider",1,1,1
"Assets/RecoveredMaps/IceFireMaze/Scenes/SceneMG.unity","墙壁 (210)","Transform;MeshFilter;MeshRenderer;BoxCollider",1,1,1
"Assets/RecoveredMaps/IceFireMaze/Scenes/SceneMG.unity","墙壁 (229)","Transform;MeshFilter;MeshRenderer;BoxCollider",1,1,1
"Assets/RecoveredMaps/IceFireMaze/Scenes/SceneMG.unity","墙壁 (92)","Transform;MeshFilter;MeshRenderer;BoxCollider",1,1,1
"Assets/RecoveredMaps/IceFireMaze/Scenes/SceneMG.unity","墙壁 (136)","Transform;MeshFilter;MeshRenderer;BoxCollider",1,1,1
"Assets/RecoveredMaps/IceFireMaze/Scenes/SceneMG.unity","墙壁 (219)","Transform;MeshFilter;MeshRenderer;BoxCollider",1,1,1
"Assets/RecoveredMaps/IceFireMaze/Scenes/SceneMG.unity","墙壁 (133)","Transform;MeshFilter;MeshRenderer;BoxCollider",1,1,1
"Assets/RecoveredMaps/IceFireMaze/Scenes/SceneMG.unity","墙壁 (95)","Transform;MeshFilter;MeshRenderer;BoxCollider",1,1,1
"Assets/RecoveredMaps/IceFireMaze/Scenes/SceneMG.unity","墙壁 (249)","Transform;MeshFilter;MeshRenderer;BoxCollider",1,1,1
"Assets/RecoveredMaps/IceFireMaze/Scenes/SceneMG.unity","墙壁 (42)","Transform;MeshFilter;MeshRenderer;BoxCollider",1,1,1
"Assets/RecoveredMaps/IceFireMaze/Scenes/SceneMG.unity","墙壁 (147)","Transform;MeshFilter;MeshRenderer;BoxCollider",1,1,1
"Assets/RecoveredMaps/IceFireMaze/Scenes/SceneMG.unity","墙壁 (148)","Transform;MeshFilter;MeshRenderer;BoxCollider",1,1,1
"Assets/RecoveredMaps/IceFireMaze/Scenes/SceneMG.unity","墙壁 (227)","Transform;MeshFilter;MeshRenderer;BoxCollider",1,1,1
"Assets/RecoveredMaps/IceFireMaze/Scenes/SceneMG.unity","墙壁 (189)","Transform;MeshFilter;MeshRenderer;BoxCollider",1,1,1
"Assets/RecoveredMaps/IceFireMaze/Scenes/SceneMG.unity","墙壁 (122)","Transform;MeshFilter;MeshRenderer;BoxCollider",1,1,1
"Assets/RecoveredMaps/IceFireMaze/Scenes/SceneMG.unity","墙壁 (50)","Transform;MeshFilter;MeshRenderer;BoxCollider",1,1,1
"Assets/RecoveredMaps/IceFireMaze/Scenes/SceneMG.unity","墙壁 (62)","Transform;MeshFilter;MeshRenderer;BoxCollider",1,1,1
"Assets/RecoveredMaps/IceFireMaze/Scenes/SceneMG.unity","墙壁 (93)","Transform;MeshFilter;MeshRenderer;BoxCollider",1,1,1
"Assets/RecoveredMaps/IceFireMaze/Scenes/SceneMG.unity","墙壁 (121)","Transform;MeshFilter;MeshRenderer;BoxCollider",1,1,1
"Assets/RecoveredMaps/IceFireMaze/Scenes/SceneMG.unity","墙壁 (190)","Transform;MeshFilter;MeshRenderer;BoxCollider",1,1,1
"Assets/RecoveredMaps/IceFireMaze/Scenes/SceneMG.unity","墙壁 (172)","Transform;MeshFilter;MeshRenderer;BoxCollider",1,1,1
"Assets/RecoveredMaps/IceFireMaze/Scenes/SceneMG.unity","墙壁 (173)","Transform;MeshFilter;MeshRenderer;BoxCollider",1,1,1
"Assets/RecoveredMaps/IceFireMaze/Scenes/SceneMG.unity","墙壁 (106)","Transform;MeshFilter;MeshRenderer;BoxCollider",1,1,1
"Assets/RecoveredMaps/IceFireMaze/Scenes/SceneMG.unity","墙壁 (34)","Transform;MeshFilter;MeshRenderer;BoxCollider",1,1,1
"Assets/RecoveredMaps/IceFireMaze/Scenes/SceneMG.unity","墙壁 (202)","Transform;MeshFilter;MeshRenderer;BoxCollider",1,1,1
"Assets/RecoveredMaps/IceFireMaze/Scenes/SceneMG.unity","墙壁 (236)","Transform;MeshFilter;MeshRenderer;BoxCollider",1,1,1
"Assets/RecoveredMaps/IceFireMaze/Scenes/SceneMG.unity","墙壁 (131)","Transform;MeshFilter;MeshRenderer;BoxCollider",1,1,1
"Assets/RecoveredMaps/IceFireMaze/Scenes/SceneMG.unity","墙壁 (57)","Transform;MeshFilter;MeshRenderer;BoxCollider",1,1,1
"Assets/RecoveredMaps/IceFireMaze/Scenes/SceneMG.unity","墙壁 (135)","Transform;MeshFilter;MeshRenderer;BoxCollider",1,1,1
"Assets/RecoveredMaps/IceFireMaze/Scenes/SceneMG.unity","墙壁 (182)","Transform;MeshFilter;MeshRenderer;BoxCollider",1,1,1
"Assets/RecoveredMaps/IceFireMaze/Scenes/SceneMG.unity","墙壁 (7)","Transform;MeshFilter;MeshRenderer;BoxCollider",1,1,1
"Assets/RecoveredMaps/IceFireMaze/Scenes/SceneMG.unity","墙壁 (237)","Transform;MeshFilter;MeshRenderer;BoxCollider",1,1,1
"Assets/RecoveredMaps/IceFireMaze/Scenes/SceneMG.unity","墙壁 (25)","Transform;MeshFilter;MeshRenderer;BoxCollider",1,1,1
"Assets/RecoveredMaps/IceFireMaze/Scenes/SceneMG.unity","墙壁 (206)","Transform;MeshFilter;MeshRenderer;BoxCollider",1,1,1
"Assets/RecoveredMaps/IceFireMaze/Scenes/SceneMG.unity","墙壁 (256)","Transform;MeshFilter;MeshRenderer;BoxCollider",1,1,1
"Assets/RecoveredMaps/IceFireMaze/Scenes/SceneMG.unity","墙壁 (134)","Transform;MeshFilter;MeshRenderer;BoxCollider",1,1,1
"Assets/RecoveredMaps/IceFireMaze/Scenes/SceneMG.unity","墙壁 (233)","Transform;MeshFilter;MeshRenderer;BoxCollider",1,1,1
"Assets/RecoveredMaps/IceFireMaze/Scenes/SceneMG.unity","墙壁 (96)","Transform;MeshFilter;MeshRenderer;BoxCollider",1,1,1
"Assets/RecoveredMaps/IceFireMaze/Scenes/SceneMG.unity","墙壁 (120)","Transform;MeshFilter;MeshRenderer;BoxCollider",1,1,1
"Assets/RecoveredMaps/IceFireMaze/Scenes/SceneMG.unity","墙壁 (70)","Transform;MeshFilter;MeshRenderer;BoxCollider",1,1,1
"Assets/RecoveredMaps/IceFireMaze/Scenes/SceneMG.unity","墙壁 (161)","Transform;MeshFilter;MeshRenderer;BoxCollider",1,1,1
"Assets/RecoveredMaps/IceFireMaze/Scenes/SceneMG.unity","墙壁 (146)","Transform;MeshFilter;MeshRenderer;BoxCollider",1,1,1
"Assets/RecoveredMaps/IceFireMaze/Scenes/SceneMG.unity","墙壁 (188)","Transform;MeshFilter;MeshRenderer;BoxCollider",1,1,1
"Assets/RecoveredMaps/IceFireMaze/Scenes/SceneMG.unity","墙壁 (81)","Transform;MeshFilter;MeshRenderer;BoxCollider",1,1,1
"Assets/RecoveredMaps/IceFireMaze/Scenes/SceneMG.unity","墙壁 (143)","Transform;MeshFilter;MeshRenderer;BoxCollider",1,1,1
"Assets/RecoveredMaps/IceFireMaze/Scenes/SceneMG.unity","墙壁 (216)","Transform;MeshFilter;MeshRenderer;BoxCollider",1,1,1
"Assets/RecoveredMaps/IceFireMaze/Scenes/SceneMG.unity","墙壁 (84)","Transform;MeshFilter;MeshRenderer;BoxCollider",1,1,1
"Assets/RecoveredMaps/IceFireMaze/Scenes/SceneMG.unity","墙壁 (184)","Transform;MeshFilter;MeshRenderer;BoxCollider",1,1,1
"Assets/RecoveredMaps/IceFireMaze/Scenes/SceneMG.unity","墙壁 (221)","Transform;MeshFilter;MeshRenderer;BoxCollider",1,1,1
"Assets/RecoveredMaps/IceFireMaze/Scenes/SceneMG.unity","墙壁 (32)","Transform;MeshFilter;MeshRenderer;BoxCollider",1,1,1
"Assets/RecoveredMaps/IceFireMaze/Scenes/SceneMG.unity","墙壁 (90)","Transform;MeshFilter;MeshRenderer;BoxCollider",1,1,1
"Assets/RecoveredMaps/IceFireMaze/Scenes/SceneMG.unity","墙壁 (123)","Transform;MeshFilter;MeshRenderer;BoxCollider",1,1,1
"Assets/RecoveredMaps/IceFireMaze/Scenes/SceneMG.unity","墙壁 (247)","Transform;MeshFilter;MeshRenderer;BoxCollider",1,1,1
"Assets/RecoveredMaps/IceFireMaze/Scenes/SceneMG.unity","墙壁 (194)","Transform;MeshFilter;MeshRenderer;BoxCollider",1,1,1
"Assets/RecoveredMaps/IceFireMaze/Scenes/SceneMG.unity","墙壁 (193)","Transform;MeshFilter;MeshRenderer;BoxCollider",1,1,1
"Assets/RecoveredMaps/IceFireMaze/Scenes/SceneMG.unity","墙壁 (61)","Transform;MeshFilter;MeshRenderer;BoxCollider",1,1,1
"Assets/RecoveredMaps/IceFireMaze/Scenes/SceneMG.unity","墙壁 (59)","Transform;MeshFilter;MeshRenderer;BoxCollider",1,1,1
"Assets/RecoveredMaps/IceFireMaze/Scenes/SceneMG.unity","墙壁 (55)","Transform;MeshFilter;MeshRenderer;BoxCollider",1,1,1
"Assets/RecoveredMaps/IceFireMaze/Scenes/SceneMG.unity","墙壁 (170)","Transform;MeshFilter;MeshRenderer;BoxCollider",1,1,1
"Assets/RecoveredMaps/IceFireMaze/Scenes/SceneMG.unity","墙壁 (45)","Transform;MeshFilter;MeshRenderer;BoxCollider",1,1,1
"Assets/RecoveredMaps/IceFireMaze/Scenes/SceneMG.unity","墙壁 (150)","Transform;MeshFilter;MeshRenderer;BoxCollider",1,1,1
"Assets/RecoveredMaps/IceFireMaze/Scenes/SceneMG.unity","墙壁 (181)","Transform;MeshFilter;MeshRenderer;BoxCollider",1,1,1
"Assets/RecoveredMaps/IceFireMaze/Scenes/SceneMG.unity","墙壁 (241)","Transform;MeshFilter;MeshRenderer;BoxCollider",1,1,1
"Assets/RecoveredMaps/IceFireMaze/Scenes/SceneMG.unity","墙壁 (52)","Transform;MeshFilter;MeshRenderer;BoxCollider",1,1,1
"Assets/RecoveredMaps/IceFireMaze/Scenes/SceneMG.unity","墙壁 (98)","Transform;MeshFilter;MeshRenderer;BoxCollider",1,1,1
"Assets/RecoveredMaps/IceFireMaze/Scenes/SceneMG.unity","墙壁 (51)","Transform;MeshFilter;MeshRenderer;BoxCollider",1,1,1
"Assets/RecoveredMaps/IceFireMaze/Scenes/SceneMG.unity","墙壁 (171)","Transform;MeshFilter;MeshRenderer;BoxCollider",1,1,1
"Assets/RecoveredMaps/IceFireMaze/Scenes/SceneMG.unity","墙壁 (74)","Transform;MeshFilter;MeshRenderer;BoxCollider",1,1,1
"Assets/RecoveredMaps/IceFireMaze/Scenes/SceneMG.unity","墙壁 (53)","Transform;MeshFilter;MeshRenderer;BoxCollider",1,1,1
"Assets/RecoveredMaps/IceFireMaze/Scenes/SceneMG.unity","墙壁 (104)","Transform;MeshFilter;MeshRenderer;BoxCollider",1,1,1
"Assets/RecoveredMaps/IceFireMaze/Scenes/SceneMG.unity","墙壁 (205)","Transform;MeshFilter;MeshRenderer;BoxCollider",1,1,1
"Assets/RecoveredMaps/IceFireMaze/Scenes/SceneMG.unity","墙壁 (250)","Transform;MeshFilter;MeshRenderer;BoxCollider",1,1,1
"Assets/RecoveredMaps/IceFireMaze/Scenes/SceneMG.unity","墙壁 (82)","Transform;MeshFilter;MeshRenderer;BoxCollider",1,1,1
"Assets/RecoveredMaps/IceFireMaze/Scenes/SceneMG.unity","墙壁 (4)","Transform;MeshFilter;MeshRenderer;BoxCollider",1,1,1
"Assets/RecoveredMaps/IceFireMaze/Scenes/SceneMG.unity","墙壁 (144)","Transform;MeshFilter;MeshRenderer;BoxCollider",1,1,1
"Assets/RecoveredMaps/IceFireMaze/Scenes/SceneMG.unity","墙壁 (152)","Transform;MeshFilter;MeshRenderer;BoxCollider",1,1,1
"Assets/RecoveredMaps/IceFireMaze/Scenes/SceneMG.unity","墙壁 (175)","Transform;MeshFilter;MeshRenderer;BoxCollider",1,1,1
"Assets/RecoveredMaps/IceFireMaze/Scenes/SceneMG.unity","墙壁 (88)","Transform;MeshFilter;MeshRenderer;BoxCollider",1,1,1
"Assets/RecoveredMaps/IceFireMaze/Scenes/SceneMG.unity","墙壁 (130)","Transform;MeshFilter;MeshRenderer;BoxCollider",1,1,1
"Assets/RecoveredMaps/IceFireMaze/Scenes/SceneMG.unity","墙壁 (157)","Transform;MeshFilter;MeshRenderer;BoxCollider",1,1,1
"Assets/RecoveredMaps/IceFireMaze/Scenes/SceneMG.unity","墙壁 (66)","Transform;MeshFilter;MeshRenderer;BoxCollider",1,1,1
"Assets/RecoveredMaps/IceFireMaze/Scenes/SceneMG.unity","墙壁 (259)","Transform;MeshFilter;MeshRenderer;BoxCollider",1,1,1
"Assets/RecoveredMaps/IceFireMaze/Scenes/SceneMG.unity","墙壁 (19)","Transform;MeshFilter;MeshRenderer;BoxCollider",1,1,1
"Assets/RecoveredMaps/IceFireMaze/Scenes/SceneMG.unity","墙壁 (46)","Transform;MeshFilter;MeshRenderer;BoxCollider",1,1,1
"Assets/RecoveredMaps/IceFireMaze/Scenes/SceneMG.unity","墙壁 (128)","Transform;MeshFilter;MeshRenderer;BoxCollider",1,1,1
"Assets/RecoveredMaps/IceFireMaze/Scenes/SceneMG.unity","墙壁 (248)","Transform;MeshFilter;MeshRenderer;BoxCollider",1,1,1
"Assets/RecoveredMaps/IceFireMaze/Scenes/SceneMG.unity","墙壁 (12)","Transform;MeshFilter;MeshRenderer;BoxCollider",1,1,1
"Assets/RecoveredMaps/IceFireMaze/Scenes/SceneMG.unity","墙壁 (6)","Transform;MeshFilter;MeshRenderer;BoxCollider",1,1,1
"Assets/RecoveredMaps/IceFireMaze/Scenes/SceneMG.unity","墙壁 (69)","Transform;MeshFilter;MeshRenderer;BoxCollider",1,1,1
"Assets/RecoveredMaps/IceFireMaze/Scenes/SceneMG.unity","墙壁 (160)","Transform;MeshFilter;MeshRenderer;BoxCollider",1,1,1
"Assets/RecoveredMaps/IceFireMaze/Scenes/SceneMG.unity","墙壁 (13)","Transform;MeshFilter;MeshRenderer;BoxCollider",1,1,1
"Assets/RecoveredMaps/IceFireMaze/Scenes/SceneMG.unity","墙壁 (28)","Transform;MeshFilter;MeshRenderer;BoxCollider",1,1,1
"Assets/RecoveredMaps/IceFireMaze/Scenes/SceneMG.unity","墙壁 (186)","Transform;MeshFilter;MeshRenderer;BoxCollider",1,1,1
"Assets/RecoveredMaps/IceFireMaze/Scenes/SceneMG.unity","墙壁 (38)","Transform;MeshFilter;MeshRenderer;BoxCollider",1,1,1
"Assets/RecoveredMaps/IceFireMaze/Scenes/SceneMG.unity","墙壁 (155)","Transform;MeshFilter;MeshRenderer;BoxCollider",1,1,1
"Assets/RecoveredMaps/IceFireMaze/Scenes/SceneMG.unity","墙壁 (156)","Transform;MeshFilter;MeshRenderer;BoxCollider",1,1,1
"Assets/RecoveredMaps/IceFireMaze/Scenes/SceneMG.unity","墙壁 (91)","Transform;MeshFilter;MeshRenderer;BoxCollider",1,1,1
"Assets/RecoveredMaps/IceFireMaze/Scenes/SceneMG.unity","墙壁 (251)","Transform;MeshFilter;MeshRenderer;BoxCollider",1,1,1
"Assets/RecoveredMaps/IceFireMaze/Scenes/SceneMG.unity","墙壁 (76)","Transform;MeshFilter;MeshRenderer;BoxCollider",1,1,1
"Assets/RecoveredMaps/IceFireMaze/Scenes/SceneMG.unity","墙壁 (105)","Transform;MeshFilter;MeshRenderer;BoxCollider",1,1,1
"Assets/RecoveredMaps/IceFireMaze/Scenes/SceneMG.unity","墙壁 (9)","Transform;MeshFilter;MeshRenderer;BoxCollider",1,1,1
"Assets/RecoveredMaps/IceFireMaze/Scenes/SceneMG.unity","墙壁 (255)","Transform;MeshFilter;MeshRenderer;BoxCollider",1,1,1
"Assets/RecoveredMaps/IceFireMaze/Scenes/SceneMG.unity","墙壁 (3)","Transform;MeshFilter;MeshRenderer;BoxCollider",1,1,1
"Assets/RecoveredMaps/IceFireMaze/Scenes/SceneMG.unity","墙壁 (43)","Transform;MeshFilter;MeshRenderer;BoxCollider",1,1,1
"Assets/RecoveredMaps/IceFireMaze/Scenes/SceneMG.unity","墙壁 (17)","Transform;MeshFilter;MeshRenderer;BoxCollider",1,1,1
"Assets/RecoveredMaps/IceFireMaze/Scenes/SceneMG.unity","墙壁 (187)","Transform;MeshFilter;MeshRenderer;BoxCollider",1,1,1
"Assets/RecoveredMaps/IceFireMaze/Scenes/SceneMG.unity","墙壁","Transform;MeshFilter;MeshRenderer;BoxCollider",1,1,1
"Assets/RecoveredMaps/IceFireMaze/Scenes/SceneMG.unity","Canvas","RectTransform;Canvas;CanvasScaler;GraphicRaycaster",0,0,4
"Assets/RecoveredMaps/JunePyramid/金字塔/Scenep.unity","Cube","Transform;MeshFilter;MeshRenderer;BoxCollider",1,1,1
"Assets/RecoveredMaps/JunePyramid/金字塔/Scenep.unity","Cube (12)","Transform;MeshFilter;MeshRenderer;BoxCollider",1,1,1
"Assets/RecoveredMaps/JunePyramid/金字塔/Scenep.unity","Cylinder (3)","Transform;MeshFilter;MeshRenderer;CapsuleCollider",1,1,1
"Assets/RecoveredMaps/JunePyramid/金字塔/Scenep.unity","Cylinder (6)","Transform;MeshFilter;MeshRenderer;CapsuleCollider",1,1,1
"Assets/RecoveredMaps/JunePyramid/金字塔/Scenep.unity","test_one","Transform;CharacterController",0,1,4
"Assets/RecoveredMaps/JunePyramid/金字塔/Scenep.unity","Directional Light","Transform;Light",0,0,1
"Assets/RecoveredMaps/JunePyramid/金字塔/Scenep.unity","Cube (4)","Transform;MeshFilter;MeshRenderer;BoxCollider",1,1,1
"Assets/RecoveredMaps/JunePyramid/金字塔/Scenep.unity","Cube (3)","Transform;MeshFilter;MeshRenderer;BoxCollider",1,1,1
"Assets/RecoveredMaps/JunePyramid/金字塔/Scenep.unity","Cube (10)","Transform;MeshFilter;MeshRenderer;BoxCollider",1,1,1
"Assets/RecoveredMaps/JunePyramid/金字塔/Scenep.unity","Cube (8)","Transform;MeshFilter;MeshRenderer;BoxCollider",1,1,1
"Assets/RecoveredMaps/JunePyramid/金字塔/Scenep.unity","Cube (11)","Transform;MeshFilter;MeshRenderer;BoxCollider",1,1,1
"Assets/RecoveredMaps/JunePyramid/金字塔/Scenep.unity","EventSystem","Transform;EventSystem;StandaloneInputModule",0,0,1
"Assets/RecoveredMaps/JunePyramid/金字塔/Scenep.unity","Cylinder (5)","Transform;MeshFilter;MeshRenderer;CapsuleCollider",1,1,1
"Assets/RecoveredMaps/JunePyramid/金字塔/Scenep.unity","Cube (1)","Transform;MeshFilter;MeshRenderer;BoxCollider",1,1,1
"Assets/RecoveredMaps/JunePyramid/金字塔/Scenep.unity","三棱柱","Transform;MeshCollider;BoxCollider",1,2,2
"Assets/RecoveredMaps/JunePyramid/金字塔/Scenep.unity","Cylinder","Transform;MeshFilter;MeshRenderer;CapsuleCollider",1,1,1
"Assets/RecoveredMaps/JunePyramid/金字塔/Scenep.unity","BGM","Transform;AudioSource",0,0,1
"Assets/RecoveredMaps/JunePyramid/金字塔/Scenep.unity","Cube (5)","Transform;MeshFilter;MeshRenderer;BoxCollider",1,1,1
"Assets/RecoveredMaps/JunePyramid/金字塔/Scenep.unity","Cube (9)","Transform;MeshFilter;MeshRenderer;BoxCollider",1,1,1
"Assets/RecoveredMaps/JunePyramid/金字塔/Scenep.unity","Quad","Transform;MeshFilter;MeshRenderer;MeshCollider",1,1,1
"Assets/RecoveredMaps/JunePyramid/金字塔/Scenep.unity","Cube (2)","Transform;MeshFilter;MeshRenderer;BoxCollider",1,1,1
"Assets/RecoveredMaps/JunePyramid/金字塔/Scenep.unity","Cube (6)","Transform;MeshFilter;MeshRenderer;BoxCollider",1,1,1
"Assets/RecoveredMaps/JunePyramid/金字塔/Scenep.unity","Cylinder (2)","Transform;MeshFilter;MeshRenderer;CapsuleCollider",1,1,1
"Assets/RecoveredMaps/JunePyramid/金字塔/Scenep.unity","Cylinder (1)","Transform;MeshFilter;MeshRenderer;CapsuleCollider",1,1,1
"Assets/RecoveredMaps/JunePyramid/金字塔/Scenep.unity","Cube (7)","Transform;MeshFilter;MeshRenderer;BoxCollider",1,1,1
"Assets/RecoveredMaps/JunePyramid/金字塔/Scenep.unity","开场","Transform;AudioSource",0,0,1
"Assets/RecoveredMaps/JunePyramid/金字塔/Scenep.unity","Cylinder (4)","Transform;MeshFilter;MeshRenderer;CapsuleCollider",1,1,1
"Assets/RecoveredMaps/JunePyramid/金字塔/Scenep.unity","Cube (13)","Transform;MeshFilter;MeshRenderer;BoxCollider",1,1,1
"Assets/RecoveredMaps/JunePyramid/金字塔/Scenep.unity","金字塔","Transform;Animator",368,293,403
"Assets/RecoveredMaps/JunePyramid/金字塔/Scenep.unity","file","Transform",12,0,13
"Assets/RecoveredMaps/JunePyramid/金字塔/Scenep.unity","Canvas","RectTransform;Canvas;CanvasScaler;GraphicRaycaster",0,0,1
"Assets/RecoveredMaps/JunePyramid/金字塔/Scenep.unity","Canvas (1)","RectTransform;Canvas;CanvasScaler;GraphicRaycaster",0,0,11
"Assets/RecoveredMaps/NewConstructionSite/gd.unity","Plane","Transform;MeshFilter;MeshRenderer;MeshCollider",1,1,1
"Assets/RecoveredMaps/NewConstructionSite/gd.unity","fangzi (3)","Transform;MeshFilter;MeshRenderer;BoxCollider",5,5,5
"Assets/RecoveredMaps/NewConstructionSite/gd.unity","Quad","Transform;MeshFilter;MeshRenderer;MeshCollider",1,1,1
"Assets/RecoveredMaps/NewConstructionSite/gd.unity","Cube (1)","Transform;MeshFilter;MeshRenderer;BoxCollider",1,1,1
"Assets/RecoveredMaps/NewConstructionSite/gd.unity","Cube (2)","Transform;MeshFilter;MeshRenderer;BoxCollider",1,1,1
"Assets/RecoveredMaps/NewConstructionSite/gd.unity","fangzi (2)","Transform;MeshFilter;MeshRenderer;BoxCollider",5,5,5
"Assets/RecoveredMaps/NewConstructionSite/gd.unity","hero","Transform;Animator;MouseLook;CharacterController",5,1,71
"Assets/RecoveredMaps/NewConstructionSite/gd.unity","Quad (2)","Transform;MeshFilter;MeshRenderer;MeshCollider",1,1,1
"Assets/RecoveredMaps/NewConstructionSite/gd.unity","Cube","Transform;MeshFilter;MeshRenderer;BoxCollider",1,1,1
"Assets/RecoveredMaps/NewConstructionSite/gd.unity","Cube (4)","Transform;MeshFilter;MeshRenderer;BoxCollider",1,1,1
"Assets/RecoveredMaps/NewConstructionSite/gd.unity","Cube (3)","Transform;MeshFilter;MeshRenderer;BoxCollider",1,1,1
"Assets/RecoveredMaps/NewConstructionSite/gd.unity","Cube (5)","Transform;MeshFilter;MeshRenderer;BoxCollider",1,1,1
"Assets/RecoveredMaps/NewConstructionSite/gd.unity","fangzi","Transform;MeshFilter;MeshRenderer;BoxCollider",5,5,5
"Assets/RecoveredMaps/NewConstructionSite/gd.unity","ww","Transform;MeshFilter;MeshRenderer;MeshCollider",1,1,1
"Assets/RecoveredMaps/NewConstructionSite/gd.unity","Quad (1)","Transform;MeshFilter;MeshRenderer;MeshCollider",1,1,1
"Assets/RecoveredMaps/NewConstructionSite/gd.unity","fangzi (1)","Transform;MeshFilter;MeshRenderer;BoxCollider",5,5,5
"Assets/RecoveredMaps/NewConstructionSite/gd.unity","file","Transform",0,0,1
"Assets/RecoveredMaps/NewConstructionSite/gd.unity","Player","Transform;Animator",4,0,88
"Assets/RecoveredMaps/NewConstructionSite/gd.unity","file (2)","Transform",2,0,3
"Assets/RecoveredMaps/NewConstructionSite/gd.unity","GenMarine_ModelnSkinning","Transform;Animator",2,0,83
"Assets/RecoveredMaps/SteelFactory/Scenes/Scenelgc.unity","Directional Light","Transform;Light",0,0,1
"Assets/RecoveredMaps/SteelFactory/Scenes/Scenelgc.unity","ppsh","Transform;Animation;MouseLook",1,0,51
"Assets/RecoveredMaps/SteelFactory/Scenes/Scenelgc.unity","1","Transform",218,0,219
