scene,button,path,active,canvasX,canvasY,width,height,graphic,persistentCalls
"Assets/Scenes/Loading1.unity","123","Canvas/123",true,0,0,800,601,"UISprite",""
"Assets/Scenes/Loading1.unity","Button 1","Canvas/Button 1",true,60.05,-174.6,79.5,31.6,"UISprite","Quit.Click"
"Assets/Scenes/Loading1.unity","Button","Canvas/Button",true,-29.8,-174.6,79.5,31.6,"UISprite","Loading1.GoNextScene"
"Assets/Scenes/Loading.unity","Button111","Canvas/RawImage 2/RawImage 1/RawImage 9/Button111",false,1.58,-88.17,63.98,30,"UISprite","DHM.OnButton;AudioSource.Play"
"Assets/Scenes/Loading.unity","128","Canvas/RawImage 2/RawImage 1/RawImage 9/128",false,1.5,-1.32,550.2,467.82,"UISprite",""
"Assets/Scenes/Loading.unity","Button111","Canvas/RawImage 2/RawImage 1/RawImage 9/Button111",false,-180.11,194.67,64.22,34.68,"UISprite","Kaiqi.Click;guanbi.Click;AudioSource.Play"
"Assets/Scenes/Loading.unity","Button111","Canvas/RawImage 2/RawImage 1/RawImage 10/Button111",true,-115.93,195.17,62.8,33.68,"UISprite","Kaiqi.Click;guanbi.Click"
"Assets/Scenes/Loading.unity","Button 1","Canvas/RawImage 2/RawImage/Button 1",true,1.56,-1.13,550.47,468.37,"UISprite",""
"Assets/Scenes/Loading.unity","128","Canvas/RawImage 2/RawImage 1/RawImage 10/128",true,1.5,-1.31,550.2,467.82,"UISprite",""
"Assets/Scenes/Loading.unity","Button 2","Canvas/RawImage 2/RawImage 1/RawImage 9/RawImage/Button 2",false,55.29,-107.78,58.26,24.86,"UISprite","AudioSource.Play;guanbi.Click"
"Assets/Scenes/Loading.unity","Button","Canvas/RawImage 2/RawImage/Button",true,125.77,-208.65,78.17,13.43,"UISprite","Loading1.GoNextScene"
"Assets/Scenes/Loading.unity","Button 1","Canvas/RawImage 2/RawImage 1/RawImage 9/RawImage/Button 1",false,-43.6,-107.78,59.07,24.86,"UISprite","OGD.GoNextScene;AudioSource.Play"
"Assets/Scenes/Loading.unity","Button111","Canvas/RawImage 2/RawImage 1/RawImage 9/Button111",false,202.48,197.42,28.52,26.14,"UISprite","<missing>.;Zhu.GoNextScene"
"Assets/Scenes/Loading.unity","Button111","Canvas/RawImage 2/RawImage 1/RawImage 10/Button111",true,202.48,197.42,28.52,26.14,"UISprite","<missing>.;Zhu.GoNextScene"
"Assets/Scenes/Loading.unity","Button","Canvas/RawImage 2/RawImage 1/RawImage 9/RawImage/Button",false,1.5,-1.32,550.2,467.82,"UISprite",""
"Assets/Scenes/CXG1.unity","123","Canvas/123",false,0,0,0,0,"UISprite",""
"Assets/Scenes/CXG1.unity","123","Canvas 1/123",false,0,0,0,0,"UISprite",""
"Assets/Scenes/CXG1.unity","Button 17","Canvas 1/Button 17",false,0,0,0,0,"UISprite","Fangjian.GoNextScene"
"Assets/Scenes/CXG1.unity","Button 17","Canvas/Button 17",false,0,0,0,0,"UISprite","Fangjian.GoNextScene"
"Assets/Scenes/CXG1.unity","Button 0","Canvas 1/Button 0",false,0,0,0,0,"UISprite","JiXu3.Click"
"Assets/Scenes/CXG1.unity","Button 0","Canvas/Button 0",false,0,0,0,0,"UISprite","JiXu1.Click"
"Assets/Scenes/CXG2.unity","123","Canvas/123",false,0,0,0,0,"UISprite",""
"Assets/Scenes/CXG2.unity","123","Canvas 1/123",false,0,0,0,0,"UISprite",""
"Assets/Scenes/CXG2.unity","Button 17","Canvas 1/Button 17",false,0,0,0,0,"UISprite","Fanliedao.GoNextScene"
"Assets/Scenes/CXG2.unity","Button 17","Canvas/Button 17",false,0,0,0,0,"UISprite","Fanliedao.GoNextScene"
"Assets/Scenes/CXG2.unity","Button 0","Canvas 1/Button 0",false,0,0,0,0,"UISprite","JiXu3.Click"
"Assets/Scenes/CXG2.unity","Button 0","Canvas/Button 0",false,0,0,0,0,"UISprite","JiXu1.Click"
"Assets/Scenes/CXG4.unity","Button 18","Canvas/Button 18",false,0,0,0,0,"UISprite","FanlieFu.GoNextScene"
"Assets/Scenes/CXG4.unity","Button","Canvas/Button",false,0,0,0,0,"UISprite","JiXu.Click"
"Assets/Scenes/XLC.unity","Button 1","Canvas/Button 1",false,0,0,0,0,"UISprite","loading.GoNextScene"
"Assets/Scenes/XLC.unity","Button","Canvas/Button",false,0,0,0,0,"UISprite","JiXu1.Click"
"Assets/Scenes/Gongdi1.unity","Button0","Canvas/Button0",false,0,0,0,0,"UISprite","JiXu2.Click"
"Assets/Scenes/Gongdi1.unity","Button .","Canvas/Button .",false,0,0,0,0,"UISprite","FanjianGDdao.GoNextScene"
"Assets/Scenes/Gongdi1.unity","123","Canvas/123",false,0,0,0,0,"UISprite",""
"Assets/Scenes/Zhu.unity","Button111","Canvas/RawImage 1/RawImage/RawImage 9/Button111",false,-180.14,195.08,64.25,34.72,"UISprite","Kaiqi.Click;guanbi.Click"
"Assets/Scenes/Zhu.unity","Button 1","Canvas/RawImage 1/RawImage/RawImage 6/Button 1",false,169.4,187.24,24.78,29.08,"UISprite","Zhu.GoNextScene"
"Assets/Scenes/Zhu.unity","Button 26","Canvas/RawImage 1/RawImage/RawImage 6/Button 26",false,219.49,187.99,24.9,29.26,"UISprite","AudioSource.Play"
"Assets/Scenes/Zhu.unity","125","Canvas/RawImage 1/RawImage/RawImage 7/125",false,1.56,-1.13,550.47,468.37,"UISprite",""
"Assets/Scenes/Zhu.unity","Button 2","Canvas/RawImage 1/RawImage/RawImage 2/Button 2",false,93.32,-176.67,56.85,22.17,"UISprite","AudioSource.Play"
"Assets/Scenes/Zhu.unity","Button 2","Canvas/RawImage 1/RawImage/RawImage 1/Button 2",false,92.39,-176.67,56.85,22.17,"UISprite","AudioSource.Play"
"Assets/Scenes/Zhu.unity","Button 1","Canvas/RawImage 1/RawImage/RawImage 9/RawImage/Button 1",false,-43.55,-107.72,59.1,24.89,"UISprite","OGD.GoNextScene;AudioSource.Play"
"Assets/Scenes/Zhu.unity","Button 11","Canvas/RawImage 1/RawImage/RawImage 6/Button 11",false,14.2,185.08,42.02,35.1,"UISprite","AudioSource.Play"
"Assets/Scenes/Zhu.unity","Button 20","Canvas/RawImage 1/RawImage/RawImage 7/Button 20",false,219.49,187.99,24.9,29.26,"UISprite","AudioSource.Play"
"Assets/Scenes/Zhu.unity","Button 16","Canvas/RawImage 1/RawImage/RawImage 7/Button 16",false,-207.29,187.8,30.25,40.1,"UISprite","AudioSource.Play"
"Assets/Scenes/Zhu.unity","Button 21","Canvas/RawImage 1/RawImage/RawImage 5/Button 21",false,-239.43,187.79,30.35,40.1,"UISprite","AudioSource.Play"
"Assets/Scenes/Zhu.unity","Button 6","Canvas/RawImage 1/RawImage/RawImage 6/Button 6",false,224.28,-189.57,65.72,34.84,"UISprite","AudioSource.Play"
"Assets/Scenes/Zhu.unity","128","Canvas/RawImage 1/RawImage/RawImage 9/128",false,1.56,-1.13,550.47,468.37,"UISprite",""
"Assets/Scenes/Zhu.unity","Button 5","Canvas/RawImage 1/RawImage/RawImage 6/Button 5",false,-46.59,135.26,24.44,17.45,"UISprite","Kaiqi.Click;guanbi.Click"
"Assets/Scenes/Zhu.unity","Button 19","Canvas/RawImage 1/RawImage/RawImage 5/Button 19",false,-38.9,185.08,41.47,35.1,"UISprite","AudioSource.Play"
"Assets/Scenes/Zhu.unity","Button 13","Canvas/RawImage 1/RawImage/RawImage 7/Button 13",false,65.09,185.08,42.19,35.1,"UISprite","AudioSource.Play"
"Assets/Scenes/Zhu.unity","Button","Canvas/RawImage 1/RawImage/RawImage 9/RawImage/Button",false,1.56,-1.13,550.47,468.37,"UISprite",""
"Assets/Scenes/Zhu.unity","129","Canvas/RawImage 1/RawImage/RawImage 1/129",false,1.56,-1.13,550.47,468.37,"UISprite",""
"Assets/Scenes/Zhu.unity","Button 2","Canvas/RawImage 1/RawImage/RawImage 9/RawImage/Button 2",false,55.38,-107.72,58.29,24.89,"UISprite","AudioSource.Play;guanbi.Click"
"Assets/Scenes/Zhu.unity","Button 8","Canvas/RawImage 1/RawImage/RawImage 7/Button 8",false,121.77,39.41,25.43,17.45,"UISprite","AudioSource.Play"
"Assets/Scenes/Zhu.unity","128","Canvas/RawImage 1/RawImage/RawImage 4/128",false,1.56,-1.13,550.47,468.37,"UISprite",""
"Assets/Scenes/Zhu.unity","Button 6","Canvas/RawImage 1/RawImage/Button 6",true,14.2,185.08,42.02,35.1,"UISprite","Kaiqi.Click"
"Assets/Scenes/Zhu.unity","Button 1","Canvas/RawImage 1/RawImage/RawImage 3/Button 1",false,181.59,178.36,25.74,21.71,"UISprite","Zhu.GoNextScene"
"Assets/Scenes/Zhu.unity","Button 18","Canvas/RawImage 1/RawImage/RawImage 7/Button 18",false,194.53,187.99,24.79,29.26,"UISprite","AudioSource.Play"
"Assets/Scenes/Zhu.unity","Button 3","Canvas/RawImage 1/RawImage/RawImage 6/Button 3",false,56.16,135.25,24.45,17.45,"UISprite","guanbi.Click;Kaiqi.Click"
"Assets/Scenes/Zhu.unity","Button 17","Canvas/RawImage 1/RawImage/RawImage 5/Button 17",false,243.95,187.99,25.2,29.26,"UISprite","AudioSource.Play"
"Assets/Scenes/Zhu.unity","Button 9","Canvas/RawImage 1/RawImage/Button 9",true,65.09,185.08,42.19,35.1,"UISprite","Kaiqi.Click"
"Assets/Scenes/Zhu.unity","124","Canvas/RawImage 1/RawImage/RawImage 8/124",false,1.56,-1.13,550.47,468.37,"UISprite",""
"Assets/Scenes/Zhu.unity","Button 2","Canvas/RawImage 1/RawImage/RawImage 6/Button 2",false,-14.48,135.16,24.45,17.63,"UISprite","AudioSource.Play"
"Assets/Scenes/Zhu.unity","Button 27","Canvas/RawImage 1/RawImage/RawImage 6/Button 27",false,-239.43,187.79,30.35,40.1,"UISprite","AudioSource.Play"
"Assets/Scenes/Zhu.unity","Button 10","Canvas/RawImage 1/RawImage/RawImage 7/Button 10",false,14.2,185.08,42.02,35.1,"UISprite","AudioSource.Play"
"Assets/Scenes/Zhu.unity","Button 18","Canvas/RawImage 1/RawImage/RawImage 5/Button 18",false,194.53,187.99,24.79,29.26,"UISprite","AudioSource.Play"
"Assets/Scenes/Zhu.unity","Button 1","Canvas/RawImage 1/RawImage/Button 1",true,201.1,-59.83,103.4,287.4,"UISprite","Shenghua.GoNextScene"
"Assets/Scenes/Zhu.unity","Button 1","Canvas/RawImage 1/RawImage/RawImage 7/Button 1",false,169.33,187.39,24.46,29.8,"UISprite","Zhu.GoNextScene"
"Assets/Scenes/Zhu.unity","Button 4","Canvas/RawImage 1/RawImage/RawImage 5/Button 4",false,-7.24,39.41,52.25,17.45,"UISprite","AudioSource.Play"
"Assets/Scenes/Zhu.unity","130","Canvas/RawImage 1/RawImage/RawImage 2/130",false,1.56,-1.13,550.47,468.37,"UISprite",""
"Assets/Scenes/Zhu.unity","Button 3","Canvas/RawImage 1/RawImage/Button 3",true,-153.36,185.25,63.73,35.5,"UISprite","Kaiqi.Click"
"Assets/Scenes/Zhu.unity","Button 13","Canvas/RawImage 1/RawImage/RawImage 5/Button 13",false,65.09,185.08,42.19,35.1,"UISprite","AudioSource.Play"
"Assets/Scenes/Zhu.unity","Button 3","Canvas/RawImage 1/RawImage/RawImage 5/Button 3",false,56.16,135.25,24.45,17.45,"UISprite","guanbi.Click;Kaiqi.Click"
"Assets/Scenes/Zhu.unity","Button 3","Canvas/RawImage 1/RawImage/RawImage 2/Button 3",false,32.27,-176.67,56.68,22.17,"UISprite","AudioSource.Play"
"Assets/Scenes/Zhu.unity","127","Canvas/RawImage 1/RawImage/RawImage 5/127",false,1.56,-1.13,550.47,468.37,"UISprite",""
"Assets/Scenes/Zhu.unity","Button 2","Canvas/RawImage 1/RawImage/RawImage 5/Button 2",false,-14.48,135.16,24.45,17.63,"UISprite","guanbi.Click;Kaiqi.Click"
"Assets/Scenes/Zhu.unity","Button 1","Canvas/RawImage 1/RawImage/RawImage 1/Button 1",false,152.9,-176.63,57.23,22.17,"UISprite","Zhu.GoNextScene"
"Assets/Scenes/Zhu.unity","Button.","Canvas/RawImage 1/RawImage/Button.",true,86.21,-59.83,105.84,287.4,"UISprite","Tianti.GoNextScene"
"Assets/Scenes/Zhu.unity","Button 2","Canvas/RawImage 1/RawImage/RawImage 7/Button 2",false,-14.48,135.16,24.45,17.63,"UISprite","guanbi.Click;Kaiqi.Click"
"Assets/Scenes/Zhu.unity","Button 15","Canvas/RawImage 1/RawImage/RawImage 6/Button 15",false,-153.36,185.25,63.73,35.5,"UISprite","AudioSource.Play"
"Assets/Scenes/Zhu.unity","Button 4","Canvas/RawImage 1/RawImage/Button 4",true,-91.17,185.08,41.41,35.1,"UISprite","Kaiqi.Click"
"Assets/Scenes/Zhu.unity","Button 25","Canvas/RawImage 1/RawImage/RawImage 6/Button 25",false,194.53,187.99,24.79,29.26,"UISprite","AudioSource.Play"
"Assets/Scenes/Zhu.unity","Button 22","Canvas/RawImage 1/RawImage/RawImage 6/Button 22",false,-207.29,187.8,30.25,40.1,"UISprite","AudioSource.Play"
"Assets/Scenes/Zhu.unity","126","Canvas/RawImage 1/RawImage/RawImage 6/126",false,1.56,-1.13,550.47,468.37,"UISprite",""
"Assets/Scenes/Zhu.unity","Button 28","Canvas/RawImage 1/RawImage/RawImage 6/Button 28",false,243.95,187.99,25.2,29.26,"UISprite","AudioSource.Play"
"Assets/Scenes/Zhu.unity","Button 16","Canvas/RawImage 1/RawImage/RawImage 8/Button 16",false,-43.58,-108.05,56.39,23.49,"UISprite","Quit.Click"
"Assets/Scenes/Zhu.unity","Button 14","Canvas/RawImage 1/RawImage/RawImage 5/Button 14",false,-153.36,185.25,63.73,35.5,"UISprite","AudioSource.Play"
"Assets/Scenes/Zhu.unity","Button 13","Canvas/RawImage 1/RawImage/Button 13",true,-207.29,187.8,30.25,40.1,"UISprite","Kaiqi.Click"
"Assets/Scenes/Zhu.unity","Button 16","Canvas/RawImage 1/RawImage/RawImage 5/Button 16",false,-207.29,187.8,30.25,40.1,"UISprite","AudioSource.Play"
"Assets/Scenes/Zhu.unity","Button 1","Canvas/RawImage 1/RawImage/RawImage 4/Button 1",false,152.88,-176.4,57.11,23.03,"UISprite","Zhu.GoNextScene"
"Assets/Scenes/Zhu.unity","Button 21","Canvas/RawImage 1/RawImage/RawImage 7/Button 21",false,-239.43,187.79,30.35,40.1,"UISprite","AudioSource.Play"
"Assets/Scenes/Zhu.unity","Button 7","Canvas/RawImage 1/RawImage/RawImage 7/Button 7",false,224.28,-189.57,65.72,34.84,"UISprite","AudioSource.Play"
"Assets/Scenes/Zhu.unity","Button 19","Canvas/RawImage 1/RawImage/RawImage 7/Button 19",false,-38.9,185.08,41.47,35.1,"UISprite","AudioSource.Play"
"Assets/Scenes/Zhu.unity","128","Canvas/RawImage 1/RawImage/RawImage 10/128",false,1.56,-1.13,550.47,468.37,"UISprite",""
"Assets/Scenes/Zhu.unity","Button 1","Canvas/RawImage 1/RawImage/RawImage 5/Button 1",false,169.4,187.24,24.78,29.08,"UISprite","Zhu.GoNextScene"
"Assets/Scenes/Zhu.unity","Button 11","Canvas/RawImage 1/RawImage/Button 11",true,243.95,187.99,25.2,29.26,"UISprite","Kaiqi.Click"
"Assets/Scenes/Zhu.unity","Button 5","Canvas/RawImage 1/RawImage/RawImage 5/Button 5",false,224.67,-189.98,65.56,32.61,"UISprite","AudioSource.Play"
"Assets/Scenes/Zhu.unity","Button 8","Canvas/RawImage 1/RawImage/Button 8",true,194.53,187.99,24.79,29.26,"UISprite","AudioSource.Play"
"Assets/Scenes/Zhu.unity","Button 4","Canvas/RawImage 1/RawImage/RawImage 7/Button 4",false,6.39,39.41,25.52,17.45,"UISprite","AudioSource.Play"
"Assets/Scenes/Zhu.unity","Button 20","Canvas/RawImage 1/RawImage/RawImage 5/Button 20",false,219.49,187.99,24.9,29.26,"UISprite","AudioSource.Play"
"Assets/Scenes/Zhu.unity","129","Canvas/RawImage 1/RawImage/RawImage 3/129",false,1.56,-1.13,550.47,468.37,"UISprite",""
"Assets/Scenes/Zhu.unity","Button 1","Canvas/RawImage 1/RawImage/RawImage 2/Button 1",false,153.82,-176.67,57.23,22.17,"UISprite","Zhu.GoNextScene"
"Assets/Scenes/Zhu.unity","Button 7","Canvas/RawImage 1/RawImage/Button 7",true,-38.9,185.08,41.47,35.1,"UISprite","AudioSource.Play"
"Assets/Scenes/Zhu.unity","Button 3","Canvas/RawImage 1/RawImage/RawImage 1/Button 3",false,157.97,168.46,47.14,23.64,"UISprite","AudioSource.Play"
"Assets/Scenes/Zhu.unity","Button 15","Canvas/RawImage 1/RawImage/RawImage 7/Button 15",false,-153.36,185.25,63.73,35.5,"UISprite","AudioSource.Play"
"Assets/Scenes/Zhu.unity","Button 12","Canvas/RawImage 1/RawImage/Button 12",true,219.49,187.99,24.9,29.26,"UISprite","AudioSource.Play"
"Assets/Scenes/Zhu.unity","Button 4","Canvas/RawImage 1/RawImage/RawImage 6/Button 4",false,-7.24,39.41,52.25,17.45,"UISprite","AudioSource.Play"
"Assets/Scenes/Zhu.unity","Button 17","Canvas/RawImage 1/RawImage/RawImage 7/Button 17",false,243.95,187.99,25.2,29.26,"UISprite","AudioSource.Play"
"Assets/Scenes/Zhu.unity","Button111","Canvas/RawImage 1/RawImage/RawImage 9/Button111",false,1.64,-88.09,64.01,30.04,"UISprite","DHM.OnButton;AudioSource.Play"
"Assets/Scenes/Zhu.unity","Button 5","Canvas/RawImage 1/RawImage/RawImage 7/Button 5",false,-46.59,135.26,24.44,17.45,"UISprite","Kaiqi.Click;guanbi.Click"
"Assets/Scenes/Zhu.unity","Button00","Canvas/RawImage 1/RawImage/Button00",true,169.4,187.99,25.12,29.26,"UISprite","Kaiqi.Click;guanbi.Click"
"Assets/Scenes/Zhu.unity","Button 15","Canvas/RawImage 1/RawImage/RawImage 8/Button 15",false,55.88,-108.05,57.83,23.49,"UISprite","Kaiqi.Click;guanbi.Click"
"Assets/Scenes/Zhu.unity","Button111","Canvas/RawImage 1/RawImage/RawImage 9/Button111",false,202.64,197.83,28.54,26.17,"UISprite","guanbi.Click;AudioSource.Play"
"Assets/Scenes/Zhu.unity","123","Canvas/RawImage 1/RawImage/123",true,1.56,-1.13,550.47,468.37,"UISprite",""
"Assets/Scenes/Zhu.unity","Button 2","Canvas/RawImage 1/RawImage/Button 2",true,-30.81,-59.83,102.05,287.4,"UISprite","Ziyou.GoNextScene"
"Assets/Scenes/Zhu.unity","Button 5","Canvas/RawImage 1/RawImage/Button 5",true,-239.43,187.79,30.35,40.1,"UISprite","AudioSource.Play"
"Assets/Scenes/Zhu.unity","Button 4","Canvas/RawImage 1/RawImage/RawImage 1/Button 4",false,158,142.69,47.14,23.33,"UISprite","AudioSource.Play"
"Assets/Scenes/Zhu.unity","Button111","Canvas/RawImage 1/RawImage/RawImage 10/Button111",false,202.64,197.83,28.54,26.17,"UISprite","guanbi.Click;AudioSource.Play"
"Assets/Scenes/Zhu.unity","Button 3","Canvas/RawImage 1/RawImage/RawImage 7/Button 3",false,56.16,135.25,24.45,17.45,"UISprite","AudioSource.Play"
"Assets/Scenes/Zhu.unity","Button 24","Canvas/RawImage 1/RawImage/RawImage 6/Button 24",false,65.09,185.08,42.19,35.1,"UISprite","AudioSource.Play"
"Assets/Scenes/Zhu.unity","Button111","Canvas/RawImage 1/RawImage/RawImage 10/Button111",false,-115.92,195.58,62.83,33.72,"UISprite","Kaiqi.Click;guanbi.Click"
"Assets/Scenes/Zhu.unity","Button 22","Canvas/RawImage 1/RawImage/RawImage 6/Button 22",false,-38.9,185.08,41.47,35.1,"UISprite","AudioSource.Play"
"Assets/Scenes/Zhu.unity","Button 10","Canvas/RawImage 1/RawImage/RawImage 5/Button 10",false,14.2,185.08,42.02,35.1,"UISprite","AudioSource.Play"
"Assets/Scenes/Ziyou.unity","128","Canvas/RawImage 1/RawImage/RawImage 10/128",false,1.56,-1.13,550.47,468.37,"UISprite",""
"Assets/Scenes/Ziyou.unity","Button 14","Canvas/RawImage 1/RawImage/Button 14",true,243.95,130.1,33.77,18.47,"UISprite","Shenghua.GoNextScene"
"Assets/Scenes/Ziyou.unity","Button 1","Canvas/RawImage 1/RawImage/RawImage 6/Button 1",false,169.4,187.24,24.78,29.08,"UISprite","Ziyou.GoNextScene"
"Assets/Scenes/Ziyou.unity","Button 26","Canvas/RawImage 1/RawImage/RawImage 6/Button 26",false,219.49,187.99,24.9,29.26,"UISprite","AudioSource.Play"
"Assets/Scenes/Ziyou.unity","Button 2","Canvas/RawImage 1/RawImage/RawImage 2/Button 2",false,93.32,-176.67,56.85,22.17,"UISprite","AudioSource.Play"
"Assets/Scenes/Ziyou.unity","Button 2","Canvas/RawImage 1/RawImage/RawImage 1/Button 2",false,92.39,-176.67,56.85,22.17,"UISprite","AudioSource.Play"
"Assets/Scenes/Ziyou.unity","Button 11","Canvas/RawImage 1/RawImage/RawImage 6/Button 11",false,14.2,185.08,42.02,35.1,"UISprite","AudioSource.Play"
"Assets/Scenes/Ziyou.unity","Button 20","Canvas/RawImage 1/RawImage/RawImage 7/Button 20",false,219.49,187.99,24.9,29.26,"UISprite","AudioSource.Play"
"Assets/Scenes/Ziyou.unity","Button 16","Canvas/RawImage 1/RawImage/RawImage 7/Button 16",false,-207.29,187.8,30.25,40.1,"UISprite","AudioSource.Play"
"Assets/Scenes/Ziyou.unity","Button 21","Canvas/RawImage 1/RawImage/RawImage 5/Button 21",false,-239.43,187.79,30.35,40.1,"UISprite","AudioSource.Play"
"Assets/Scenes/Ziyou.unity","Button111","Canvas/RawImage 1/RawImage/RawImage 9/Button111",false,-180.14,195.08,64.25,34.72,"UISprite","Kaiqi.Click;guanbi.Click"
"Assets/Scenes/Ziyou.unity","Button 2","Canvas/RawImage 1/RawImage/RawImage 9/RawImage/Button 2",false,55.38,-107.72,58.29,24.89,"UISprite","AudioSource.Play;guanbi.Click"
"Assets/Scenes/Ziyou.unity","Button 6","Canvas/RawImage 1/RawImage/RawImage 6/Button 6",false,224.28,-189.57,65.72,34.84,"UISprite","AudioSource.Play"
"Assets/Scenes/Ziyou.unity","Button 5","Canvas/RawImage 1/RawImage/RawImage 6/Button 5",false,-46.59,135.26,24.44,17.45,"UISprite","Kaiqi.Click;guanbi.Click"
"Assets/Scenes/Ziyou.unity","Button 19","Canvas/RawImage 1/RawImage/RawImage 5/Button 19",false,-38.9,185.08,41.47,35.1,"UISprite","AudioSource.Play"
"Assets/Scenes/Ziyou.unity","Button 13","Canvas/RawImage 1/RawImage/RawImage 7/Button 13",false,65.09,185.08,42.19,35.1,"UISprite","AudioSource.Play"
"Assets/Scenes/Ziyou.unity","Button222","Canvas/RawImage 1/RawImage/RawImage 10/Button222",false,-115.92,195.58,62.83,33.72,"UISprite","Kaiqi.Click;guanbi.Click"
"Assets/Scenes/Ziyou.unity","124","Canvas/RawImage 1/RawImage/RawImage 2/124",false,1.56,-1.13,550.47,468.37,"UISprite",""
"Assets/Scenes/Ziyou.unity","Button 8","Canvas/RawImage 1/RawImage/RawImage 7/Button 8",false,121.77,39.41,25.43,17.45,"UISprite","AudioSource.Play"
"Assets/Scenes/Ziyou.unity","Button 6","Canvas/RawImage 1/RawImage/Button 6",true,14.2,185.08,42.02,35.1,"UISprite","Kaiqi.Click"
"Assets/Scenes/Ziyou.unity","Button 1","Canvas/RawImage 1/RawImage/RawImage 3/Button 1",false,181.59,178.36,25.74,21.71,"UISprite","Ziyou.GoNextScene"
"Assets/Scenes/Ziyou.unity","Button 18","Canvas/RawImage 1/RawImage/RawImage 7/Button 18",false,194.53,187.99,24.79,29.26,"UISprite","AudioSource.Play"
"Assets/Scenes/Ziyou.unity","Button 3","Canvas/RawImage 1/RawImage/RawImage 6/Button 3",false,56.16,135.25,24.45,17.45,"UISprite","guanbi.Click;Kaiqi.Click"
"Assets/Scenes/Ziyou.unity","Button 17","Canvas/RawImage 1/RawImage/RawImage 5/Button 17",false,243.95,187.99,25.2,29.26,"UISprite","AudioSource.Play"
"Assets/Scenes/Ziyou.unity","Button 9","Canvas/RawImage 1/RawImage/Button 9",true,65.09,185.08,42.19,35.1,"UISprite","Kaiqi.Click"
"Assets/Scenes/Ziyou.unity","123","Canvas/RawImage 1/RawImage/123",true,1.56,-1.13,550.47,468.37,"UISprite",""
"Assets/Scenes/Ziyou.unity","Button 2","Canvas/RawImage 1/RawImage/RawImage 6/Button 2",false,-14.48,135.16,24.45,17.63,"UISprite","AudioSource.Play"
"Assets/Scenes/Ziyou.unity","Button 27","Canvas/RawImage 1/RawImage/RawImage 6/Button 27",false,-239.43,187.79,30.35,40.1,"UISprite","AudioSource.Play"
"Assets/Scenes/Ziyou.unity","Button 10","Canvas/RawImage 1/RawImage/RawImage 7/Button 10",false,14.2,185.08,42.02,35.1,"UISprite","AudioSource.Play"
"Assets/Scenes/Ziyou.unity","Button 18","Canvas/RawImage 1/RawImage/RawImage 5/Button 18",false,194.53,187.99,24.79,29.26,"UISprite","AudioSource.Play"
"Assets/Scenes/Ziyou.unity","Button113","Canvas/RawImage 1/RawImage/RawImage 9/Button113",false,202.69,198.09,28.38,24.7,"UISprite","AudioSource.Play;guanbi.Click"
"Assets/Scenes/Ziyou.unity","Button 1","Canvas/RawImage 1/RawImage/Button 1",true,222.55,-56.75,65.34,31.31,"UISprite","Ziyou1.GoNextScene"
"Assets/Scenes/Ziyou.unity","Button 1","Canvas/RawImage 1/RawImage/RawImage 7/Button 1",false,169.33,187.39,24.46,29.8,"UISprite","Ziyou.GoNextScene"
"Assets/Scenes/Ziyou.unity","Button 4","Canvas/RawImage 1/RawImage/RawImage 5/Button 4",false,-7.24,39.41,52.25,17.45,"UISprite","AudioSource.Play"
"Assets/Scenes/Ziyou.unity","Button 3","Canvas/RawImage 1/RawImage/Button 3",true,-153.36,185.25,63.73,35.5,"UISprite","Kaiqi.Click"
"Assets/Scenes/Ziyou.unity","128","Canvas/RawImage 1/RawImage/RawImage 9/128",false,1.56,-1.13,550.47,468.37,"UISprite",""
"Assets/Scenes/Ziyou.unity","Button 13","Canvas/RawImage 1/RawImage/RawImage 5/Button 13",false,65.09,185.08,42.19,35.1,"UISprite","AudioSource.Play"
"Assets/Scenes/Ziyou.unity","Button 3","Canvas/RawImage 1/RawImage/RawImage 5/Button 3",false,56.16,135.25,24.45,17.45,"UISprite","guanbi.Click;Kaiqi.Click"
"Assets/Scenes/Ziyou.unity","Button 3","Canvas/RawImage 1/RawImage/RawImage 2/Button 3",false,32.27,-176.67,56.68,22.17,"UISprite","AudioSource.Play"
"Assets/Scenes/Ziyou.unity","Button 2","Canvas/RawImage 1/RawImage/RawImage 5/Button 2",false,-14.48,135.16,24.45,17.63,"UISprite","guanbi.Click;Kaiqi.Click"
"Assets/Scenes/Ziyou.unity","Button 1","Canvas/RawImage 1/RawImage/RawImage 1/Button 1",false,152.9,-176.63,57.23,22.17,"UISprite","Ziyou.GoNextScene"
"Assets/Scenes/Ziyou.unity","Button111","Canvas/RawImage 1/RawImage/RawImage 9/Button111",false,1.64,-88.09,64.01,30.04,"UISprite","DHM.OnButton;AudioSource.Play"
"Assets/Scenes/Ziyou.unity","Button 2","Canvas/RawImage 1/RawImage/RawImage 7/Button 2",false,-14.48,135.16,24.45,17.63,"UISprite","guanbi.Click;Kaiqi.Click"
"Assets/Scenes/Ziyou.unity","Button 15","Canvas/RawImage 1/RawImage/RawImage 6/Button 15",false,-153.36,185.25,63.73,35.5,"UISprite","AudioSource.Play"
"Assets/Scenes/Ziyou.unity","123","Canvas/RawImage 1/RawImage/RawImage 3/123",false,1.56,-1.13,550.47,468.37,"UISprite",""
"Assets/Scenes/Ziyou.unity","Button 4","Canvas/RawImage 1/RawImage/Button 4",true,-91.17,185.08,41.41,35.1,"UISprite","Kaiqi.Click"
"Assets/Scenes/Ziyou.unity","Button 25","Canvas/RawImage 1/RawImage/RawImage 6/Button 25",false,194.53,187.99,24.79,29.26,"UISprite","AudioSource.Play"
"Assets/Scenes/Ziyou.unity","Button 22","Canvas/RawImage 1/RawImage/RawImage 6/Button 22",false,-207.29,187.8,30.25,40.1,"UISprite","AudioSource.Play"
"Assets/Scenes/Ziyou.unity","Button 28","Canvas/RawImage 1/RawImage/RawImage 6/Button 28",false,243.95,187.99,25.2,29.26,"UISprite","AudioSource.Play"
"Assets/Scenes/Ziyou.unity","Button 14","Canvas/RawImage 1/RawImage/RawImage 5/Button 14",false,-153.36,185.25,63.73,35.5,"UISprite","AudioSource.Play"
"Assets/Scenes/Ziyou.unity","Button 13","Canvas/RawImage 1/RawImage/Button 13",true,-207.29,187.8,30.25,40.1,"UISprite","Kaiqi.Click"
"Assets/Scenes/Ziyou.unity","Button 16","Canvas/RawImage 1/RawImage/RawImage 5/Button 16",false,-207.29,187.8,30.25,40.1,"UISprite","AudioSource.Play"
"Assets/Scenes/Ziyou.unity","Button 1","Canvas/RawImage 1/RawImage/RawImage 4/Button 1",false,152.88,-176.4,57.11,23.03,"UISprite","Ziyou.GoNextScene"
"Assets/Scenes/Ziyou.unity","Button 21","Canvas/RawImage 1/RawImage/RawImage 7/Button 21",false,-239.43,187.79,30.35,40.1,"UISprite","AudioSource.Play"
"Assets/Scenes/Ziyou.unity","Button 7","Canvas/RawImage 1/RawImage/RawImage 7/Button 7",false,224.28,-189.57,65.72,34.84,"UISprite","AudioSource.Play"
"Assets/Scenes/Ziyou.unity","Button 19","Canvas/RawImage 1/RawImage/RawImage 7/Button 19",false,-38.9,185.08,41.47,35.1,"UISprite","AudioSource.Play"
"Assets/Scenes/Ziyou.unity","124","Canvas/RawImage 1/RawImage/RawImage 4/124",false,1.56,-1.13,550.47,468.37,"UISprite",""
"Assets/Scenes/Ziyou.unity","Button 1","Canvas/RawImage 1/RawImage/RawImage 5/Button 1",false,169.4,187.24,24.78,29.08,"UISprite","Ziyou.GoNextScene"
"Assets/Scenes/Ziyou.unity","Button 11","Canvas/RawImage 1/RawImage/Button 11",true,243.95,187.99,25.2,29.26,"UISprite","Kaiqi.Click"
"Assets/Scenes/Ziyou.unity","Button 5","Canvas/RawImage 1/RawImage/RawImage 5/Button 5",false,224.67,-189.98,65.56,32.61,"UISprite","AudioSource.Play"
"Assets/Scenes/Ziyou.unity","124","Canvas/RawImage 1/RawImage/RawImage 6/124",false,1.56,-1.13,550.47,468.37,"UISprite",""
"Assets/Scenes/Ziyou.unity","Button 8","Canvas/RawImage 1/RawImage/Button 8",true,194.53,187.99,24.79,29.26,"UISprite","AudioSource.Play"
"Assets/Scenes/Ziyou.unity","Button 4","Canvas/RawImage 1/RawImage/RawImage 7/Button 4",false,6.39,39.41,25.52,17.45,"UISprite","AudioSource.Play"
"Assets/Scenes/Ziyou.unity","Button 20","Canvas/RawImage 1/RawImage/RawImage 5/Button 20",false,219.49,187.99,24.9,29.26,"UISprite","AudioSource.Play"
"Assets/Scenes/Ziyou.unity","Button 1","Canvas/RawImage 1/RawImage/RawImage 2/Button 1",false,153.82,-176.67,57.23,22.17,"UISprite","Ziyou.GoNextScene"
"Assets/Scenes/Ziyou.unity","Button 7","Canvas/RawImage 1/RawImage/Button 7",true,-38.9,185.08,41.47,35.1,"UISprite","AudioSource.Play"
"Assets/Scenes/Ziyou.unity","Button 15","Canvas/RawImage 1/RawImage/Button 15",true,209.12,130.1,33.49,18.47,"UISprite","Tianti.GoNextScene"
"Assets/Scenes/Ziyou.unity","Button 3","Canvas/RawImage 1/RawImage/RawImage 1/Button 3",false,157.97,168.46,47.14,23.64,"UISprite","AudioSource.Play"
"Assets/Scenes/Ziyou.unity","Button 15","Canvas/RawImage 1/RawImage/RawImage 7/Button 15",false,-153.36,185.25,63.73,35.5,"UISprite","AudioSource.Play"
"Assets/Scenes/Ziyou.unity","Button 16","Canvas/RawImage 1/RawImage/Button 16",true,173.7,130.1,32.95,18.47,"UISprite","AudioSource.Play"
"Assets/Scenes/Ziyou.unity","Button 12","Canvas/RawImage 1/RawImage/Button 12",true,219.49,187.99,24.9,29.26,"UISprite","AudioSource.Play"
"Assets/Scenes/Ziyou.unity","Button 4","Canvas/RawImage 1/RawImage/RawImage 6/Button 4",false,-7.24,39.41,52.25,17.45,"UISprite","AudioSource.Play"
"Assets/Scenes/Ziyou.unity","123","Canvas/RawImage 1/RawImage/RawImage 1/123",false,1.56,-1.13,550.47,468.37,"UISprite",""
"Assets/Scenes/Ziyou.unity","Button 17","Canvas/RawImage 1/RawImage/RawImage 7/Button 17",false,243.95,187.99,25.2,29.26,"UISprite","AudioSource.Play"
"Assets/Scenes/Ziyou.unity","Button 5","Canvas/RawImage 1/RawImage/RawImage 7/Button 5",false,-46.59,135.26,24.44,17.45,"UISprite","Kaiqi.Click;guanbi.Click"
"Assets/Scenes/Ziyou.unity","Button00","Canvas/RawImage 1/RawImage/Button00",true,169.4,187.99,25.12,29.26,"UISprite","Zhu.GoNextScene"
"Assets/Scenes/Ziyou.unity","123","Canvas/RawImage 1/RawImage/RawImage 5/123",false,1.56,-1.13,550.47,468.37,"UISprite",""
"Assets/Scenes/Ziyou.unity","Button 1","Canvas/RawImage 1/RawImage/RawImage 9/RawImage/Button 1",false,-43.55,-107.72,59.1,24.89,"UISprite","OGD.GoNextScene;AudioSource.Play"
"Assets/Scenes/Ziyou.unity","124","Canvas/RawImage 1/RawImage/RawImage 7/124",false,1.56,-1.13,550.47,468.37,"UISprite",""
"Assets/Scenes/Ziyou.unity","Button112","Canvas/RawImage 1/RawImage/RawImage 10/Button112",false,202.69,198.09,28.38,24.7,"UISprite","AudioSource.Play;guanbi.Click"
"Assets/Scenes/Ziyou.unity","Button 5","Canvas/RawImage 1/RawImage/Button 5",true,-239.43,187.79,30.35,40.1,"UISprite","AudioSource.Play"
"Assets/Scenes/Ziyou.unity","Button 4","Canvas/RawImage 1/RawImage/RawImage 1/Button 4",false,158,142.69,47.14,23.33,"UISprite","AudioSource.Play"
"Assets/Scenes/Ziyou.unity","Button 3","Canvas/RawImage 1/RawImage/RawImage 7/Button 3",false,56.16,135.25,24.45,17.45,"UISprite","AudioSource.Play"
"Assets/Scenes/Ziyou.unity","Button","Canvas/RawImage 1/RawImage/RawImage 9/RawImage/Button",false,1.56,-1.13,550.47,468.37,"UISprite",""
"Assets/Scenes/Ziyou.unity","Button 24","Canvas/RawImage 1/RawImage/RawImage 6/Button 24",false,65.09,185.08,42.19,35.1,"UISprite","AudioSource.Play"
"Assets/Scenes/Ziyou.unity","Button 22","Canvas/RawImage 1/RawImage/RawImage 6/Button 22",false,-38.9,185.08,41.47,35.1,"UISprite","AudioSource.Play"
"Assets/Scenes/Ziyou.unity","Button 10","Canvas/RawImage 1/RawImage/RawImage 5/Button 10",false,14.2,185.08,42.02,35.1,"UISprite","AudioSource.Play"
"Assets/Scenes/TianTi.unity","Button111","Canvas/RawImage 1/RawImage/RawImage 9/Button111",false,-179.94,194.68,64.16,34.66,"UISprite","Kaiqi.Click;guanbi.Click"
"Assets/Scenes/TianTi.unity","Button111","Canvas/RawImage 1/RawImage/RawImage 9/Button111",false,1.58,-87.96,63.92,29.98,"UISprite","DHM.OnButton;AudioSource.Play"
"Assets/Scenes/TianTi.unity","Button222","Canvas/RawImage 1/RawImage/RawImage 10/Button222",false,-115.82,195.18,62.74,33.66,"UISprite","Kaiqi.Click;guanbi.Click"
"Assets/Scenes/TianTi.unity","Button 14","Canvas/RawImage 1/RawImage/Button 14",true,243.95,130.1,33.77,18.47,"UISprite","Shenghua.GoNextScene"
"Assets/Scenes/TianTi.unity","123","Canvas/RawImage 1/RawImage/123",true,1.56,-1.13,550.47,468.37,"UISprite",""
"Assets/Scenes/TianTi.unity","Button 1","Canvas/RawImage 1/RawImage/RawImage 6/Button 1",false,169.4,187.24,24.78,29.08,"UISprite","Tianti.GoNextScene"
"Assets/Scenes/TianTi.unity","Button 26","Canvas/RawImage 1/RawImage/RawImage 6/Button 26",false,219.49,187.99,24.9,29.26,"UISprite","AudioSource.Play"
"Assets/Scenes/TianTi.unity","Button 6","Canvas/RawImage 1/RawImage/RawImage 11/Button 6",false,-137.12,50.38,149.8,21.7,"UISprite","Kaiqi.Click;guanbi.Click"
"Assets/Scenes/TianTi.unity","Button 2","Canvas/RawImage 1/RawImage/RawImage 8/Button 2",false,-137.12,145.81,149.8,20.92,"UISprite","AudioSource.Play"
"Assets/Scenes/TianTi.unity","124","Canvas/RawImage 1/RawImage/RawImage 4/124",false,1.56,-1.13,550.47,468.37,"UISprite",""
"Assets/Scenes/TianTi.unity","Button 3","Canvas/RawImage 1/RawImage/RawImage 12/Button 3",false,-137.12,121.79,149.8,19.89,"UISprite","guanbi.Click;Kaiqi.Click"
"Assets/Scenes/TianTi.unity","124","Canvas/RawImage 1/RawImage/RawImage 8/124",false,1.56,-1.13,550.47,468.37,"UISprite",""
"Assets/Scenes/TianTi.unity","Button 2","Canvas/RawImage 1/RawImage/RawImage 2/Button 2",false,93.32,-176.67,56.85,22.17,"UISprite","AudioSource.Play"
"Assets/Scenes/TianTi.unity","Button 2","Canvas/RawImage 1/RawImage/RawImage 1/Button 2",false,92.39,-176.67,56.85,22.17,"UISprite","AudioSource.Play"
"Assets/Scenes/TianTi.unity","124","Canvas/RawImage 1/RawImage/RawImage 6/124",false,1.56,-1.13,550.47,468.37,"UISprite",""
"Assets/Scenes/TianTi.unity","Button 11","Canvas/RawImage 1/RawImage/RawImage 6/Button 11",false,14.2,185.08,42.02,35.1,"UISprite","AudioSource.Play"
"Assets/Scenes/TianTi.unity","Button 5","Canvas/RawImage 1/RawImage/RawImage 8/Button 5",false,-137.12,74.79,149.8,19.89,"UISprite","Kaiqi.Click;guanbi.Click"
"Assets/Scenes/TianTi.unity","Button 20","Canvas/RawImage 1/RawImage/RawImage 7/Button 20",false,219.49,187.99,24.9,29.26,"UISprite","AudioSource.Play"
"Assets/Scenes/TianTi.unity","Button 16","Canvas/RawImage 1/RawImage/RawImage 7/Button 16",false,-207.29,187.8,30.25,40.1,"UISprite","AudioSource.Play"
"Assets/Scenes/TianTi.unity","Button 2","Canvas/RawImage 1/RawImage/RawImage 14/Button 2",false,-137.12,145.78,149.8,20.59,"UISprite","guanbi.Click;Kaiqi.Click"
"Assets/Scenes/TianTi.unity","Button 21","Canvas/RawImage 1/RawImage/RawImage 5/Button 21",false,-239.43,187.79,30.35,40.1,"UISprite","AudioSource.Play"
"Assets/Scenes/TianTi.unity","Button 17","Canvas/RawImage 1/RawImage/Button 17",true,83.28,65.85,99.64,40.12,"UISprite","Tian1.GoNextScene"
"Assets/Scenes/TianTi.unity","Button 6","Canvas/RawImage 1/RawImage/RawImage 6/Button 6",false,224.28,-189.57,65.72,34.84,"UISprite","AudioSource.Play"
"Assets/Scenes/TianTi.unity","Button 4","Canvas/RawImage 1/RawImage/RawImage 12/Button 4",false,-137.12,98.29,149.8,19.88,"UISprite","Kaiqi.Click;guanbi.Click"
"Assets/Scenes/TianTi.unity","Button 5","Canvas/RawImage 1/RawImage/RawImage 6/Button 5",false,-46.59,135.26,24.44,17.45,"UISprite","Kaiqi.Click;guanbi.Click"
"Assets/Scenes/TianTi.unity","Button 19","Canvas/RawImage 1/RawImage/RawImage 5/Button 19",false,-38.9,185.08,41.47,35.1,"UISprite","AudioSource.Play"
"Assets/Scenes/TianTi.unity","Button 6","Canvas/RawImage 1/RawImage/RawImage 13/Button 6",false,-137.12,50.38,149.8,21.7,"UISprite","Kaiqi.Click;guanbi.Click"
"Assets/Scenes/TianTi.unity","Button 13","Canvas/RawImage 1/RawImage/RawImage 7/Button 13",false,65.09,185.08,42.19,35.1,"UISprite","AudioSource.Play"
"Assets/Scenes/TianTi.unity","Button 5","Canvas/RawImage 1/RawImage/RawImage 12/Button 5",false,-137.12,74.34,149.8,20.5,"UISprite","Kaiqi.Click;guanbi.Click"
"Assets/Scenes/TianTi.unity","Button","Canvas/RawImage 1/RawImage/RawImage 9/RawImage/Button",false,1.5,-1.16,549.7,467.47,"UISprite",""
"Assets/Scenes/TianTi.unity","Button 8","Canvas/RawImage 1/RawImage/RawImage 7/Button 8",false,121.77,39.41,25.43,17.45,"UISprite","AudioSource.Play"
"Assets/Scenes/TianTi.unity","Button 6","Canvas/RawImage 1/RawImage/Button 6",true,14.2,185.08,42.02,35.1,"UISprite","Kaiqi.Click"
"Assets/Scenes/TianTi.unity","Button 2","Canvas/RawImage 1/RawImage/RawImage 9/RawImage/Button 2",false,55.24,-107.54,58.21,24.84,"UISprite","AudioSource.Play;guanbi.Click"
"Assets/Scenes/TianTi.unity","124","Canvas/RawImage 1/RawImage/RawImage 12/124",false,1.56,-1.13,550.47,468.37,"UISprite",""
"Assets/Scenes/TianTi.unity","Button 4","Canvas/RawImage 1/RawImage/RawImage 13/Button 4",false,-137.12,98.29,149.8,19.88,"UISprite","AudioSource.Play"
"Assets/Scenes/TianTi.unity","124","Canvas/RawImage 1/RawImage/RawImage 2/124",false,1.56,-1.13,550.47,468.37,"UISprite",""
"Assets/Scenes/TianTi.unity","Button 1","Canvas/RawImage 1/RawImage/RawImage 9/RawImage/Button 1",false,-43.55,-107.54,59.02,24.84,"UISprite","OGD.GoNextScene;AudioSource.Play"
"Assets/Scenes/TianTi.unity","Button 1","Canvas/RawImage 1/RawImage/RawImage 3/Button 1",false,181.59,178.36,25.74,21.71,"UISprite","Tianti.GoNextScene"
"Assets/Scenes/TianTi.unity","Button 18","Canvas/RawImage 1/RawImage/RawImage 7/Button 18",false,194.53,187.99,24.79,29.26,"UISprite","AudioSource.Play"
"Assets/Scenes/TianTi.unity","Button 3","Canvas/RawImage 1/RawImage/RawImage 6/Button 3",false,56.16,135.25,24.45,17.45,"UISprite","guanbi.Click;Kaiqi.Click"
"Assets/Scenes/TianTi.unity","128","Canvas/RawImage 1/RawImage/RawImage 9/128",false,1.5,-1.16,549.7,467.47,"UISprite",""
"Assets/Scenes/TianTi.unity","Button 6","Canvas/RawImage 1/RawImage/RawImage 12/Button 6",false,-137.12,50.38,149.8,21.7,"UISprite","AudioSource.Play"
"Assets/Scenes/TianTi.unity","Button 1","Canvas/RawImage 1/RawImage/RawImage 14/Button 1",false,201.81,179.85,27.56,21,"UISprite","Tianti.GoNextScene"
"Assets/Scenes/TianTi.unity","Button 17","Canvas/RawImage 1/RawImage/RawImage 5/Button 17",false,243.95,187.99,25.2,29.26,"UISprite","AudioSource.Play"
"Assets/Scenes/TianTi.unity","Button 5","Canvas/RawImage 1/RawImage/RawImage 11/Button 5",false,-137.12,74.79,149.8,19.89,"UISprite","AudioSource.Play"
"Assets/Scenes/TianTi.unity","Button 9","Canvas/RawImage 1/RawImage/Button 9",true,65.09,185.08,42.19,35.1,"UISprite","Kaiqi.Click"
"Assets/Scenes/TianTi.unity","Button 2","Canvas/RawImage 1/RawImage/RawImage 6/Button 2",false,-14.48,135.16,24.45,17.63,"UISprite","AudioSource.Play"
"Assets/Scenes/TianTi.unity","Button 27","Canvas/RawImage 1/RawImage/RawImage 6/Button 27",false,-239.43,187.79,30.35,40.1,"UISprite","AudioSource.Play"
"Assets/Scenes/TianTi.unity","Button 10","Canvas/RawImage 1/RawImage/RawImage 7/Button 10",false,14.2,185.08,42.02,35.1,"UISprite","AudioSource.Play"
"Assets/Scenes/TianTi.unity","Button 18","Canvas/RawImage 1/RawImage/RawImage 5/Button 18",false,194.53,187.99,24.79,29.26,"UISprite","AudioSource.Play"
"Assets/Scenes/TianTi.unity","Button 1","Canvas/RawImage 1/RawImage/RawImage 7/Button 1",false,169.33,187.39,24.46,29.8,"UISprite","Tianti.GoNextScene"
"Assets/Scenes/TianTi.unity","Button 3","Canvas/RawImage 1/RawImage/RawImage 11/Button 3",false,-137.12,122.24,149.8,22.47,"UISprite","Kaiqi.Click;guanbi.Click"
"Assets/Scenes/TianTi.unity","Button 4","Canvas/RawImage 1/RawImage/RawImage 5/Button 4",false,-7.24,39.41,52.25,17.45,"UISprite","AudioSource.Play"
"Assets/Scenes/TianTi.unity","Button 3","Canvas/RawImage 1/RawImage/Button 3",true,-153.36,185.25,63.73,35.5,"UISprite","Kaiqi.Click"
"Assets/Scenes/TianTi.unity","124","Canvas/RawImage 1/RawImage/RawImage 13/124",false,1.56,-1.13,550.47,468.37,"UISprite",""
"Assets/Scenes/TianTi.unity","Button 13","Canvas/RawImage 1/RawImage/RawImage 5/Button 13",false,65.09,185.08,42.19,35.1,"UISprite","AudioSource.Play"
"Assets/Scenes/TianTi.unity","Button 1","Canvas/RawImage 1/RawImage/RawImage 13/Button 1",false,201.81,179.85,27.56,21,"UISprite","Tianti.GoNextScene"
"Assets/Scenes/TianTi.unity","Button 3","Canvas/RawImage 1/RawImage/RawImage 5/Button 3",false,56.16,135.25,24.45,17.45,"UISprite","guanbi.Click;Kaiqi.Click"
"Assets/Scenes/TianTi.unity","Button 3","Canvas/RawImage 1/RawImage/RawImage 2/Button 3",false,32.27,-176.67,56.68,22.17,"UISprite","AudioSource.Play"
"Assets/Scenes/TianTi.unity","Button 2","Canvas/RawImage 1/RawImage/RawImage 5/Button 2",false,-14.48,135.16,24.45,17.63,"UISprite","guanbi.Click;Kaiqi.Click"
"Assets/Scenes/TianTi.unity","Button 1","Canvas/RawImage 1/RawImage/RawImage 1/Button 1",false,152.9,-176.63,57.23,22.17,"UISprite","Tianti.GoNextScene"
"Assets/Scenes/TianTi.unity","Button 3","Canvas/RawImage 1/RawImage/RawImage 14/Button 3",false,-137.12,121.79,149.8,19.89,"UISprite","AudioSource.Play"
"Assets/Scenes/TianTi.unity","Button 2","Canvas/RawImage 1/RawImage/RawImage 7/Button 2",false,-14.48,135.16,24.45,17.63,"UISprite","guanbi.Click;Kaiqi.Click"
"Assets/Scenes/TianTi.unity","Button 15","Canvas/RawImage 1/RawImage/RawImage 6/Button 15",false,-153.36,185.25,63.73,35.5,"UISprite","AudioSource.Play"
"Assets/Scenes/TianTi.unity","Button 5","Canvas/RawImage 1/RawImage/RawImage 14/Button 5",false,-137.12,74.79,149.8,19.89,"UISprite","Kaiqi.Click;guanbi.Click"
"Assets/Scenes/TianTi.unity","Button 4","Canvas/RawImage 1/RawImage/Button 4",true,-91.17,185.08,41.41,35.1,"UISprite","Kaiqi.Click"
"Assets/Scenes/TianTi.unity","Button 25","Canvas/RawImage 1/RawImage/RawImage 6/Button 25",false,194.53,187.99,24.79,29.26,"UISprite","AudioSource.Play"
"Assets/Scenes/TianTi.unity","Button 22","Canvas/RawImage 1/RawImage/RawImage 6/Button 22",false,-207.29,187.8,30.25,40.1,"UISprite","AudioSource.Play"
"Assets/Scenes/TianTi.unity","Button 28","Canvas/RawImage 1/RawImage/RawImage 6/Button 28",false,243.95,187.99,25.2,29.26,"UISprite","AudioSource.Play"
"Assets/Scenes/TianTi.unity","Button 4","Canvas/RawImage 1/RawImage/RawImage 14/Button 4",false,-137.12,98.29,149.8,19.88,"UISprite","Kaiqi.Click;guanbi.Click"
"Assets/Scenes/TianTi.unity","Button 14","Canvas/RawImage 1/RawImage/RawImage 5/Button 14",false,-153.36,185.25,63.73,35.5,"UISprite","AudioSource.Play"
"Assets/Scenes/TianTi.unity","Button 13","Canvas/RawImage 1/RawImage/Button 13",true,-207.29,187.8,30.25,40.1,"UISprite","Kaiqi.Click"
"Assets/Scenes/TianTi.unity","Button 19","Canvas/RawImage 1/RawImage/Button 19",true,251.71,-45.93,18.08,71.53,"UISprite","AudioSource.Play"
"Assets/Scenes/TianTi.unity","Button 16","Canvas/RawImage 1/RawImage/RawImage 5/Button 16",false,-207.29,187.8,30.25,40.1,"UISprite","AudioSource.Play"
"Assets/Scenes/TianTi.unity","Button 1","Canvas/RawImage 1/RawImage/RawImage 4/Button 1",false,152.88,-176.4,57.11,23.03,"UISprite","Tianti.GoNextScene"
"Assets/Scenes/TianTi.unity","Button 21","Canvas/RawImage 1/RawImage/RawImage 7/Button 21",false,-239.43,187.79,30.35,40.1,"UISprite","AudioSource.Play"
"Assets/Scenes/TianTi.unity","128","Canvas/RawImage 1/RawImage/RawImage 10/128",false,1.5,-1.16,549.7,467.47,"UISprite",""
"Assets/Scenes/TianTi.unity","Button 7","Canvas/RawImage 1/RawImage/RawImage 7/Button 7",false,224.28,-189.57,65.72,34.84,"UISprite","AudioSource.Play"
"Assets/Scenes/TianTi.unity","Button 19","Canvas/RawImage 1/RawImage/RawImage 7/Button 19",false,-38.9,185.08,41.47,35.1,"UISprite","AudioSource.Play"
"Assets/Scenes/TianTi.unity","Button 1","Canvas/RawImage 1/RawImage/RawImage 5/Button 1",false,169.4,187.24,24.78,29.08,"UISprite","Tianti.GoNextScene"
"Assets/Scenes/TianTi.unity","123","Canvas/RawImage 1/RawImage/RawImage 7/123",false,1.56,-1.13,550.47,468.37,"UISprite",""
"Assets/Scenes/TianTi.unity","Button 3","Canvas/RawImage 1/RawImage/RawImage 8/Button 3",false,-137.12,121.79,149.8,19.89,"UISprite","guanbi.Click;Kaiqi.Click"
"Assets/Scenes/TianTi.unity","Button 11","Canvas/RawImage 1/RawImage/Button 11",true,243.95,187.99,25.2,29.26,"UISprite","Kaiqi.Click"
"Assets/Scenes/TianTi.unity","Button 5","Canvas/RawImage 1/RawImage/RawImage 5/Button 5",false,224.67,-189.98,65.56,32.61,"UISprite","AudioSource.Play"
"Assets/Scenes/TianTi.unity","Button 2","Canvas/RawImage 1/RawImage/RawImage 13/Button 2",false,-137.12,145.81,149.8,20.92,"UISprite","Kaiqi.Click;guanbi.Click"
"Assets/Scenes/TianTi.unity","Button 8","Canvas/RawImage 1/RawImage/Button 8",true,194.53,187.99,24.79,29.26,"UISprite","AudioSource.Play"
"Assets/Scenes/TianTi.unity","Button 4","Canvas/RawImage 1/RawImage/RawImage 7/Button 4",false,6.39,39.41,25.52,17.45,"UISprite","AudioSource.Play"
"Assets/Scenes/TianTi.unity","Button 20","Canvas/RawImage 1/RawImage/RawImage 5/Button 20",false,219.49,187.99,24.9,29.26,"UISprite","AudioSource.Play"
"Assets/Scenes/TianTi.unity","123","Canvas/RawImage 1/RawImage/RawImage 14/123",false,1.56,-1.13,550.47,468.37,"UISprite",""
"Assets/Scenes/TianTi.unity","Button 5","Canvas/RawImage 1/RawImage/RawImage 13/Button 5",false,-137.12,74.79,149.8,19.89,"UISprite","Kaiqi.Click;guanbi.Click"
"Assets/Scenes/TianTi.unity","123","Canvas/RawImage 1/RawImage/RawImage 3/123",false,1.56,-1.13,550.47,468.37,"UISprite",""
"Assets/Scenes/TianTi.unity","Button 1","Canvas/RawImage 1/RawImage/RawImage 2/Button 1",false,153.82,-176.67,57.23,22.17,"UISprite","Tianti.GoNextScene"
"Assets/Scenes/TianTi.unity","Button 18","Canvas/RawImage 1/RawImage/Button 18",true,-28.63,-45.93,20.59,71.53,"UISprite","AudioSource.Play"
"Assets/Scenes/TianTi.unity","Button 7","Canvas/RawImage 1/RawImage/Button 7",true,-38.9,185.08,41.47,35.1,"UISprite","AudioSource.Play"
"Assets/Scenes/TianTi.unity","Button112","Canvas/RawImage 1/RawImage/RawImage 10/Button112",false,202.35,197.68,28.34,24.65,"UISprite","AudioSource.Play;guanbi.Click"
"Assets/Scenes/TianTi.unity","Button 15","Canvas/RawImage 1/RawImage/Button 15",true,209.12,130.1,33.49,18.47,"UISprite","AudioSource.Play"
"Assets/Scenes/TianTi.unity","Button 3","Canvas/RawImage 1/RawImage/RawImage 1/Button 3",false,157.97,168.46,47.14,23.64,"UISprite","AudioSource.Play"
"Assets/Scenes/TianTi.unity","Button 15","Canvas/RawImage 1/RawImage/RawImage 7/Button 15",false,-153.36,185.25,63.73,35.5,"UISprite","AudioSource.Play"
"Assets/Scenes/TianTi.unity","Button 16","Canvas/RawImage 1/RawImage/Button 16",true,173.7,130.1,32.95,18.47,"UISprite","Ziyou.GoNextScene"
"Assets/Scenes/TianTi.unity","Button 12","Canvas/RawImage 1/RawImage/Button 12",true,219.49,187.99,24.9,29.26,"UISprite","AudioSource.Play"
"Assets/Scenes/TianTi.unity","Button 4","Canvas/RawImage 1/RawImage/RawImage 6/Button 4",false,-7.24,39.41,52.25,17.45,"UISprite","AudioSource.Play"
"Assets/Scenes/TianTi.unity","Button 17","Canvas/RawImage 1/RawImage/RawImage 7/Button 17",false,243.95,187.99,25.2,29.26,"UISprite","AudioSource.Play"
"Assets/Scenes/TianTi.unity","Button 1","Canvas/RawImage 1/RawImage/RawImage 12/Button 1",false,201.81,179.85,27.56,21,"UISprite","Tianti.GoNextScene"
"Assets/Scenes/TianTi.unity","123","Canvas/RawImage 1/RawImage/RawImage 1/123",false,1.56,-1.13,550.47,468.37,"UISprite",""
"Assets/Scenes/TianTi.unity","Button 6","Canvas/RawImage 1/RawImage/RawImage 8/Button 6",false,-137.12,50.38,149.8,21.7,"UISprite","Kaiqi.Click;guanbi.Click"
"Assets/Scenes/TianTi.unity","Button 4","Canvas/RawImage 1/RawImage/RawImage 8/Button 4",false,-137.12,98.29,149.8,19.88,"UISprite","Kaiqi.Click;guanbi.Click"
"Assets/Scenes/TianTi.unity","Button 5","Canvas/RawImage 1/RawImage/RawImage 7/Button 5",false,-46.59,135.26,24.44,17.45,"UISprite","Kaiqi.Click;guanbi.Click"
"Assets/Scenes/TianTi.unity","Button 2","Canvas/RawImage 1/RawImage/RawImage 11/Button 2",false,-137.12,145.81,149.8,20.92,"UISprite","Kaiqi.Click;guanbi.Click"
"Assets/Scenes/TianTi.unity","Button 20","Canvas/RawImage 1/RawImage/Button 20",true,-183.97,-200.53,32.97,17.8,"UISprite","Kaiqi.Click"
"Assets/Scenes/TianTi.unity","Button 6","Canvas/RawImage 1/RawImage/RawImage 14/Button 6",false,-137.12,50.38,149.8,21.7,"UISprite","Kaiqi.Click;guanbi.Click"
"Assets/Scenes/TianTi.unity","Button 4","Canvas/RawImage 1/RawImage/RawImage 11/Button 4",false,-137.12,98.29,149.8,19.88,"UISprite","Kaiqi.Click;guanbi.Click"
"Assets/Scenes/TianTi.unity","Button 0","Canvas/RawImage 1/RawImage/Button 0",true,169.4,187.99,25.12,29.26,"UISprite","Zhu.GoNextScene"
"Assets/Scenes/TianTi.unity","Button 3","Canvas/RawImage 1/RawImage/RawImage 13/Button 3",false,-137.12,121.79,149.8,19.89,"UISprite","guanbi.Click;Kaiqi.Click"
"Assets/Scenes/TianTi.unity","Button113","Canvas/RawImage 1/RawImage/RawImage 9/Button113",false,202.35,197.68,28.34,24.65,"UISprite","AudioSource.Play;guanbi.Click"
"Assets/Scenes/TianTi.unity","Button 5","Canvas/RawImage 1/RawImage/Button 5",true,-239.43,187.79,30.35,40.1,"UISprite","AudioSource.Play"
"Assets/Scenes/TianTi.unity","Button 1","Canvas/RawImage 1/RawImage/RawImage 11/Button 1",false,201.81,179.85,27.56,21,"UISprite","Tianti.GoNextScene"
"Assets/Scenes/TianTi.unity","123","Canvas/RawImage 1/RawImage/RawImage 11/123",false,1.56,-1.13,550.47,468.37,"UISprite",""
"Assets/Scenes/TianTi.unity","123","Canvas/RawImage 1/RawImage/RawImage 5/123",false,1.56,-1.13,550.47,468.37,"UISprite",""
"Assets/Scenes/TianTi.unity","Button 4","Canvas/RawImage 1/RawImage/RawImage 1/Button 4",false,158,142.69,47.14,23.33,"UISprite","AudioSource.Play"
"Assets/Scenes/TianTi.unity","Button 3","Canvas/RawImage 1/RawImage/RawImage 7/Button 3",false,56.16,135.25,24.45,17.45,"UISprite","AudioSource.Play"
"Assets/Scenes/TianTi.unity","Button 24","Canvas/RawImage 1/RawImage/RawImage 6/Button 24",false,65.09,185.08,42.19,35.1,"UISprite","AudioSource.Play"
"Assets/Scenes/TianTi.unity","Button 1","Canvas/RawImage 1/RawImage/RawImage 8/Button 1",false,201.81,179.85,27.56,21,"UISprite","Tianti.GoNextScene"
"Assets/Scenes/TianTi.unity","Button 22","Canvas/RawImage 1/RawImage/RawImage 6/Button 22",false,-38.9,185.08,41.47,35.1,"UISprite","AudioSource.Play"
"Assets/Scenes/TianTi.unity","Button 2","Canvas/RawImage 1/RawImage/RawImage 12/Button 2",false,-137.12,145.78,149.8,20.59,"UISprite","guanbi.Click;Kaiqi.Click"
"Assets/Scenes/TianTi.unity","Button 10","Canvas/RawImage 1/RawImage/RawImage 5/Button 10",false,14.2,185.08,42.02,35.1,"UISprite","AudioSource.Play"
"Assets/Scenes/Shenghua.unity","Button 1","Canvas/RawImage 1/RawImage/RawImage 9/RawImage/Button 1",false,-43.55,-107.54,59.02,24.84,"UISprite","OGD.GoNextScene;AudioSource.Play"
"Assets/Scenes/Shenghua.unity","Button 14","Canvas/RawImage 1/RawImage/Button 14",true,243.95,130.1,33.77,18.47,"UISprite","AudioSource.Play"
"Assets/Scenes/Shenghua.unity","Button 1","Canvas/RawImage 1/RawImage/RawImage 6/Button 1",false,169.4,187.24,24.78,29.08,"UISprite","Shenghua.GoNextScene"
"Assets/Scenes/Shenghua.unity","Button 26","Canvas/RawImage 1/RawImage/RawImage 6/Button 26",false,219.49,187.99,24.9,29.26,"UISprite","AudioSource.Play"
"Assets/Scenes/Shenghua.unity","123","Canvas/RawImage 1/RawImage/RawImage 4/123",false,1.56,-1.13,550.47,468.37,"UISprite",""
"Assets/Scenes/Shenghua.unity","Button 2","Canvas/RawImage 1/RawImage/RawImage 2/Button 2",false,93.32,-176.67,56.85,22.17,"UISprite","AudioSource.Play"
"Assets/Scenes/Shenghua.unity","Button 2","Canvas/RawImage 1/RawImage/RawImage 1/Button 2",false,92.39,-176.67,56.85,22.17,"UISprite","AudioSource.Play"
"Assets/Scenes/Shenghua.unity","128","Canvas/RawImage 1/RawImage/RawImage 10/128",false,1.5,-1.16,549.7,467.47,"UISprite",""
"Assets/Scenes/Shenghua.unity","Button 11","Canvas/RawImage 1/RawImage/RawImage 6/Button 11",false,14.2,185.08,42.02,35.1,"UISprite","AudioSource.Play"
"Assets/Scenes/Shenghua.unity","Button 20","Canvas/RawImage 1/RawImage/RawImage 7/Button 20",false,219.49,187.99,24.9,29.26,"UISprite","AudioSource.Play"
"Assets/Scenes/Shenghua.unity","Button 16","Canvas/RawImage 1/RawImage/RawImage 7/Button 16",false,-207.29,187.8,30.25,40.1,"UISprite","AudioSource.Play"
"Assets/Scenes/Shenghua.unity","Button 21","Canvas/RawImage 1/RawImage/RawImage 5/Button 21",false,-239.43,187.79,30.35,40.1,"UISprite","AudioSource.Play"
"Assets/Scenes/Shenghua.unity","Button 6","Canvas/RawImage 1/RawImage/RawImage 6/Button 6",false,224.28,-189.57,65.72,34.84,"UISprite","AudioSource.Play"
"Assets/Scenes/Shenghua.unity","Button 5","Canvas/RawImage 1/RawImage/RawImage 6/Button 5",false,-46.59,135.26,24.44,17.45,"UISprite","Kaiqi.Click;guanbi.Click"
"Assets/Scenes/Shenghua.unity","Button 19","Canvas/RawImage 1/RawImage/RawImage 5/Button 19",false,-38.9,185.08,41.47,35.1,"UISprite","AudioSource.Play"
"Assets/Scenes/Shenghua.unity","Button 13","Canvas/RawImage 1/RawImage/RawImage 7/Button 13",false,65.09,185.08,42.19,35.1,"UISprite","AudioSource.Play"
"Assets/Scenes/Shenghua.unity","Button112","Canvas/RawImage 1/RawImage/RawImage 10/Button112",false,202.35,197.68,28.34,24.65,"UISprite","AudioSource.Play;guanbi.Click"
"Assets/Scenes/Shenghua.unity","Button111","Canvas/RawImage 1/RawImage/RawImage 9/Button111",false,1.58,-87.96,63.92,29.98,"UISprite","DHM.OnButton;AudioSource.Play"
"Assets/Scenes/Shenghua.unity","Button 8","Canvas/RawImage 1/RawImage/RawImage 7/Button 8",false,121.77,39.41,25.43,17.45,"UISprite","AudioSource.Play"
"Assets/Scenes/Shenghua.unity","Button 6","Canvas/RawImage 1/RawImage/Button 6",true,14.2,185.08,42.02,35.1,"UISprite","Kaiqi.Click"
"Assets/Scenes/Shenghua.unity","124","Canvas/RawImage 1/RawImage/RawImage 7/124",false,1.56,-1.13,550.47,468.37,"UISprite",""
"Assets/Scenes/Shenghua.unity","Button111","Canvas/RawImage 1/RawImage/RawImage 9/Button111",false,-179.94,194.68,64.16,34.66,"UISprite","Kaiqi.Click;guanbi.Click"
"Assets/Scenes/Shenghua.unity","Button 1","Canvas/RawImage 1/RawImage/RawImage 3/Button 1",false,181.59,178.36,25.74,21.71,"UISprite","Shenghua.GoNextScene"
"Assets/Scenes/Shenghua.unity","Button 18","Canvas/RawImage 1/RawImage/RawImage 7/Button 18",false,194.53,187.99,24.79,29.26,"UISprite","AudioSource.Play"
"Assets/Scenes/Shenghua.unity","123","Canvas/RawImage 1/RawImage/RawImage 6/123",false,1.56,-1.13,550.47,468.37,"UISprite",""
"Assets/Scenes/Shenghua.unity","Button 3","Canvas/RawImage 1/RawImage/RawImage 6/Button 3",false,56.16,135.25,24.45,17.45,"UISprite","guanbi.Click;Kaiqi.Click"
"Assets/Scenes/Shenghua.unity","Button 17","Canvas/RawImage 1/RawImage/RawImage 5/Button 17",false,243.95,187.99,25.2,29.26,"UISprite","AudioSource.Play"
"Assets/Scenes/Shenghua.unity","124","Canvas/RawImage 1/RawImage/RawImage 5/124",false,1.56,-1.13,550.47,468.37,"UISprite",""
"Assets/Scenes/Shenghua.unity","Button 9","Canvas/RawImage 1/RawImage/Button 9",true,65.09,185.08,42.19,35.1,"UISprite","Kaiqi.Click"
"Assets/Scenes/Shenghua.unity","Button 2","Canvas/RawImage 1/RawImage/RawImage 6/Button 2",false,-14.48,135.16,24.45,17.63,"UISprite","AudioSource.Play"
"Assets/Scenes/Shenghua.unity","Button 27","Canvas/RawImage 1/RawImage/RawImage 6/Button 27",false,-239.43,187.79,30.35,40.1,"UISprite","AudioSource.Play"
"Assets/Scenes/Shenghua.unity","Button 10","Canvas/RawImage 1/RawImage/RawImage 7/Button 10",false,14.2,185.08,42.02,35.1,"UISprite","AudioSource.Play"
"Assets/Scenes/Shenghua.unity","Button 18","Canvas/RawImage 1/RawImage/RawImage 5/Button 18",false,194.53,187.99,24.79,29.26,"UISprite","AudioSource.Play"
"Assets/Scenes/Shenghua.unity","Button 1","Canvas/RawImage 1/RawImage/Button 1",true,223.12,-56.73,65.73,31.17,"UISprite","AudioSource.Play"
"Assets/Scenes/Shenghua.unity","Button 1","Canvas/RawImage 1/RawImage/RawImage 7/Button 1",false,169.33,187.39,24.46,29.8,"UISprite","Shenghua.GoNextScene"
"Assets/Scenes/Shenghua.unity","Button113","Canvas/RawImage 1/RawImage/RawImage 9/Button113",false,202.35,197.68,28.34,24.65,"UISprite","AudioSource.Play;guanbi.Click"
"Assets/Scenes/Shenghua.unity","Button 4","Canvas/RawImage 1/RawImage/RawImage 5/Button 4",false,-7.24,39.41,52.25,17.45,"UISprite","AudioSource.Play"
"Assets/Scenes/Shenghua.unity","Button 3","Canvas/RawImage 1/RawImage/Button 3",true,-153.36,185.25,63.73,35.5,"UISprite","Kaiqi.Click"
"Assets/Scenes/Shenghua.unity","128","Canvas/RawImage 1/RawImage/RawImage 9/128",false,1.5,-1.16,549.7,467.47,"UISprite",""
"Assets/Scenes/Shenghua.unity","Button 13","Canvas/RawImage 1/RawImage/RawImage 5/Button 13",false,65.09,185.08,42.19,35.1,"UISprite","AudioSource.Play"
"Assets/Scenes/Shenghua.unity","124","Canvas/RawImage 1/RawImage/RawImage 1/124",false,1.56,-1.13,550.47,468.37,"UISprite",""
"Assets/Scenes/Shenghua.unity","Button 3","Canvas/RawImage 1/RawImage/RawImage 5/Button 3",false,56.16,135.25,24.45,17.45,"UISprite","guanbi.Click;Kaiqi.Click"
"Assets/Scenes/Shenghua.unity","Button 3","Canvas/RawImage 1/RawImage/RawImage 2/Button 3",false,32.27,-176.67,56.68,22.17,"UISprite","AudioSource.Play"
"Assets/Scenes/Shenghua.unity","Button 2","Canvas/RawImage 1/RawImage/RawImage 5/Button 2",false,-14.48,135.16,24.45,17.63,"UISprite","guanbi.Click;Kaiqi.Click"
"Assets/Scenes/Shenghua.unity","Button 1","Canvas/RawImage 1/RawImage/RawImage 1/Button 1",false,152.9,-176.63,57.23,22.17,"UISprite","Shenghua.GoNextScene"
"Assets/Scenes/Shenghua.unity","Button 2","Canvas/RawImage 1/RawImage/RawImage 7/Button 2",false,-14.48,135.16,24.45,17.63,"UISprite","guanbi.Click;Kaiqi.Click"
"Assets/Scenes/Shenghua.unity","Button 15","Canvas/RawImage 1/RawImage/RawImage 6/Button 15",false,-153.36,185.25,63.73,35.5,"UISprite","AudioSource.Play"
"Assets/Scenes/Shenghua.unity","123","Canvas/RawImage 1/RawImage/123",true,1.56,-1.13,550.47,468.37,"UISprite",""
"Assets/Scenes/Shenghua.unity","Button 4","Canvas/RawImage 1/RawImage/Button 4",true,-91.17,185.08,41.41,35.1,"UISprite","Kaiqi.Click"
"Assets/Scenes/Shenghua.unity","Button 25","Canvas/RawImage 1/RawImage/RawImage 6/Button 25",false,194.53,187.99,24.79,29.26,"UISprite","AudioSource.Play"
"Assets/Scenes/Shenghua.unity","Button 22","Canvas/RawImage 1/RawImage/RawImage 6/Button 22",false,-207.29,187.8,30.25,40.1,"UISprite","AudioSource.Play"
"Assets/Scenes/Shenghua.unity","Button 28","Canvas/RawImage 1/RawImage/RawImage 6/Button 28",false,243.95,187.99,25.2,29.26,"UISprite","AudioSource.Play"
"Assets/Scenes/Shenghua.unity","Button 14","Canvas/RawImage 1/RawImage/RawImage 5/Button 14",false,-153.36,185.25,63.73,35.5,"UISprite","AudioSource.Play"
"Assets/Scenes/Shenghua.unity","Button 13","Canvas/RawImage 1/RawImage/Button 13",true,-207.29,187.8,30.25,40.1,"UISprite","Kaiqi.Click"
"Assets/Scenes/Shenghua.unity","Button 16","Canvas/RawImage 1/RawImage/RawImage 5/Button 16",false,-207.29,187.8,30.25,40.1,"UISprite","AudioSource.Play"
"Assets/Scenes/Shenghua.unity","Button 1","Canvas/RawImage 1/RawImage/RawImage 4/Button 1",false,152.88,-176.4,57.11,23.03,"UISprite","Shenghua.GoNextScene"
"Assets/Scenes/Shenghua.unity","Button 21","Canvas/RawImage 1/RawImage/RawImage 7/Button 21",false,-239.43,187.79,30.35,40.1,"UISprite","AudioSource.Play"
"Assets/Scenes/Shenghua.unity","Button 7","Canvas/RawImage 1/RawImage/RawImage 7/Button 7",false,224.28,-189.57,65.72,34.84,"UISprite","AudioSource.Play"
"Assets/Scenes/Shenghua.unity","Button 19","Canvas/RawImage 1/RawImage/RawImage 7/Button 19",false,-38.9,185.08,41.47,35.1,"UISprite","AudioSource.Play"
"Assets/Scenes/Shenghua.unity","Button 1","Canvas/RawImage 1/RawImage/RawImage 5/Button 1",false,169.4,187.24,24.78,29.08,"UISprite","Shenghua.GoNextScene"
"Assets/Scenes/Shenghua.unity","Button 11","Canvas/RawImage 1/RawImage/Button 11",true,243.95,187.99,25.2,29.26,"UISprite","Kaiqi.Click"
"Assets/Scenes/Shenghua.unity","Button 5","Canvas/RawImage 1/RawImage/RawImage 5/Button 5",false,224.67,-189.98,65.56,32.61,"UISprite","AudioSource.Play"
"Assets/Scenes/Shenghua.unity","123","Canvas/RawImage 1/RawImage/RawImage 2/123",false,1.56,-1.13,550.47,468.37,"UISprite",""
"Assets/Scenes/Shenghua.unity","Button 8","Canvas/RawImage 1/RawImage/Button 8",true,194.53,187.99,24.79,29.26,"UISprite","AudioSource.Play"
"Assets/Scenes/Shenghua.unity","Button 4","Canvas/RawImage 1/RawImage/RawImage 7/Button 4",false,6.39,39.41,25.52,17.45,"UISprite","AudioSource.Play"
"Assets/Scenes/Shenghua.unity","Button 20","Canvas/RawImage 1/RawImage/RawImage 5/Button 20",false,219.49,187.99,24.9,29.26,"UISprite","AudioSource.Play"
"Assets/Scenes/Shenghua.unity","Button 1","Canvas/RawImage 1/RawImage/RawImage 2/Button 1",false,153.82,-176.67,57.23,22.17,"UISprite","Shenghua.GoNextScene"
"Assets/Scenes/Shenghua.unity","Button 7","Canvas/RawImage 1/RawImage/Button 7",true,-38.9,185.08,41.47,35.1,"UISprite","AudioSource.Play"
"Assets/Scenes/Shenghua.unity","Button 15","Canvas/RawImage 1/RawImage/Button 15",true,209.12,130.1,33.49,18.47,"UISprite","Tianti.GoNextScene"
"Assets/Scenes/Shenghua.unity","Button 3","Canvas/RawImage 1/RawImage/RawImage 1/Button 3",false,157.97,168.46,47.14,23.64,"UISprite","AudioSource.Play"
"Assets/Scenes/Shenghua.unity","Button 15","Canvas/RawImage 1/RawImage/RawImage 7/Button 15",false,-153.36,185.25,63.73,35.5,"UISprite","AudioSource.Play"
"Assets/Scenes/Shenghua.unity","Button 16","Canvas/RawImage 1/RawImage/Button 16",true,173.7,130.1,32.95,18.47,"UISprite","Ziyou.GoNextScene"
"Assets/Scenes/Shenghua.unity","Button 12","Canvas/RawImage 1/RawImage/Button 12",true,219.49,187.99,24.9,29.26,"UISprite","AudioSource.Play"
"Assets/Scenes/Shenghua.unity","Button 4","Canvas/RawImage 1/RawImage/RawImage 6/Button 4",false,-7.24,39.41,52.25,17.45,"UISprite","AudioSource.Play"
"Assets/Scenes/Shenghua.unity","Button 17","Canvas/RawImage 1/RawImage/RawImage 7/Button 17",false,243.95,187.99,25.2,29.26,"UISprite","AudioSource.Play"
"Assets/Scenes/Shenghua.unity","Button 5","Canvas/RawImage 1/RawImage/RawImage 7/Button 5",false,-46.59,135.26,24.44,17.45,"UISprite","Kaiqi.Click;guanbi.Click"
"Assets/Scenes/Shenghua.unity","Button","Canvas/RawImage 1/RawImage/RawImage 9/RawImage/Button",false,1.5,-1.16,549.7,467.47,"UISprite",""
"Assets/Scenes/Shenghua.unity","124","Canvas/RawImage 1/RawImage/RawImage 3/124",false,1.56,-1.13,550.47,468.37,"UISprite",""
"Assets/Scenes/Shenghua.unity","Button222","Canvas/RawImage 1/RawImage/RawImage 10/Button222",false,-115.82,195.18,62.74,33.66,"UISprite","Kaiqi.Click;guanbi.Click"
"Assets/Scenes/Shenghua.unity","Button00","Canvas/RawImage 1/RawImage/Button00",true,169.4,187.99,25.12,29.26,"UISprite","Zhu.GoNextScene"
"Assets/Scenes/Shenghua.unity","Button 2","Canvas/RawImage 1/RawImage/RawImage 9/RawImage/Button 2",false,55.24,-107.54,58.21,24.84,"UISprite","AudioSource.Play;guanbi.Click"
"Assets/Scenes/Shenghua.unity","Button 5","Canvas/RawImage 1/RawImage/Button 5",true,-239.43,187.79,30.35,40.1,"UISprite","AudioSource.Play"
"Assets/Scenes/Shenghua.unity","Button 4","Canvas/RawImage 1/RawImage/RawImage 1/Button 4",false,158,142.69,47.14,23.33,"UISprite","AudioSource.Play"
"Assets/Scenes/Shenghua.unity","Button 3","Canvas/RawImage 1/RawImage/RawImage 7/Button 3",false,56.16,135.25,24.45,17.45,"UISprite","AudioSource.Play"
"Assets/Scenes/Shenghua.unity","Button 24","Canvas/RawImage 1/RawImage/RawImage 6/Button 24",false,65.09,185.08,42.19,35.1,"UISprite","AudioSource.Play"
"Assets/Scenes/Shenghua.unity","Button 22","Canvas/RawImage 1/RawImage/RawImage 6/Button 22",false,-38.9,185.08,41.47,35.1,"UISprite","AudioSource.Play"
"Assets/Scenes/Shenghua.unity","Button 10","Canvas/RawImage 1/RawImage/RawImage 5/Button 10",false,14.2,185.08,42.02,35.1,"UISprite","AudioSource.Play"
"Assets/Scenes/Ziyou1.unity","124","Canvas/RawImage 1/RawImage/RawImage 5/124",false,1.56,-1.13,550.47,468.37,"UISprite",""
"Assets/Scenes/Ziyou1.unity","128","Canvas/RawImage 1/RawImage/RawImage 10/128",false,1.56,-1.13,550.47,468.37,"UISprite",""
"Assets/Scenes/Ziyou1.unity","Button 1","Canvas/RawImage 1/RawImage/RawImage 6/Button 1",false,169.4,187.24,24.78,29.08,"UISprite","Ziyou1.GoNextScene"
"Assets/Scenes/Ziyou1.unity","Button 26","Canvas/RawImage 1/RawImage/RawImage 6/Button 26",false,219.49,187.99,24.9,29.26,"UISprite","AudioSource.Play"
"Assets/Scenes/Ziyou1.unity","Button222","Canvas/RawImage 1/RawImage/RawImage 10/Button222",false,-115.92,195.58,62.83,33.72,"UISprite","Kaiqi.Click;guanbi.Click"
"Assets/Scenes/Ziyou1.unity","123","Canvas/RawImage 1/RawImage/RawImage 4/123",false,1.56,-1.13,550.47,468.37,"UISprite",""
"Assets/Scenes/Ziyou1.unity","Button 2","Canvas/RawImage 1/RawImage/RawImage 2/Button 2",false,93.32,-176.67,56.85,22.17,"UISprite","AudioSource.Play"
"Assets/Scenes/Ziyou1.unity","Button 2","Canvas/RawImage 1/RawImage/RawImage 1/Button 2",false,92.39,-176.67,56.85,22.17,"UISprite","AudioSource.Play"
"Assets/Scenes/Ziyou1.unity","Button 11","Canvas/RawImage 1/RawImage/RawImage 6/Button 11",false,14.2,185.08,42.02,35.1,"UISprite","AudioSource.Play"
"Assets/Scenes/Ziyou1.unity","Button 1","Canvas/RawImage 1/RawImage/RawImage 9/RawImage/Button 1",false,-43.55,-107.72,59.1,24.89,"UISprite","OGD.GoNextScene;AudioSource.Play"
"Assets/Scenes/Ziyou1.unity","Button","Canvas/RawImage 1/RawImage/RawImage 9/RawImage/Button",false,1.56,-1.13,550.47,468.37,"UISprite",""
"Assets/Scenes/Ziyou1.unity","Button 20","Canvas/RawImage 1/RawImage/RawImage 7/Button 20",false,219.49,187.99,24.9,29.26,"UISprite","AudioSource.Play"
"Assets/Scenes/Ziyou1.unity","Button 16","Canvas/RawImage 1/RawImage/RawImage 7/Button 16",false,-207.29,187.8,30.25,40.1,"UISprite","AudioSource.Play"
"Assets/Scenes/Ziyou1.unity","Button 21","Canvas/RawImage 1/RawImage/RawImage 5/Button 21",false,-239.43,187.79,30.35,40.1,"UISprite","AudioSource.Play"
"Assets/Scenes/Ziyou1.unity","Button 6","Canvas/RawImage 1/RawImage/RawImage 6/Button 6",false,224.28,-189.57,65.72,34.84,"UISprite","AudioSource.Play"
"Assets/Scenes/Ziyou1.unity","Button 5","Canvas/RawImage 1/RawImage/RawImage 6/Button 5",false,-46.59,135.26,24.44,17.45,"UISprite","Kaiqi.Click;guanbi.Click"
"Assets/Scenes/Ziyou1.unity","Button 19","Canvas/RawImage 1/RawImage/RawImage 5/Button 19",false,-38.9,185.08,41.47,35.1,"UISprite","AudioSource.Play"
"Assets/Scenes/Ziyou1.unity","Button 13","Canvas/RawImage 1/RawImage/RawImage 7/Button 13",false,65.09,185.08,42.19,35.1,"UISprite","AudioSource.Play"
"Assets/Scenes/Ziyou1.unity","124","Canvas/RawImage 1/RawImage/RawImage 1/124",false,1.56,-1.13,550.47,468.37,"UISprite",""
"Assets/Scenes/Ziyou1.unity","Button 8","Canvas/RawImage 1/RawImage/RawImage 7/Button 8",false,121.77,39.41,25.43,17.45,"UISprite","AudioSource.Play"
"Assets/Scenes/Ziyou1.unity","Button 1","Canvas/RawImage 1/RawImage/Button 1",true,148.29,-56.5,66.97,32.01,"UISprite","Chuangjian.GoNextScene"
"Assets/Scenes/Ziyou1.unity","Button 6","Canvas/RawImage 1/RawImage/Button 6",true,14.2,185.08,42.02,35.1,"UISprite","Kaiqi.Click"
"Assets/Scenes/Ziyou1.unity","Button 1","Canvas/RawImage 1/RawImage/RawImage 3/Button 1",false,181.59,178.36,25.74,21.71,"UISprite","Ziyou1.GoNextScene"
"Assets/Scenes/Ziyou1.unity","Button 18","Canvas/RawImage 1/RawImage/RawImage 7/Button 18",false,194.53,187.99,24.79,29.26,"UISprite","AudioSource.Play"
"Assets/Scenes/Ziyou1.unity","Button 3","Canvas/RawImage 1/RawImage/RawImage 6/Button 3",false,56.16,135.25,24.45,17.45,"UISprite","guanbi.Click;Kaiqi.Click"
"Assets/Scenes/Ziyou1.unity","Button 17","Canvas/RawImage 1/RawImage/RawImage 5/Button 17",false,243.95,187.99,25.2,29.26,"UISprite","AudioSource.Play"
"Assets/Scenes/Ziyou1.unity","Button 9","Canvas/RawImage 1/RawImage/Button 9",true,65.09,185.08,42.19,35.1,"UISprite","Kaiqi.Click"
"Assets/Scenes/Ziyou1.unity","Button 2","Canvas/RawImage 1/RawImage/RawImage 9/RawImage/Button 2",false,55.38,-107.72,58.29,24.89,"UISprite","AudioSource.Play;guanbi.Click"
"Assets/Scenes/Ziyou1.unity","Button 2","Canvas/RawImage 1/RawImage/RawImage 6/Button 2",false,-14.48,135.16,24.45,17.63,"UISprite","AudioSource.Play"
"Assets/Scenes/Ziyou1.unity","Button 27","Canvas/RawImage 1/RawImage/RawImage 6/Button 27",false,-239.43,187.79,30.35,40.1,"UISprite","AudioSource.Play"
"Assets/Scenes/Ziyou1.unity","Button113","Canvas/RawImage 1/RawImage/RawImage 9/Button113",false,202.69,198.09,28.38,24.7,"UISprite","AudioSource.Play;guanbi.Click"
"Assets/Scenes/Ziyou1.unity","Button 10","Canvas/RawImage 1/RawImage/RawImage 7/Button 10",false,14.2,185.08,42.02,35.1,"UISprite","AudioSource.Play"
"Assets/Scenes/Ziyou1.unity","Button 18","Canvas/RawImage 1/RawImage/RawImage 5/Button 18",false,194.53,187.99,24.79,29.26,"UISprite","AudioSource.Play"
"Assets/Scenes/Ziyou1.unity","Button 1","Canvas/RawImage 1/RawImage/RawImage 7/Button 1",false,169.33,187.39,24.46,29.8,"UISprite","Ziyou1.GoNextScene"
"Assets/Scenes/Ziyou1.unity","Button 4","Canvas/RawImage 1/RawImage/RawImage 5/Button 4",false,-7.24,39.41,52.25,17.45,"UISprite","AudioSource.Play"
"Assets/Scenes/Ziyou1.unity","Button 3","Canvas/RawImage 1/RawImage/Button 3",true,-153.36,185.25,63.73,35.5,"UISprite","Kaiqi.Click"
"Assets/Scenes/Ziyou1.unity","Button 13","Canvas/RawImage 1/RawImage/RawImage 5/Button 13",false,65.09,185.08,42.19,35.1,"UISprite","AudioSource.Play"
"Assets/Scenes/Ziyou1.unity","124","Canvas/RawImage 1/RawImage/RawImage 7/124",false,1.56,-1.13,550.47,468.37,"UISprite",""
"Assets/Scenes/Ziyou1.unity","Button 3","Canvas/RawImage 1/RawImage/RawImage 5/Button 3",false,56.16,135.25,24.45,17.45,"UISprite","guanbi.Click;Kaiqi.Click"
"Assets/Scenes/Ziyou1.unity","Button 3","Canvas/RawImage 1/RawImage/RawImage 2/Button 3",false,32.27,-176.67,56.68,22.17,"UISprite","AudioSource.Play"
"Assets/Scenes/Ziyou1.unity","Button 2","Canvas/RawImage 1/RawImage/RawImage 5/Button 2",false,-14.48,135.16,24.45,17.63,"UISprite","guanbi.Click;Kaiqi.Click"
"Assets/Scenes/Ziyou1.unity","Button 1","Canvas/RawImage 1/RawImage/RawImage 1/Button 1",false,152.9,-176.63,57.23,22.17,"UISprite","Ziyou1.GoNextScene"
"Assets/Scenes/Ziyou1.unity","Button.","Canvas/RawImage 1/RawImage/Button.",true,223.4,-56.55,65.94,32.01,"UISprite","AudioSource.Play"
"Assets/Scenes/Ziyou1.unity","Button 2","Canvas/RawImage 1/RawImage/RawImage 7/Button 2",false,-14.48,135.16,24.45,17.63,"UISprite","guanbi.Click;Kaiqi.Click"
"Assets/Scenes/Ziyou1.unity","Button 15","Canvas/RawImage 1/RawImage/RawImage 6/Button 15",false,-153.36,185.25,63.73,35.5,"UISprite","AudioSource.Play"
"Assets/Scenes/Ziyou1.unity","Button 4","Canvas/RawImage 1/RawImage/Button 4",true,-91.17,185.08,41.41,35.1,"UISprite","Kaiqi.Click"
"Assets/Scenes/Ziyou1.unity","Button 25","Canvas/RawImage 1/RawImage/RawImage 6/Button 25",false,194.53,187.99,24.79,29.26,"UISprite","AudioSource.Play"
"Assets/Scenes/Ziyou1.unity","Button 22","Canvas/RawImage 1/RawImage/RawImage 6/Button 22",false,-207.29,187.8,30.25,40.1,"UISprite","AudioSource.Play"
"Assets/Scenes/Ziyou1.unity","Button 28","Canvas/RawImage 1/RawImage/RawImage 6/Button 28",false,243.95,187.99,25.2,29.26,"UISprite","AudioSource.Play"
"Assets/Scenes/Ziyou1.unity","Button 14","Canvas/RawImage 1/RawImage/RawImage 5/Button 14",false,-153.36,185.25,63.73,35.5,"UISprite","AudioSource.Play"
"Assets/Scenes/Ziyou1.unity","124","Canvas/RawImage 1/RawImage/RawImage 3/124",false,1.56,-1.13,550.47,468.37,"UISprite",""
"Assets/Scenes/Ziyou1.unity","Button 13","Canvas/RawImage 1/RawImage/Button 13",true,-207.29,187.8,30.25,40.1,"UISprite","Kaiqi.Click"
"Assets/Scenes/Ziyou1.unity","Button 16","Canvas/RawImage 1/RawImage/RawImage 5/Button 16",false,-207.29,187.8,30.25,40.1,"UISprite","AudioSource.Play"
"Assets/Scenes/Ziyou1.unity","Button 1","Canvas/RawImage 1/RawImage/RawImage 4/Button 1",false,152.88,-176.4,57.11,23.03,"UISprite","Ziyou1.GoNextScene"
"Assets/Scenes/Ziyou1.unity","Button 2","Canvas/RawImage 1/RawImage/Button 2",true,-54.21,-56.5,64.96,32.01,"UISprite","AudioSource.Play"
"Assets/Scenes/Ziyou1.unity","Button 21","Canvas/RawImage 1/RawImage/RawImage 7/Button 21",false,-239.43,187.79,30.35,40.1,"UISprite","AudioSource.Play"
"Assets/Scenes/Ziyou1.unity","Button 7","Canvas/RawImage 1/RawImage/RawImage 7/Button 7",false,224.28,-189.57,65.72,34.84,"UISprite","AudioSource.Play"
"Assets/Scenes/Ziyou1.unity","Button 19","Canvas/RawImage 1/RawImage/RawImage 7/Button 19",false,-38.9,185.08,41.47,35.1,"UISprite","AudioSource.Play"
"Assets/Scenes/Ziyou1.unity","Button111","Canvas/RawImage 1/RawImage/RawImage 9/Button111",false,1.64,-88.09,64.01,30.04,"UISprite","DHM.OnButton;AudioSource.Play"
"Assets/Scenes/Ziyou1.unity","Button 1","Canvas/RawImage 1/RawImage/RawImage 5/Button 1",false,169.4,187.24,24.78,29.08,"UISprite","Ziyou1.GoNextScene"
"Assets/Scenes/Ziyou1.unity","Button111","Canvas/RawImage 1/RawImage/RawImage 9/Button111",false,-180.13,195.08,64.25,34.72,"UISprite","Kaiqi.Click;guanbi.Click"
"Assets/Scenes/Ziyou1.unity","Button 11","Canvas/RawImage 1/RawImage/Button 11",true,243.95,187.99,25.2,29.26,"UISprite","Kaiqi.Click"
"Assets/Scenes/Ziyou1.unity","Button 5","Canvas/RawImage 1/RawImage/RawImage 5/Button 5",false,224.67,-189.98,65.56,32.61,"UISprite","AudioSource.Play"
"Assets/Scenes/Ziyou1.unity","Button 8","Canvas/RawImage 1/RawImage/Button 8",true,194.53,187.99,24.79,29.26,"UISprite","AudioSource.Play"
"Assets/Scenes/Ziyou1.unity","Button 4","Canvas/RawImage 1/RawImage/RawImage 7/Button 4",false,6.39,39.41,25.52,17.45,"UISprite","AudioSource.Play"
"Assets/Scenes/Ziyou1.unity","Button 20","Canvas/RawImage 1/RawImage/RawImage 5/Button 20",false,219.49,187.99,24.9,29.26,"UISprite","AudioSource.Play"
"Assets/Scenes/Ziyou1.unity","123","Canvas/RawImage 1/RawImage/123",true,1.56,-1.13,550.47,468.37,"UISprite",""
"Assets/Scenes/Ziyou1.unity","128","Canvas/RawImage 1/RawImage/RawImage 9/128",false,1.56,-1.13,550.47,468.37,"UISprite",""
"Assets/Scenes/Ziyou1.unity","123","Canvas/RawImage 1/RawImage/RawImage 2/123",false,1.56,-1.13,550.47,468.37,"UISprite",""
"Assets/Scenes/Ziyou1.unity","Button 1","Canvas/RawImage 1/RawImage/RawImage 2/Button 1",false,153.82,-176.67,57.23,22.17,"UISprite","Ziyou1.GoNextScene"
"Assets/Scenes/Ziyou1.unity","Button 7","Canvas/RawImage 1/RawImage/Button 7",true,-38.9,185.08,41.47,35.1,"UISprite","AudioSource.Play"
"Assets/Scenes/Ziyou1.unity","Button 3","Canvas/RawImage 1/RawImage/RawImage 1/Button 3",false,157.97,168.46,47.14,23.64,"UISprite","AudioSource.Play"
"Assets/Scenes/Ziyou1.unity","Button 15","Canvas/RawImage 1/RawImage/RawImage 7/Button 15",false,-153.36,185.25,63.73,35.5,"UISprite","AudioSource.Play"
"Assets/Scenes/Ziyou1.unity","Button 12","Canvas/RawImage 1/RawImage/Button 12",true,219.49,187.99,24.9,29.26,"UISprite","AudioSource.Play"
"Assets/Scenes/Ziyou1.unity","Button 4","Canvas/RawImage 1/RawImage/RawImage 6/Button 4",false,-7.24,39.41,52.25,17.45,"UISprite","AudioSource.Play"
"Assets/Scenes/Ziyou1.unity","Button 17","Canvas/RawImage 1/RawImage/RawImage 7/Button 17",false,243.95,187.99,25.2,29.26,"UISprite","AudioSource.Play"
"Assets/Scenes/Ziyou1.unity","Button112","Canvas/RawImage 1/RawImage/RawImage 10/Button112",false,202.69,198.09,28.38,24.7,"UISprite","AudioSource.Play;guanbi.Click"
"Assets/Scenes/Ziyou1.unity","Button 5","Canvas/RawImage 1/RawImage/RawImage 7/Button 5",false,-46.59,135.26,24.44,17.45,"UISprite","Kaiqi.Click;guanbi.Click"
"Assets/Scenes/Ziyou1.unity","123","Canvas/RawImage 1/RawImage/RawImage 6/123",false,1.56,-1.13,550.47,468.37,"UISprite",""
"Assets/Scenes/Ziyou1.unity","Button000","Canvas/RawImage 1/RawImage/Button000",true,169.4,187.99,25.12,29.26,"UISprite","Ziyou.GoNextScene"
"Assets/Scenes/Ziyou1.unity","Button 5","Canvas/RawImage 1/RawImage/Button 5",true,-239.43,187.79,30.35,40.1,"UISprite","AudioSource.Play"
"Assets/Scenes/Ziyou1.unity","Button 4","Canvas/RawImage 1/RawImage/RawImage 1/Button 4",false,158,142.69,47.14,23.33,"UISprite","AudioSource.Play"
"Assets/Scenes/Ziyou1.unity","Button 3","Canvas/RawImage 1/RawImage/RawImage 7/Button 3",false,56.16,135.25,24.45,17.45,"UISprite","AudioSource.Play"
"Assets/Scenes/Ziyou1.unity","Button 24","Canvas/RawImage 1/RawImage/RawImage 6/Button 24",false,65.09,185.08,42.19,35.1,"UISprite","AudioSource.Play"
"Assets/Scenes/Ziyou1.unity","Button 22","Canvas/RawImage 1/RawImage/RawImage 6/Button 22",false,-38.9,185.08,41.47,35.1,"UISprite","AudioSource.Play"
"Assets/Scenes/Ziyou1.unity","Button 10","Canvas/RawImage 1/RawImage/RawImage 5/Button 10",false,14.2,185.08,42.02,35.1,"UISprite","AudioSource.Play"
"Assets/Scenes/Chuangjian.unity","Button","Canvas/RawImage 1/RawImage 2/Button",false,50.82,-107.13,56.68,21.69,"UISprite","Ziyou1.GoNextScene"
"Assets/Scenes/Chuangjian.unity","Button 2","Canvas/RawImage 1/RawImage 1/Button 2",false,-48.11,-107.48,58.6,22.38,"UISprite","FanjianGD.GoNextScene"
"Assets/Scenes/Chuangjian.unity","Button 2","Canvas/RawImage 1/RawImage 2/Button 2",false,-48.11,-107.48,58.6,22.38,"UISprite","FanjianZu.GoNextScene"
"Assets/Scenes/Chuangjian.unity","Button 1","Canvas/RawImage 1/RawImage 1/Button 1",false,107.85,-4.54,12.1,15.2,"UISprite","Kaiqi.Click;guanbi.Click"
"Assets/Scenes/Chuangjian.unity","Button 5","Canvas/RawImage 1/RawImage/Button 5",true,107.85,-4.54,12.1,15.2,"UISprite","Kaiqi.Click;guanbi.Click"
"Assets/Scenes/Chuangjian.unity","Button","Canvas/RawImage 1/RawImage 1/Button",false,50.82,-107.13,56.68,21.69,"UISprite","Ziyou1.GoNextScene"
"Assets/Scenes/Chuangjian.unity","Button 1","Canvas/RawImage 1/RawImage/Button 1",true,-48.11,-107.46,58.6,22.43,"UISprite","Fangjian.GoNextScene"
"Assets/Scenes/Chuangjian.unity","124","Canvas/RawImage 1/RawImage 1/124",false,1.56,-1.1,550.47,468.41,"UISprite",""
"Assets/Scenes/Chuangjian.unity","Button 1","Canvas/RawImage 1/RawImage 2/Button 1",false,107.63,-4.52,9.56,15.16,"UISprite","Kaiqi.Click;guanbi.Click"
"Assets/Scenes/Chuangjian.unity","Button 3","Canvas/RawImage 1/RawImage 1/Button 3",false,-6.57,-4.52,10.75,15.16,"UISprite","Kaiqi.Click;guanbi.Click"
"Assets/Scenes/Chuangjian.unity","Button","Canvas/RawImage 1/RawImage/Button",true,50.82,-107.13,56.68,21.69,"UISprite","Ziyou1.GoNextScene"
"Assets/Scenes/Chuangjian.unity","123","Canvas/RawImage 1/RawImage/123",true,1.56,-1.1,550.47,468.41,"UISprite",""
"Assets/Scenes/Chuangjian.unity","123","Canvas/RawImage 1/RawImage 2/123",false,1.56,-1.1,550.47,468.41,"UISprite",""
"Assets/Scenes/Fangjian.unity","123","Canvas/RawImage 1/RawImage/RawImage 6/123",false,1.56,-1.1,550.47,468.42,"UISprite",""
"Assets/Scenes/Fangjian.unity","Button 10","Canvas/RawImage 1/RawImage/Button 10",true,115.38,-56.48,39.05,32.01,"UISprite","AudioSource.Play"
"Assets/Scenes/Fangjian.unity","124","Canvas/RawImage 1/RawImage/RawImage 5/124",false,1.56,-1.1,550.47,468.42,"UISprite",""
"Assets/Scenes/Fangjian.unity","Button 1","Canvas/RawImage 1/RawImage/RawImage 6/Button 1",false,169.4,187.29,24.78,29.08,"UISprite","Fangjian.GoNextScene"
"Assets/Scenes/Fangjian.unity","Button 26","Canvas/RawImage 1/RawImage/RawImage 6/Button 26",false,219.49,188.04,24.9,29.26,"UISprite","AudioSource.Play"
"Assets/Scenes/Fangjian.unity","Button 2","Canvas/RawImage 1/RawImage/RawImage 2/Button 2",false,93.32,-176.66,56.85,22.18,"UISprite","AudioSource.Play"
"Assets/Scenes/Fangjian.unity","Button 2","Canvas/RawImage 1/RawImage/RawImage 1/Button 2",false,92.39,-176.66,56.85,22.18,"UISprite","AudioSource.Play"
"Assets/Scenes/Fangjian.unity","Button 11","Canvas/RawImage 1/RawImage/RawImage 6/Button 11",false,14.2,185.12,42.02,35.1,"UISprite","AudioSource.Play"
"Assets/Scenes/Fangjian.unity","Button 20","Canvas/RawImage 1/RawImage/RawImage 7/Button 20",false,219.49,188.04,24.9,29.26,"UISprite","AudioSource.Play"
"Assets/Scenes/Fangjian.unity","Button 16","Canvas/RawImage 1/RawImage/RawImage 7/Button 16",false,-207.29,187.84,30.25,40.1,"UISprite","AudioSource.Play"
"Assets/Scenes/Fangjian.unity","Button 21","Canvas/RawImage 1/RawImage/RawImage 5/Button 21",false,-239.43,187.84,30.35,40.1,"UISprite","AudioSource.Play"
"Assets/Scenes/Fangjian.unity","Button 6","Canvas/RawImage 1/RawImage/RawImage 6/Button 6",false,224.28,-189.56,65.72,34.84,"UISprite","AudioSource.Play"
"Assets/Scenes/Fangjian.unity","Button 5","Canvas/RawImage 1/RawImage/RawImage 6/Button 5",false,-46.59,135.3,24.44,17.45,"UISprite","Kaiqi.Click;guanbi.Click"
"Assets/Scenes/Fangjian.unity","Button 19","Canvas/RawImage 1/RawImage/RawImage 5/Button 19",false,-38.9,185.12,41.47,35.1,"UISprite","AudioSource.Play"
"Assets/Scenes/Fangjian.unity","Button 13","Canvas/RawImage 1/RawImage/RawImage 7/Button 13",false,65.09,185.12,42.19,35.1,"UISprite","AudioSource.Play"
"Assets/Scenes/Fangjian.unity","Button 8","Canvas/RawImage 1/RawImage/RawImage 7/Button 8",false,121.77,39.45,25.43,17.45,"UISprite","AudioSource.Play"
"Assets/Scenes/Fangjian.unity","Button 1","Canvas/RawImage 1/RawImage/Button 1",true,162.63,-56.48,39.07,32.01,"UISprite","AudioSource.Play"
"Assets/Scenes/Fangjian.unity","Button 6","Canvas/RawImage 1/RawImage/Button 6",true,14.2,185.12,42.02,35.1,"UISprite","Kaiqi.Click"
"Assets/Scenes/Fangjian.unity","123","Canvas/RawImage 1/RawImage/RawImage 4/123",false,1.56,-1.1,550.47,468.42,"UISprite",""
"Assets/Scenes/Fangjian.unity","Button 1","Canvas/RawImage 1/RawImage/RawImage 3/Button 1",false,181.59,178.41,25.74,21.71,"UISprite","Fangjian.GoNextScene"
"Assets/Scenes/Fangjian.unity","Button 18","Canvas/RawImage 1/RawImage/RawImage 7/Button 18",false,194.53,188.04,24.79,29.26,"UISprite","AudioSource.Play"
"Assets/Scenes/Fangjian.unity","Button 3","Canvas/RawImage 1/RawImage/RawImage 6/Button 3",false,56.16,135.3,24.45,17.45,"UISprite","guanbi.Click;Kaiqi.Click"
"Assets/Scenes/Fangjian.unity","Button 17","Canvas/RawImage 1/RawImage/RawImage 5/Button 17",false,243.95,188.04,25.2,29.26,"UISprite","AudioSource.Play"
"Assets/Scenes/Fangjian.unity","Button 9","Canvas/RawImage 1/RawImage/Button 9",true,65.09,185.12,42.19,35.1,"UISprite","AudioSource.Play"
"Assets/Scenes/Fangjian.unity","Button 2","Canvas/RawImage 1/RawImage/RawImage 6/Button 2",false,-14.48,135.21,24.45,17.63,"UISprite","AudioSource.Play"
"Assets/Scenes/Fangjian.unity","Button 27","Canvas/RawImage 1/RawImage/RawImage 6/Button 27",false,-239.43,187.84,30.35,40.1,"UISprite","AudioSource.Play"
"Assets/Scenes/Fangjian.unity","Button 10","Canvas/RawImage 1/RawImage/RawImage 7/Button 10",false,14.2,185.12,42.02,35.1,"UISprite","AudioSource.Play"
"Assets/Scenes/Fangjian.unity","Button 18","Canvas/RawImage 1/RawImage/RawImage 5/Button 18",false,194.53,188.04,24.79,29.26,"UISprite","AudioSource.Play"
"Assets/Scenes/Fangjian.unity","Button 1","Canvas/RawImage 1/RawImage/RawImage 7/Button 1",false,169.33,187.44,24.46,29.8,"UISprite","Fangjian.GoNextScene"
"Assets/Scenes/Fangjian.unity","Button 4","Canvas/RawImage 1/RawImage/RawImage 5/Button 4",false,-7.24,39.45,52.25,17.45,"UISprite","AudioSource.Play"
"Assets/Scenes/Fangjian.unity","Button 3","Canvas/RawImage 1/RawImage/Button 3",true,-153.36,185.3,63.73,35.51,"UISprite","Kaiqi.Click"
"Assets/Scenes/Fangjian.unity","Button 13","Canvas/RawImage 1/RawImage/RawImage 5/Button 13",false,65.09,185.12,42.19,35.1,"UISprite","AudioSource.Play"
"Assets/Scenes/Fangjian.unity","Button 3","Canvas/RawImage 1/RawImage/RawImage 5/Button 3",false,56.16,135.3,24.45,17.45,"UISprite","guanbi.Click;Kaiqi.Click"
"Assets/Scenes/Fangjian.unity","Button 3","Canvas/RawImage 1/RawImage/RawImage 2/Button 3",false,32.27,-176.66,56.68,22.18,"UISprite","AudioSource.Play"
"Assets/Scenes/Fangjian.unity","Button 2","Canvas/RawImage 1/RawImage/RawImage 5/Button 2",false,-14.48,135.21,24.45,17.63,"UISprite","guanbi.Click;Kaiqi.Click"
"Assets/Scenes/Fangjian.unity","124","Canvas/RawImage 1/RawImage/RawImage 7/124",false,1.56,-1.1,550.47,468.42,"UISprite",""
"Assets/Scenes/Fangjian.unity","Button. 1","Canvas/RawImage 1/RawImage/Button. 1",true,-131.77,45.68,16.76,14.42,"UISprite","FanjianGD.GoNextScene"
"Assets/Scenes/Fangjian.unity","Button 1","Canvas/RawImage 1/RawImage/RawImage 1/Button 1",false,152.9,-176.61,57.23,22.18,"UISprite","Fangjian.GoNextScene"
"Assets/Scenes/Fangjian.unity","Button.","Canvas/RawImage 1/RawImage/Button.",true,223.4,-56.53,65.94,32.01,"UISprite","CXG1.GoNextScene"
"Assets/Scenes/Fangjian.unity","Button 2","Canvas/RawImage 1/RawImage/RawImage 7/Button 2",false,-14.48,135.21,24.45,17.63,"UISprite","guanbi.Click;Kaiqi.Click"
"Assets/Scenes/Fangjian.unity","Button 15","Canvas/RawImage 1/RawImage/RawImage 6/Button 15",false,-153.36,185.3,63.73,35.51,"UISprite","AudioSource.Play"
"Assets/Scenes/Fangjian.unity","123","Canvas/RawImage 1/RawImage/RawImage 2/123",false,1.56,-1.1,550.47,468.42,"UISprite",""
"Assets/Scenes/Fangjian.unity","Button 4","Canvas/RawImage 1/RawImage/Button 4",true,-91.17,185.12,41.41,35.1,"UISprite","Kaiqi.Click"
"Assets/Scenes/Fangjian.unity","Button 25","Canvas/RawImage 1/RawImage/RawImage 6/Button 25",false,194.53,188.04,24.79,29.26,"UISprite","AudioSource.Play"
"Assets/Scenes/Fangjian.unity","Button 22","Canvas/RawImage 1/RawImage/RawImage 6/Button 22",false,-207.29,187.84,30.25,40.1,"UISprite","AudioSource.Play"
"Assets/Scenes/Fangjian.unity","124","Canvas/RawImage 1/RawImage/RawImage 1/124",false,1.56,-1.1,550.47,468.42,"UISprite",""
"Assets/Scenes/Fangjian.unity","Button 28","Canvas/RawImage 1/RawImage/RawImage 6/Button 28",false,243.95,188.04,25.2,29.26,"UISprite","AudioSource.Play"
"Assets/Scenes/Fangjian.unity","Button 14","Canvas/RawImage 1/RawImage/RawImage 5/Button 14",false,-153.36,185.3,63.73,35.51,"UISprite","AudioSource.Play"
"Assets/Scenes/Fangjian.unity","Button 13","Canvas/RawImage 1/RawImage/Button 13",true,-207.29,187.84,30.25,40.1,"UISprite","Kaiqi.Click"
"Assets/Scenes/Fangjian.unity","Button 16","Canvas/RawImage 1/RawImage/RawImage 5/Button 16",false,-207.29,187.84,30.25,40.1,"UISprite","AudioSource.Play"
"Assets/Scenes/Fangjian.unity","Button 1","Canvas/RawImage 1/RawImage/RawImage 4/Button 1",false,152.88,-176.39,57.11,23.03,"UISprite","Fangjian.GoNextScene"
"Assets/Scenes/Fangjian.unity","Button000","Canvas/RawImage 1/RawImage/Button000",true,-53.61,-56.48,66.16,32.01,"UISprite","AudioSource.Play"
"Assets/Scenes/Fangjian.unity","Button 21","Canvas/RawImage 1/RawImage/RawImage 7/Button 21",false,-239.43,187.84,30.35,40.1,"UISprite","AudioSource.Play"
"Assets/Scenes/Fangjian.unity","Button 7","Canvas/RawImage 1/RawImage/RawImage 7/Button 7",false,224.28,-189.56,65.72,34.84,"UISprite","AudioSource.Play"
"Assets/Scenes/Fangjian.unity","Button 19","Canvas/RawImage 1/RawImage/RawImage 7/Button 19",false,-38.9,185.12,41.47,35.1,"UISprite","AudioSource.Play"
"Assets/Scenes/Fangjian.unity","Button 1","Canvas/RawImage 1/RawImage/RawImage 5/Button 1",false,169.4,187.29,24.78,29.08,"UISprite","Fangjian.GoNextScene"
"Assets/Scenes/Fangjian.unity","Button 11","Canvas/RawImage 1/RawImage/Button 11",true,243.95,188.04,25.2,29.26,"UISprite","Kaiqi.Click"
"Assets/Scenes/Fangjian.unity","Button 5","Canvas/RawImage 1/RawImage/RawImage 5/Button 5",false,224.67,-189.96,65.56,32.61,"UISprite","AudioSource.Play"
"Assets/Scenes/Fangjian.unity","Button 8","Canvas/RawImage 1/RawImage/Button 8",true,194.53,188.04,24.79,29.26,"UISprite","AudioSource.Play"
"Assets/Scenes/Fangjian.unity","Button 4","Canvas/RawImage 1/RawImage/RawImage 7/Button 4",false,6.39,39.45,25.52,17.45,"UISprite","AudioSource.Play"
"Assets/Scenes/Fangjian.unity","Button 20","Canvas/RawImage 1/RawImage/RawImage 5/Button 20",false,219.49,188.04,24.9,29.26,"UISprite","AudioSource.Play"
"Assets/Scenes/Fangjian.unity","124","Canvas/RawImage 1/RawImage/RawImage 3/124",false,1.56,-1.1,550.47,468.42,"UISprite",""
"Assets/Scenes/Fangjian.unity","Button 1","Canvas/RawImage 1/RawImage/RawImage 2/Button 1",false,153.82,-176.66,57.23,22.18,"UISprite","Fangjian.GoNextScene"
"Assets/Scenes/Fangjian.unity","Button 7","Canvas/RawImage 1/RawImage/Button 7",true,-38.9,185.12,41.47,35.1,"UISprite","AudioSource.Play"
"Assets/Scenes/Fangjian.unity","Button 3","Canvas/RawImage 1/RawImage/RawImage 1/Button 3",false,157.97,168.51,47.14,23.64,"UISprite","AudioSource.Play"
"Assets/Scenes/Fangjian.unity","Button 15","Canvas/RawImage 1/RawImage/RawImage 7/Button 15",false,-153.36,185.3,63.73,35.51,"UISprite","AudioSource.Play"
"Assets/Scenes/Fangjian.unity","123","Canvas/RawImage 1/RawImage/123",true,1.56,-1.1,550.47,468.42,"UISprite",""
"Assets/Scenes/Fangjian.unity","Button 16","Canvas/RawImage 1/RawImage/Button 16",true,174.21,43.03,175.99,140.74,"UISprite","Fanliedao.GoNextScene"
"Assets/Scenes/Fangjian.unity","Button 12","Canvas/RawImage 1/RawImage/Button 12",true,219.49,188.04,24.9,29.26,"UISprite","AudioSource.Play"
"Assets/Scenes/Fangjian.unity","Button 4","Canvas/RawImage 1/RawImage/RawImage 6/Button 4",false,-7.24,39.45,52.25,17.45,"UISprite","AudioSource.Play"
"Assets/Scenes/Fangjian.unity","Button 17","Canvas/RawImage 1/RawImage/RawImage 7/Button 17",false,243.95,188.04,25.2,29.26,"UISprite","AudioSource.Play"
"Assets/Scenes/Fangjian.unity","Button 5","Canvas/RawImage 1/RawImage/RawImage 7/Button 5",false,-46.59,135.3,24.44,17.45,"UISprite","Kaiqi.Click;guanbi.Click"
"Assets/Scenes/Fangjian.unity","Button00","Canvas/RawImage 1/RawImage/Button00",true,169.4,188.04,25.12,29.26,"UISprite","Ziyou1.GoNextScene"
"Assets/Scenes/Fangjian.unity","Button 5","Canvas/RawImage 1/RawImage/Button 5",true,-239.43,187.84,30.35,40.1,"UISprite","AudioSource.Play"
"Assets/Scenes/Fangjian.unity","Button 4","Canvas/RawImage 1/RawImage/RawImage 1/Button 4",false,158,142.73,47.14,23.33,"UISprite","AudioSource.Play"
"Assets/Scenes/Fangjian.unity","Button 3","Canvas/RawImage 1/RawImage/RawImage 7/Button 3",false,56.16,135.3,24.45,17.45,"UISprite","AudioSource.Play"
"Assets/Scenes/Fangjian.unity","Button 24","Canvas/RawImage 1/RawImage/RawImage 6/Button 24",false,65.09,185.12,42.19,35.1,"UISprite","AudioSource.Play"
"Assets/Scenes/Fangjian.unity","Button 22","Canvas/RawImage 1/RawImage/RawImage 6/Button 22",false,-38.9,185.12,41.47,35.1,"UISprite","AudioSource.Play"
"Assets/Scenes/Fangjian.unity","Button 10","Canvas/RawImage 1/RawImage/RawImage 5/Button 10",false,14.2,185.12,42.02,35.1,"UISprite","AudioSource.Play"
"Assets/Scenes/Fanliedao.unity","123","Canvas/RawImage 1/RawImage/123",true,1.56,-1.13,550.47,468.37,"UISprite",""
"Assets/Scenes/Fanliedao.unity","Button 10","Canvas/RawImage 1/RawImage/Button 10",true,115.38,-56.5,39.05,32.01,"UISprite","AudioSource.Play"
"Assets/Scenes/Fanliedao.unity","Button 1","Canvas/RawImage 1/RawImage/RawImage 6/Button 1",false,169.4,187.24,24.78,29.08,"UISprite","Fanliedao.GoNextScene"
"Assets/Scenes/Fanliedao.unity","Button 26","Canvas/RawImage 1/RawImage/RawImage 6/Button 26",false,219.49,187.99,24.9,29.26,"UISprite","AudioSource.Play"
"Assets/Scenes/Fanliedao.unity","Button 2","Canvas/RawImage 1/RawImage/RawImage 2/Button 2",false,93.32,-176.67,56.85,22.17,"UISprite","AudioSource.Play"
"Assets/Scenes/Fanliedao.unity","Button 2","Canvas/RawImage 1/RawImage/RawImage 1/Button 2",false,92.39,-176.67,56.85,22.17,"UISprite","AudioSource.Play"
"Assets/Scenes/Fanliedao.unity","124","Canvas/RawImage 1/RawImage/RawImage 6/124",false,1.56,-1.13,550.47,468.37,"UISprite",""
"Assets/Scenes/Fanliedao.unity","Button 11","Canvas/RawImage 1/RawImage/RawImage 6/Button 11",false,14.2,185.08,42.02,35.1,"UISprite","AudioSource.Play"
"Assets/Scenes/Fanliedao.unity","Button 20","Canvas/RawImage 1/RawImage/RawImage 7/Button 20",false,219.49,187.99,24.9,29.26,"UISprite","AudioSource.Play"
"Assets/Scenes/Fanliedao.unity","Button 16","Canvas/RawImage 1/RawImage/RawImage 7/Button 16",false,-207.29,187.8,30.25,40.1,"UISprite","AudioSource.Play"
"Assets/Scenes/Fanliedao.unity","Button 21","Canvas/RawImage 1/RawImage/RawImage 5/Button 21",false,-239.43,187.79,30.35,40.1,"UISprite","AudioSource.Play"
"Assets/Scenes/Fanliedao.unity","Button 6","Canvas/RawImage 1/RawImage/RawImage 6/Button 6",false,224.28,-189.57,65.72,34.84,"UISprite","AudioSource.Play"
"Assets/Scenes/Fanliedao.unity","Button 5","Canvas/RawImage 1/RawImage/RawImage 6/Button 5",false,-46.59,135.26,24.44,17.45,"UISprite","Kaiqi.Click;guanbi.Click"
"Assets/Scenes/Fanliedao.unity","Button 19","Canvas/RawImage 1/RawImage/RawImage 5/Button 19",false,-38.9,185.08,41.47,35.1,"UISprite","AudioSource.Play"
"Assets/Scenes/Fanliedao.unity","Button 13","Canvas/RawImage 1/RawImage/RawImage 7/Button 13",false,65.09,185.08,42.19,35.1,"UISprite","AudioSource.Play"
"Assets/Scenes/Fanliedao.unity","Button 8","Canvas/RawImage 1/RawImage/RawImage 7/Button 8",false,121.77,39.41,25.43,17.45,"UISprite","AudioSource.Play"
"Assets/Scenes/Fanliedao.unity","Button 1","Canvas/RawImage 1/RawImage/Button 1",true,162.63,-56.5,39.07,32.01,"UISprite","AudioSource.Play"
"Assets/Scenes/Fanliedao.unity","Button 6","Canvas/RawImage 1/RawImage/Button 6",true,14.2,185.08,42.02,35.1,"UISprite","Kaiqi.Click"
"Assets/Scenes/Fanliedao.unity","Button 1","Canvas/RawImage 1/RawImage/RawImage 3/Button 1",false,181.59,178.36,25.74,21.71,"UISprite","Fanliedao.GoNextScene"
"Assets/Scenes/Fanliedao.unity","Button 18","Canvas/RawImage 1/RawImage/RawImage 7/Button 18",false,194.53,187.99,24.79,29.26,"UISprite","AudioSource.Play"
"Assets/Scenes/Fanliedao.unity","Button 3","Canvas/RawImage 1/RawImage/RawImage 6/Button 3",false,56.16,135.25,24.45,17.45,"UISprite","guanbi.Click;Kaiqi.Click"
"Assets/Scenes/Fanliedao.unity","Button 17","Canvas/RawImage 1/RawImage/RawImage 5/Button 17",false,243.95,187.99,25.2,29.26,"UISprite","AudioSource.Play"
"Assets/Scenes/Fanliedao.unity","Button 9","Canvas/RawImage 1/RawImage/Button 9",true,65.09,185.08,42.19,35.1,"UISprite","AudioSource.Play"
"Assets/Scenes/Fanliedao.unity","Button 2","Canvas/RawImage 1/RawImage/RawImage 6/Button 2",false,-14.48,135.16,24.45,17.63,"UISprite","AudioSource.Play"
"Assets/Scenes/Fanliedao.unity","Button 27","Canvas/RawImage 1/RawImage/RawImage 6/Button 27",false,-239.43,187.79,30.35,40.1,"UISprite","AudioSource.Play"
"Assets/Scenes/Fanliedao.unity","Button 10","Canvas/RawImage 1/RawImage/RawImage 7/Button 10",false,14.2,185.08,42.02,35.1,"UISprite","AudioSource.Play"
"Assets/Scenes/Fanliedao.unity","Button 18","Canvas/RawImage 1/RawImage/RawImage 5/Button 18",false,194.53,187.99,24.79,29.26,"UISprite","AudioSource.Play"
"Assets/Scenes/Fanliedao.unity","Button 1","Canvas/RawImage 1/RawImage/RawImage 7/Button 1",false,169.33,187.39,24.46,29.8,"UISprite","Fanliedao.GoNextScene"
"Assets/Scenes/Fanliedao.unity","Button 4","Canvas/RawImage 1/RawImage/RawImage 5/Button 4",false,-7.24,39.41,52.25,17.45,"UISprite","AudioSource.Play"
"Assets/Scenes/Fanliedao.unity","Button 3","Canvas/RawImage 1/RawImage/Button 3",true,-153.36,185.25,63.73,35.5,"UISprite","Kaiqi.Click"
"Assets/Scenes/Fanliedao.unity","Button 13","Canvas/RawImage 1/RawImage/RawImage 5/Button 13",false,65.09,185.08,42.19,35.1,"UISprite","AudioSource.Play"
"Assets/Scenes/Fanliedao.unity","123","Canvas/RawImage 1/RawImage/RawImage 5/123",false,1.56,-1.13,550.47,468.37,"UISprite",""
"Assets/Scenes/Fanliedao.unity","Button 3","Canvas/RawImage 1/RawImage/RawImage 5/Button 3",false,56.16,135.25,24.45,17.45,"UISprite","guanbi.Click;Kaiqi.Click"
"Assets/Scenes/Fanliedao.unity","Button 3","Canvas/RawImage 1/RawImage/RawImage 2/Button 3",false,32.27,-176.67,56.68,22.17,"UISprite","AudioSource.Play"
"Assets/Scenes/Fanliedao.unity","Button 2","Canvas/RawImage 1/RawImage/RawImage 5/Button 2",false,-14.48,135.16,24.45,17.63,"UISprite","guanbi.Click;Kaiqi.Click"
"Assets/Scenes/Fanliedao.unity","Button 1","Canvas/RawImage 1/RawImage/RawImage 1/Button 1",false,152.9,-176.63,57.23,22.17,"UISprite","Fanliedao.GoNextScene"
"Assets/Scenes/Fanliedao.unity","Button.","Canvas/RawImage 1/RawImage/Button.",true,223.4,-56.55,65.94,32.01,"UISprite","CXG2.GoNextScene"
"Assets/Scenes/Fanliedao.unity","Button 2","Canvas/RawImage 1/RawImage/RawImage 7/Button 2",false,-14.48,135.16,24.45,17.63,"UISprite","guanbi.Click;Kaiqi.Click"
"Assets/Scenes/Fanliedao.unity","Button 15","Canvas/RawImage 1/RawImage/RawImage 6/Button 15",false,-153.36,185.25,63.73,35.5,"UISprite","AudioSource.Play"
"Assets/Scenes/Fanliedao.unity","Button 4","Canvas/RawImage 1/RawImage/Button 4",true,-91.17,185.08,41.41,35.1,"UISprite","Kaiqi.Click"
"Assets/Scenes/Fanliedao.unity","Button 25","Canvas/RawImage 1/RawImage/RawImage 6/Button 25",false,194.53,187.99,24.79,29.26,"UISprite","AudioSource.Play"
"Assets/Scenes/Fanliedao.unity","Button 22","Canvas/RawImage 1/RawImage/RawImage 6/Button 22",false,-207.29,187.8,30.25,40.1,"UISprite","AudioSource.Play"
"Assets/Scenes/Fanliedao.unity","Button 28","Canvas/RawImage 1/RawImage/RawImage 6/Button 28",false,243.95,187.99,25.2,29.26,"UISprite","AudioSource.Play"
"Assets/Scenes/Fanliedao.unity","Button 14","Canvas/RawImage 1/RawImage/RawImage 5/Button 14",false,-153.36,185.25,63.73,35.5,"UISprite","AudioSource.Play"
"Assets/Scenes/Fanliedao.unity","Button 13","Canvas/RawImage 1/RawImage/Button 13",true,-207.29,187.8,30.25,40.1,"UISprite","Kaiqi.Click"
"Assets/Scenes/Fanliedao.unity","Button 16","Canvas/RawImage 1/RawImage/RawImage 5/Button 16",false,-207.29,187.8,30.25,40.1,"UISprite","AudioSource.Play"
"Assets/Scenes/Fanliedao.unity","Button 1","Canvas/RawImage 1/RawImage/RawImage 4/Button 1",false,152.88,-176.4,57.11,23.03,"UISprite","Fanliedao.GoNextScene"
"Assets/Scenes/Fanliedao.unity","Button000","Canvas/RawImage 1/RawImage/Button000",true,-53.61,-56.5,66.16,32.01,"UISprite","AudioSource.Play"
"Assets/Scenes/Fanliedao.unity","Button 21","Canvas/RawImage 1/RawImage/RawImage 7/Button 21",false,-239.43,187.79,30.35,40.1,"UISprite","AudioSource.Play"
"Assets/Scenes/Fanliedao.unity","Button 7","Canvas/RawImage 1/RawImage/RawImage 7/Button 7",false,224.28,-189.57,65.72,34.84,"UISprite","AudioSource.Play"
"Assets/Scenes/Fanliedao.unity","Button 19","Canvas/RawImage 1/RawImage/RawImage 7/Button 19",false,-38.9,185.08,41.47,35.1,"UISprite","AudioSource.Play"
"Assets/Scenes/Fanliedao.unity","Button 1","Canvas/RawImage 1/RawImage/RawImage 5/Button 1",false,169.4,187.24,24.78,29.08,"UISprite","Fanliedao.GoNextScene"
"Assets/Scenes/Fanliedao.unity","Button 11","Canvas/RawImage 1/RawImage/Button 11",true,243.95,187.99,25.2,29.26,"UISprite","Kaiqi.Click"
"Assets/Scenes/Fanliedao.unity","Button 5","Canvas/RawImage 1/RawImage/RawImage 5/Button 5",false,224.67,-189.98,65.56,32.61,"UISprite","AudioSource.Play"
"Assets/Scenes/Fanliedao.unity","Button 8","Canvas/RawImage 1/RawImage/Button 8",true,194.53,187.99,24.79,29.26,"UISprite","AudioSource.Play"
"Assets/Scenes/Fanliedao.unity","Button 4","Canvas/RawImage 1/RawImage/RawImage 7/Button 4",false,6.39,39.41,25.52,17.45,"UISprite","AudioSource.Play"
"Assets/Scenes/Fanliedao.unity","Button 20","Canvas/RawImage 1/RawImage/RawImage 5/Button 20",false,219.49,187.99,24.9,29.26,"UISprite","AudioSource.Play"
"Assets/Scenes/Fanliedao.unity","123","Canvas/RawImage 1/RawImage/RawImage 3/123",false,1.56,-1.13,550.47,468.37,"UISprite",""
"Assets/Scenes/Fanliedao.unity","Button 1","Canvas/RawImage 1/RawImage/RawImage 2/Button 1",false,153.82,-176.67,57.23,22.17,"UISprite","Fanliedao.GoNextScene"
"Assets/Scenes/Fanliedao.unity","Button 7","Canvas/RawImage 1/RawImage/Button 7",true,-38.9,185.08,41.47,35.1,"UISprite","AudioSource.Play"
"Assets/Scenes/Fanliedao.unity","Button 3","Canvas/RawImage 1/RawImage/RawImage 1/Button 3",false,157.97,168.46,47.14,23.64,"UISprite","AudioSource.Play"
"Assets/Scenes/Fanliedao.unity","Button 15","Canvas/RawImage 1/RawImage/RawImage 7/Button 15",false,-153.36,185.25,63.73,35.5,"UISprite","AudioSource.Play"
"Assets/Scenes/Fanliedao.unity","Button 16","Canvas/RawImage 1/RawImage/Button 16",true,-4.03,43,173.45,140.72,"UISprite","Fangjian.GoNextScene"
"Assets/Scenes/Fanliedao.unity","Button 12","Canvas/RawImage 1/RawImage/Button 12",true,219.49,187.99,24.9,29.26,"UISprite","AudioSource.Play"
"Assets/Scenes/Fanliedao.unity","124","Canvas/RawImage 1/RawImage/RawImage 2/124",false,1.56,-1.13,550.47,468.37,"UISprite",""
"Assets/Scenes/Fanliedao.unity","Button 4","Canvas/RawImage 1/RawImage/RawImage 6/Button 4",false,-7.24,39.41,52.25,17.45,"UISprite","AudioSource.Play"
"Assets/Scenes/Fanliedao.unity","Button 17","Canvas/RawImage 1/RawImage/RawImage 7/Button 17",false,243.95,187.99,25.2,29.26,"UISprite","AudioSource.Play"
"Assets/Scenes/Fanliedao.unity","123","Canvas/RawImage 1/RawImage/RawImage 1/123",false,1.56,-1.13,550.47,468.37,"UISprite",""
"Assets/Scenes/Fanliedao.unity","Button 5","Canvas/RawImage 1/RawImage/RawImage 7/Button 5",false,-46.59,135.26,24.44,17.45,"UISprite","Kaiqi.Click;guanbi.Click"
"Assets/Scenes/Fanliedao.unity","Button00","Canvas/RawImage 1/RawImage/Button00",true,169.4,187.99,25.12,29.26,"UISprite","Ziyou1.GoNextScene"
"Assets/Scenes/Fanliedao.unity","Button 5","Canvas/RawImage 1/RawImage/Button 5",true,-239.43,187.79,30.35,40.1,"UISprite","AudioSource.Play"
"Assets/Scenes/Fanliedao.unity","Button. 1","Canvas/RawImage 1/RawImage/Button. 1",true,-132.11,45.81,17.44,14.1,"UISprite","FanjianGD.GoNextScene"
"Assets/Scenes/Fanliedao.unity","124","Canvas/RawImage 1/RawImage/RawImage 4/124",false,1.56,-1.13,550.47,468.37,"UISprite",""
"Assets/Scenes/Fanliedao.unity","Button 4","Canvas/RawImage 1/RawImage/RawImage 1/Button 4",false,158,142.69,47.14,23.33,"UISprite","AudioSource.Play"
"Assets/Scenes/Fanliedao.unity","Button 3","Canvas/RawImage 1/RawImage/RawImage 7/Button 3",false,56.16,135.25,24.45,17.45,"UISprite","AudioSource.Play"
"Assets/Scenes/Fanliedao.unity","124","Canvas/RawImage 1/RawImage/RawImage 7/124",false,1.56,-1.13,550.47,468.37,"UISprite",""
"Assets/Scenes/Fanliedao.unity","Button 24","Canvas/RawImage 1/RawImage/RawImage 6/Button 24",false,65.09,185.08,42.19,35.1,"UISprite","AudioSource.Play"
"Assets/Scenes/Fanliedao.unity","Button 22","Canvas/RawImage 1/RawImage/RawImage 6/Button 22",false,-38.9,185.08,41.47,35.1,"UISprite","AudioSource.Play"
"Assets/Scenes/Fanliedao.unity","Button 10","Canvas/RawImage 1/RawImage/RawImage 5/Button 10",false,14.2,185.08,42.02,35.1,"UISprite","AudioSource.Play"
"Assets/Scenes/TianTi1.unity","123","Canvas/RawImage 1/RawImage/123",true,1.56,-1.13,550.47,468.37,"UISprite",""
"Assets/Scenes/TianTi1.unity","Button 1","Canvas/RawImage 1/RawImage/RawImage 6/Button 1",false,169.4,187.24,24.78,29.08,"UISprite","Tian1.GoNextScene"
"Assets/Scenes/TianTi1.unity","Button 26","Canvas/RawImage 1/RawImage/RawImage 6/Button 26",false,219.49,187.99,24.9,29.26,"UISprite","AudioSource.Play"
"Assets/Scenes/TianTi1.unity","Button 2","Canvas/RawImage 1/RawImage/RawImage 2/Button 2",false,93.32,-176.67,56.85,22.17,"UISprite","AudioSource.Play"
"Assets/Scenes/TianTi1.unity","Button 2","Canvas/RawImage 1/RawImage/RawImage 1/Button 2",false,92.39,-176.67,56.85,22.17,"UISprite","AudioSource.Play"
"Assets/Scenes/TianTi1.unity","Button 11","Canvas/RawImage 1/RawImage/RawImage 6/Button 11",false,14.2,185.08,42.02,35.1,"UISprite","AudioSource.Play"
"Assets/Scenes/TianTi1.unity","Button 20","Canvas/RawImage 1/RawImage/RawImage 7/Button 20",false,219.49,187.99,24.9,29.26,"UISprite","AudioSource.Play"
"Assets/Scenes/TianTi1.unity","Button 18","Canvas/RawImage 1/RawImage/Button 18",true,-212.06,-94.3,25.71,13.64,"UISprite","AudioSource.Play"
"Assets/Scenes/TianTi1.unity","Button 16","Canvas/RawImage 1/RawImage/RawImage 7/Button 16",false,-207.29,187.8,30.25,40.1,"UISprite","AudioSource.Play"
"Assets/Scenes/TianTi1.unity","Button 21","Canvas/RawImage 1/RawImage/RawImage 5/Button 21",false,-239.43,187.79,30.35,40.1,"UISprite","AudioSource.Play"
"Assets/Scenes/TianTi1.unity","Button 17","Canvas/RawImage 1/RawImage/Button 17",true,-6.97,-18.77,17.06,13.73,"UISprite","AudioSource.Play"
"Assets/Scenes/TianTi1.unity","Button 6","Canvas/RawImage 1/RawImage/RawImage 6/Button 6",false,224.28,-189.57,65.72,34.84,"UISprite","AudioSource.Play"
"Assets/Scenes/TianTi1.unity","Button 5","Canvas/RawImage 1/RawImage/RawImage 6/Button 5",false,-46.59,135.26,24.44,17.45,"UISprite","Kaiqi.Click;guanbi.Click"
"Assets/Scenes/TianTi1.unity","Button 19","Canvas/RawImage 1/RawImage/RawImage 5/Button 19",false,-38.9,185.08,41.47,35.1,"UISprite","AudioSource.Play"
"Assets/Scenes/TianTi1.unity","Button 13","Canvas/RawImage 1/RawImage/RawImage 7/Button 13",false,65.09,185.08,42.19,35.1,"UISprite","AudioSource.Play"
"Assets/Scenes/TianTi1.unity","123","Canvas/RawImage 1/RawImage/RawImage 2/123",false,1.56,-1.13,550.47,468.37,"UISprite",""
"Assets/Scenes/TianTi1.unity","Button 8","Canvas/RawImage 1/RawImage/RawImage 7/Button 8",false,121.77,39.41,25.43,17.45,"UISprite","AudioSource.Play"
"Assets/Scenes/TianTi1.unity","Button 6","Canvas/RawImage 1/RawImage/Button 6",true,14.2,185.08,42.02,35.1,"UISprite","Kaiqi.Click"
"Assets/Scenes/TianTi1.unity","Button 1","Canvas/RawImage 1/RawImage/RawImage 3/Button 1",false,181.59,178.36,25.74,21.71,"UISprite","Tian1.GoNextScene"
"Assets/Scenes/TianTi1.unity","124","Canvas/RawImage 1/RawImage/RawImage 5/124",false,1.56,-1.13,550.47,468.37,"UISprite",""
"Assets/Scenes/TianTi1.unity","Button 18","Canvas/RawImage 1/RawImage/RawImage 7/Button 18",false,194.53,187.99,24.79,29.26,"UISprite","AudioSource.Play"
"Assets/Scenes/TianTi1.unity","Button 3","Canvas/RawImage 1/RawImage/RawImage 6/Button 3",false,56.16,135.25,24.45,17.45,"UISprite","guanbi.Click;Kaiqi.Click"
"Assets/Scenes/TianTi1.unity","Button .","Canvas/RawImage 1/RawImage/Button .",true,223.32,-55.65,66.05,31.29,"UISprite","AudioSource.Play"
"Assets/Scenes/TianTi1.unity","Button 17","Canvas/RawImage 1/RawImage/RawImage 5/Button 17",false,243.95,187.99,25.2,29.26,"UISprite","AudioSource.Play"
"Assets/Scenes/TianTi1.unity","Button 9","Canvas/RawImage 1/RawImage/Button 9",true,65.09,185.08,42.19,35.1,"UISprite","AudioSource.Play"
"Assets/Scenes/TianTi1.unity","Button 2","Canvas/RawImage 1/RawImage/RawImage 6/Button 2",false,-14.48,135.16,24.45,17.63,"UISprite","AudioSource.Play"
"Assets/Scenes/TianTi1.unity","Button 27","Canvas/RawImage 1/RawImage/RawImage 6/Button 27",false,-239.43,187.79,30.35,40.1,"UISprite","AudioSource.Play"
"Assets/Scenes/TianTi1.unity","Button 10","Canvas/RawImage 1/RawImage/RawImage 7/Button 10",false,14.2,185.08,42.02,35.1,"UISprite","AudioSource.Play"
"Assets/Scenes/TianTi1.unity","Button 18","Canvas/RawImage 1/RawImage/RawImage 5/Button 18",false,194.53,187.99,24.79,29.26,"UISprite","AudioSource.Play"
"Assets/Scenes/TianTi1.unity","Button 1","Canvas/RawImage 1/RawImage/Button 1",true,17.37,-55.65,65.74,31.29,"UISprite","AudioSource.Play"
"Assets/Scenes/TianTi1.unity","Button 1","Canvas/RawImage 1/RawImage/RawImage 7/Button 1",false,169.33,187.39,24.46,29.8,"UISprite","Tian1.GoNextScene"
"Assets/Scenes/TianTi1.unity","Button 4","Canvas/RawImage 1/RawImage/RawImage 5/Button 4",false,-7.24,39.41,52.25,17.45,"UISprite","AudioSource.Play"
"Assets/Scenes/TianTi1.unity","Button 3","Canvas/RawImage 1/RawImage/Button 3",true,-153.36,185.25,63.73,35.5,"UISprite","Kaiqi.Click"
"Assets/Scenes/TianTi1.unity","Button 13","Canvas/RawImage 1/RawImage/RawImage 5/Button 13",false,65.09,185.08,42.19,35.1,"UISprite","AudioSource.Play"
"Assets/Scenes/TianTi1.unity","Button 3","Canvas/RawImage 1/RawImage/RawImage 5/Button 3",false,56.16,135.25,24.45,17.45,"UISprite","guanbi.Click;Kaiqi.Click"
"Assets/Scenes/TianTi1.unity","Button 3","Canvas/RawImage 1/RawImage/RawImage 2/Button 3",false,32.27,-176.67,56.68,22.17,"UISprite","AudioSource.Play"
"Assets/Scenes/TianTi1.unity","Button 2","Canvas/RawImage 1/RawImage/RawImage 5/Button 2",false,-14.48,135.16,24.45,17.63,"UISprite","guanbi.Click;Kaiqi.Click"
"Assets/Scenes/TianTi1.unity","Button 1","Canvas/RawImage 1/RawImage/RawImage 1/Button 1",false,152.9,-176.63,57.23,22.17,"UISprite","Tian1.GoNextScene"
"Assets/Scenes/TianTi1.unity","Button 2","Canvas/RawImage 1/RawImage/RawImage 7/Button 2",false,-14.48,135.16,24.45,17.63,"UISprite","guanbi.Click;Kaiqi.Click"
"Assets/Scenes/TianTi1.unity","Button 15","Canvas/RawImage 1/RawImage/RawImage 6/Button 15",false,-153.36,185.25,63.73,35.5,"UISprite","AudioSource.Play"
"Assets/Scenes/TianTi1.unity","Button 4","Canvas/RawImage 1/RawImage/Button 4",true,-91.17,185.08,41.41,35.1,"UISprite","Kaiqi.Click"
"Assets/Scenes/TianTi1.unity","Button 25","Canvas/RawImage 1/RawImage/RawImage 6/Button 25",false,194.53,187.99,24.79,29.26,"UISprite","AudioSource.Play"
"Assets/Scenes/TianTi1.unity","Button 22","Canvas/RawImage 1/RawImage/RawImage 6/Button 22",false,-207.29,187.8,30.25,40.1,"UISprite","AudioSource.Play"
"Assets/Scenes/TianTi1.unity","Button 28","Canvas/RawImage 1/RawImage/RawImage 6/Button 28",false,243.95,187.99,25.2,29.26,"UISprite","AudioSource.Play"
"Assets/Scenes/TianTi1.unity","Button 14","Canvas/RawImage 1/RawImage/RawImage 5/Button 14",false,-153.36,185.25,63.73,35.5,"UISprite","AudioSource.Play"
"Assets/Scenes/TianTi1.unity","Button 13","Canvas/RawImage 1/RawImage/Button 13",true,-207.29,187.8,30.25,40.1,"UISprite","Kaiqi.Click"
"Assets/Scenes/TianTi1.unity","Button 16","Canvas/RawImage 1/RawImage/RawImage 5/Button 16",false,-207.29,187.8,30.25,40.1,"UISprite","AudioSource.Play"
"Assets/Scenes/TianTi1.unity","Button 1","Canvas/RawImage 1/RawImage/RawImage 4/Button 1",false,152.88,-176.4,57.11,23.03,"UISprite","Tian1.GoNextScene"
"Assets/Scenes/TianTi1.unity","Button 21","Canvas/RawImage 1/RawImage/RawImage 7/Button 21",false,-239.43,187.79,30.35,40.1,"UISprite","AudioSource.Play"
"Assets/Scenes/TianTi1.unity","Button 7","Canvas/RawImage 1/RawImage/RawImage 7/Button 7",false,224.28,-189.57,65.72,34.84,"UISprite","AudioSource.Play"
"Assets/Scenes/TianTi1.unity","Button 19","Canvas/RawImage 1/RawImage/RawImage 7/Button 19",false,-38.9,185.08,41.47,35.1,"UISprite","AudioSource.Play"
"Assets/Scenes/TianTi1.unity","Button 1","Canvas/RawImage 1/RawImage/RawImage 5/Button 1",false,169.4,187.24,24.78,29.08,"UISprite","Tian1.GoNextScene"
"Assets/Scenes/TianTi1.unity","Button 11","Canvas/RawImage 1/RawImage/Button 11",true,243.95,187.99,25.2,29.26,"UISprite","Kaiqi.Click"
"Assets/Scenes/TianTi1.unity","Button 5","Canvas/RawImage 1/RawImage/RawImage 5/Button 5",false,224.67,-189.98,65.56,32.61,"UISprite","AudioSource.Play"
"Assets/Scenes/TianTi1.unity","Button 8","Canvas/RawImage 1/RawImage/Button 8",true,194.53,187.99,24.79,29.26,"UISprite","AudioSource.Play"
"Assets/Scenes/TianTi1.unity","Button 4","Canvas/RawImage 1/RawImage/RawImage 7/Button 4",false,6.39,39.41,25.52,17.45,"UISprite","AudioSource.Play"
"Assets/Scenes/TianTi1.unity","Button 20","Canvas/RawImage 1/RawImage/RawImage 5/Button 20",false,219.49,187.99,24.9,29.26,"UISprite","AudioSource.Play"
"Assets/Scenes/TianTi1.unity","124","Canvas/RawImage 1/RawImage/RawImage 1/124",false,1.56,-1.13,550.47,468.37,"UISprite",""
"Assets/Scenes/TianTi1.unity","Button 1","Canvas/RawImage 1/RawImage/RawImage 2/Button 1",false,153.82,-176.67,57.23,22.17,"UISprite","Tian1.GoNextScene"
"Assets/Scenes/TianTi1.unity","Button 7","Canvas/RawImage 1/RawImage/Button 7",true,-38.9,185.08,41.47,35.1,"UISprite","AudioSource.Play"
"Assets/Scenes/TianTi1.unity","124","Canvas/RawImage 1/RawImage/RawImage 3/124",false,1.56,-1.13,550.47,468.37,"UISprite",""
"Assets/Scenes/TianTi1.unity","Button 3","Canvas/RawImage 1/RawImage/RawImage 1/Button 3",false,157.97,168.46,47.14,23.64,"UISprite","AudioSource.Play"
"Assets/Scenes/TianTi1.unity","Button 15","Canvas/RawImage 1/RawImage/RawImage 7/Button 15",false,-153.36,185.25,63.73,35.5,"UISprite","AudioSource.Play"
"Assets/Scenes/TianTi1.unity","Button 16","Canvas/RawImage 1/RawImage/Button 16",true,-178.32,-94.3,24.77,13.63,"UISprite","Tian2.GoNextScene"
"Assets/Scenes/TianTi1.unity","Button 12","Canvas/RawImage 1/RawImage/Button 12",true,219.49,187.99,24.9,29.26,"UISprite","AudioSource.Play"
"Assets/Scenes/TianTi1.unity","123","Canvas/RawImage 1/RawImage/RawImage 4/123",false,1.56,-1.13,550.47,468.37,"UISprite",""
"Assets/Scenes/TianTi1.unity","Button 4","Canvas/RawImage 1/RawImage/RawImage 6/Button 4",false,-7.24,39.41,52.25,17.45,"UISprite","AudioSource.Play"
"Assets/Scenes/TianTi1.unity","Button 17","Canvas/RawImage 1/RawImage/RawImage 7/Button 17",false,243.95,187.99,25.2,29.26,"UISprite","AudioSource.Play"
"Assets/Scenes/TianTi1.unity","Button 5","Canvas/RawImage 1/RawImage/RawImage 7/Button 5",false,-46.59,135.26,24.44,17.45,"UISprite","Kaiqi.Click;guanbi.Click"
"Assets/Scenes/TianTi1.unity","Button.","Canvas/RawImage 1/RawImage/Button.",true,169.4,187.99,25.12,29.26,"UISprite","Tianti.GoNextScene"
"Assets/Scenes/TianTi1.unity","Button 2","Canvas/RawImage 1/RawImage/Button 2",true,-55.57,-55.65,65.97,31.29,"UISprite","AudioSource.Play"
"Assets/Scenes/TianTi1.unity","123","Canvas/RawImage 1/RawImage/RawImage 6/123",false,1.56,-1.13,550.47,468.37,"UISprite",""
"Assets/Scenes/TianTi1.unity","Button 5","Canvas/RawImage 1/RawImage/Button 5",true,-239.43,187.79,30.35,40.1,"UISprite","AudioSource.Play"
"Assets/Scenes/TianTi1.unity","Button 4","Canvas/RawImage 1/RawImage/RawImage 1/Button 4",false,158,142.69,47.14,23.33,"UISprite","AudioSource.Play"
"Assets/Scenes/TianTi1.unity","Button 3","Canvas/RawImage 1/RawImage/RawImage 7/Button 3",false,56.16,135.25,24.45,17.45,"UISprite","AudioSource.Play"
"Assets/Scenes/TianTi1.unity","Button 24","Canvas/RawImage 1/RawImage/RawImage 6/Button 24",false,65.09,185.08,42.19,35.1,"UISprite","AudioSource.Play"
"Assets/Scenes/TianTi1.unity","124","Canvas/RawImage 1/RawImage/RawImage 7/124",false,1.56,-1.13,550.47,468.37,"UISprite",""
"Assets/Scenes/TianTi1.unity","Button 22","Canvas/RawImage 1/RawImage/RawImage 6/Button 22",false,-38.9,185.08,41.47,35.1,"UISprite","AudioSource.Play"
"Assets/Scenes/TianTi1.unity","Button 10","Canvas/RawImage 1/RawImage/RawImage 5/Button 10",false,14.2,185.08,42.02,35.1,"UISprite","AudioSource.Play"
"Assets/Scenes/TianTi2.unity","124","Canvas/RawImage 1/RawImage/RawImage 7/124",false,1.56,-1.13,550.47,468.37,"UISprite",""
"Assets/Scenes/TianTi2.unity","Button 1","Canvas/RawImage 1/RawImage/RawImage 6/Button 1",false,169.4,187.24,24.78,29.08,"UISprite","Tian2.GoNextScene"
"Assets/Scenes/TianTi2.unity","Button 26","Canvas/RawImage 1/RawImage/RawImage 6/Button 26",false,219.49,187.99,24.9,29.26,"UISprite","AudioSource.Play"
"Assets/Scenes/TianTi2.unity","Button 2","Canvas/RawImage 1/RawImage/RawImage 2/Button 2",false,93.32,-176.67,56.85,22.17,"UISprite","AudioSource.Play"
"Assets/Scenes/TianTi2.unity","Button 2","Canvas/RawImage 1/RawImage/RawImage 1/Button 2",false,92.39,-176.67,56.85,22.17,"UISprite","AudioSource.Play"
"Assets/Scenes/TianTi2.unity","Button 11","Canvas/RawImage 1/RawImage/RawImage 6/Button 11",false,14.2,185.08,42.02,35.1,"UISprite","AudioSource.Play"
"Assets/Scenes/TianTi2.unity","124","Canvas/RawImage 1/RawImage/RawImage 5/124",false,1.56,-1.13,550.47,468.37,"UISprite",""
"Assets/Scenes/TianTi2.unity","Button 20","Canvas/RawImage 1/RawImage/RawImage 7/Button 20",false,219.49,187.99,24.9,29.26,"UISprite","AudioSource.Play"
"Assets/Scenes/TianTi2.unity","Button 18","Canvas/RawImage 1/RawImage/Button 18",true,-212.06,-94.3,25.71,13.64,"UISprite","Tian1.GoNextScene"
"Assets/Scenes/TianTi2.unity","Button 16","Canvas/RawImage 1/RawImage/RawImage 7/Button 16",false,-207.29,187.8,30.25,40.1,"UISprite","AudioSource.Play"
"Assets/Scenes/TianTi2.unity","Button 21","Canvas/RawImage 1/RawImage/RawImage 5/Button 21",false,-239.43,187.79,30.35,40.1,"UISprite","AudioSource.Play"
"Assets/Scenes/TianTi2.unity","Button 17","Canvas/RawImage 1/RawImage/Button 17",true,-6.97,-18.77,17.06,13.73,"UISprite","AudioSource.Play"
"Assets/Scenes/TianTi2.unity","Button 6","Canvas/RawImage 1/RawImage/RawImage 6/Button 6",false,224.28,-189.57,65.72,34.84,"UISprite","AudioSource.Play"
"Assets/Scenes/TianTi2.unity","Button 5","Canvas/RawImage 1/RawImage/RawImage 6/Button 5",false,-46.59,135.26,24.44,17.45,"UISprite","Kaiqi.Click;guanbi.Click"
"Assets/Scenes/TianTi2.unity","Button 19","Canvas/RawImage 1/RawImage/RawImage 5/Button 19",false,-38.9,185.08,41.47,35.1,"UISprite","AudioSource.Play"
"Assets/Scenes/TianTi2.unity","Button 13","Canvas/RawImage 1/RawImage/RawImage 7/Button 13",false,65.09,185.08,42.19,35.1,"UISprite","AudioSource.Play"
"Assets/Scenes/TianTi2.unity","124","Canvas/RawImage 1/RawImage/RawImage 3/124",false,1.56,-1.13,550.47,468.37,"UISprite",""
"Assets/Scenes/TianTi2.unity","123","Canvas/RawImage 1/RawImage/RawImage 4/123",false,1.56,-1.13,550.47,468.37,"UISprite",""
"Assets/Scenes/TianTi2.unity","124","Canvas/RawImage 1/RawImage/RawImage 1/124",false,1.56,-1.13,550.47,468.37,"UISprite",""
"Assets/Scenes/TianTi2.unity","Button 8","Canvas/RawImage 1/RawImage/RawImage 7/Button 8",false,121.77,39.41,25.43,17.45,"UISprite","AudioSource.Play"
"Assets/Scenes/TianTi2.unity","Button 6","Canvas/RawImage 1/RawImage/Button 6",true,14.2,185.08,42.02,35.1,"UISprite","Kaiqi.Click"
"Assets/Scenes/TianTi2.unity","123","Canvas/RawImage 1/RawImage/123",true,1.56,-1.13,550.47,468.37,"UISprite",""
"Assets/Scenes/TianTi2.unity","Button 1","Canvas/RawImage 1/RawImage/RawImage 3/Button 1",false,181.59,178.36,25.74,21.71,"UISprite","Tian2.GoNextScene"
"Assets/Scenes/TianTi2.unity","Button 18","Canvas/RawImage 1/RawImage/RawImage 7/Button 18",false,194.53,187.99,24.79,29.26,"UISprite","AudioSource.Play"
"Assets/Scenes/TianTi2.unity","Button 3","Canvas/RawImage 1/RawImage/RawImage 6/Button 3",false,56.16,135.25,24.45,17.45,"UISprite","guanbi.Click;Kaiqi.Click"
"Assets/Scenes/TianTi2.unity","Button .","Canvas/RawImage 1/RawImage/Button .",true,223.32,-55.65,66.05,31.29,"UISprite","AudioSource.Play"
"Assets/Scenes/TianTi2.unity","Button 17","Canvas/RawImage 1/RawImage/RawImage 5/Button 17",false,243.95,187.99,25.2,29.26,"UISprite","AudioSource.Play"
"Assets/Scenes/TianTi2.unity","Button 9","Canvas/RawImage 1/RawImage/Button 9",true,65.09,185.08,42.19,35.1,"UISprite","AudioSource.Play"
"Assets/Scenes/TianTi2.unity","Button 2","Canvas/RawImage 1/RawImage/RawImage 6/Button 2",false,-14.48,135.16,24.45,17.63,"UISprite","AudioSource.Play"
"Assets/Scenes/TianTi2.unity","Button 27","Canvas/RawImage 1/RawImage/RawImage 6/Button 27",false,-239.43,187.79,30.35,40.1,"UISprite","AudioSource.Play"
"Assets/Scenes/TianTi2.unity","Button 10","Canvas/RawImage 1/RawImage/RawImage 7/Button 10",false,14.2,185.08,42.02,35.1,"UISprite","AudioSource.Play"
"Assets/Scenes/TianTi2.unity","Button 18","Canvas/RawImage 1/RawImage/RawImage 5/Button 18",false,194.53,187.99,24.79,29.26,"UISprite","AudioSource.Play"
"Assets/Scenes/TianTi2.unity","Button 1","Canvas/RawImage 1/RawImage/Button 1",true,17.37,-55.65,65.74,31.29,"UISprite","AudioSource.Play"
"Assets/Scenes/TianTi2.unity","Button 1","Canvas/RawImage 1/RawImage/RawImage 7/Button 1",false,169.33,187.39,24.46,29.8,"UISprite","Tian2.GoNextScene"
"Assets/Scenes/TianTi2.unity","Button 4","Canvas/RawImage 1/RawImage/RawImage 5/Button 4",false,-7.24,39.41,52.25,17.45,"UISprite","AudioSource.Play"
"Assets/Scenes/TianTi2.unity","Button 3","Canvas/RawImage 1/RawImage/Button 3",true,-153.36,185.25,63.73,35.5,"UISprite","Kaiqi.Click"
"Assets/Scenes/TianTi2.unity","Button 13","Canvas/RawImage 1/RawImage/RawImage 5/Button 13",false,65.09,185.08,42.19,35.1,"UISprite","AudioSource.Play"
"Assets/Scenes/TianTi2.unity","Button 3","Canvas/RawImage 1/RawImage/RawImage 5/Button 3",false,56.16,135.25,24.45,17.45,"UISprite","guanbi.Click;Kaiqi.Click"
"Assets/Scenes/TianTi2.unity","Button 3","Canvas/RawImage 1/RawImage/RawImage 2/Button 3",false,32.27,-176.67,56.68,22.17,"UISprite","AudioSource.Play"
"Assets/Scenes/TianTi2.unity","Button 2","Canvas/RawImage 1/RawImage/RawImage 5/Button 2",false,-14.48,135.16,24.45,17.63,"UISprite","guanbi.Click;Kaiqi.Click"
"Assets/Scenes/TianTi2.unity","Button 1","Canvas/RawImage 1/RawImage/RawImage 1/Button 1",false,152.9,-176.63,57.23,22.17,"UISprite","Tian2.GoNextScene"
"Assets/Scenes/TianTi2.unity","Button 2","Canvas/RawImage 1/RawImage/RawImage 7/Button 2",false,-14.48,135.16,24.45,17.63,"UISprite","guanbi.Click;Kaiqi.Click"
"Assets/Scenes/TianTi2.unity","Button 15","Canvas/RawImage 1/RawImage/RawImage 6/Button 15",false,-153.36,185.25,63.73,35.5,"UISprite","AudioSource.Play"
"Assets/Scenes/TianTi2.unity","Button 4","Canvas/RawImage 1/RawImage/Button 4",true,-91.17,185.08,41.41,35.1,"UISprite","Kaiqi.Click"
"Assets/Scenes/TianTi2.unity","Button 25","Canvas/RawImage 1/RawImage/RawImage 6/Button 25",false,194.53,187.99,24.79,29.26,"UISprite","AudioSource.Play"
"Assets/Scenes/TianTi2.unity","Button 22","Canvas/RawImage 1/RawImage/RawImage 6/Button 22",false,-207.29,187.8,30.25,40.1,"UISprite","AudioSource.Play"
"Assets/Scenes/TianTi2.unity","Button 28","Canvas/RawImage 1/RawImage/RawImage 6/Button 28",false,243.95,187.99,25.2,29.26,"UISprite","AudioSource.Play"
"Assets/Scenes/TianTi2.unity","Button 14","Canvas/RawImage 1/RawImage/RawImage 5/Button 14",false,-153.36,185.25,63.73,35.5,"UISprite","AudioSource.Play"
"Assets/Scenes/TianTi2.unity","Button 13","Canvas/RawImage 1/RawImage/Button 13",true,-207.29,187.8,30.25,40.1,"UISprite","Kaiqi.Click"
"Assets/Scenes/TianTi2.unity","Button 16","Canvas/RawImage 1/RawImage/RawImage 5/Button 16",false,-207.29,187.8,30.25,40.1,"UISprite","AudioSource.Play"
"Assets/Scenes/TianTi2.unity","Button 1","Canvas/RawImage 1/RawImage/RawImage 4/Button 1",false,152.88,-176.4,57.11,23.03,"UISprite","Tian2.GoNextScene"
"Assets/Scenes/TianTi2.unity","Button 21","Canvas/RawImage 1/RawImage/RawImage 7/Button 21",false,-239.43,187.79,30.35,40.1,"UISprite","AudioSource.Play"
"Assets/Scenes/TianTi2.unity","Button 7","Canvas/RawImage 1/RawImage/RawImage 7/Button 7",false,224.28,-189.57,65.72,34.84,"UISprite","AudioSource.Play"
"Assets/Scenes/TianTi2.unity","Button 19","Canvas/RawImage 1/RawImage/RawImage 7/Button 19",false,-38.9,185.08,41.47,35.1,"UISprite","AudioSource.Play"
"Assets/Scenes/TianTi2.unity","Button 1","Canvas/RawImage 1/RawImage/RawImage 5/Button 1",false,169.4,187.24,24.78,29.08,"UISprite","Tian2.GoNextScene"
"Assets/Scenes/TianTi2.unity","Button 11","Canvas/RawImage 1/RawImage/Button 11",true,243.95,187.99,25.2,29.26,"UISprite","Kaiqi.Click"
"Assets/Scenes/TianTi2.unity","Button 5","Canvas/RawImage 1/RawImage/RawImage 5/Button 5",false,224.67,-189.98,65.56,32.61,"UISprite","AudioSource.Play"
"Assets/Scenes/TianTi2.unity","Button 8","Canvas/RawImage 1/RawImage/Button 8",true,194.53,187.99,24.79,29.26,"UISprite","AudioSource.Play"
"Assets/Scenes/TianTi2.unity","Button 4","Canvas/RawImage 1/RawImage/RawImage 7/Button 4",false,6.39,39.41,25.52,17.45,"UISprite","AudioSource.Play"
"Assets/Scenes/TianTi2.unity","Button 20","Canvas/RawImage 1/RawImage/RawImage 5/Button 20",false,219.49,187.99,24.9,29.26,"UISprite","AudioSource.Play"
"Assets/Scenes/TianTi2.unity","Button 1","Canvas/RawImage 1/RawImage/RawImage 2/Button 1",false,153.82,-176.67,57.23,22.17,"UISprite","Tian2.GoNextScene"
"Assets/Scenes/TianTi2.unity","Button 7","Canvas/RawImage 1/RawImage/Button 7",true,-38.9,185.08,41.47,35.1,"UISprite","AudioSource.Play"
"Assets/Scenes/TianTi2.unity","Button 3","Canvas/RawImage 1/RawImage/RawImage 1/Button 3",false,157.97,168.46,47.14,23.64,"UISprite","AudioSource.Play"
"Assets/Scenes/TianTi2.unity","Button 15","Canvas/RawImage 1/RawImage/RawImage 7/Button 15",false,-153.36,185.25,63.73,35.5,"UISprite","AudioSource.Play"
"Assets/Scenes/TianTi2.unity","Button 16","Canvas/RawImage 1/RawImage/Button 16",true,-178.32,-94.3,24.77,13.63,"UISprite","AudioSource.Play"
"Assets/Scenes/TianTi2.unity","Button 12","Canvas/RawImage 1/RawImage/Button 12",true,219.49,187.99,24.9,29.26,"UISprite","AudioSource.Play"
"Assets/Scenes/TianTi2.unity","Button 4","Canvas/RawImage 1/RawImage/RawImage 6/Button 4",false,-7.24,39.41,52.25,17.45,"UISprite","AudioSource.Play"
"Assets/Scenes/TianTi2.unity","Button 17","Canvas/RawImage 1/RawImage/RawImage 7/Button 17",false,243.95,187.99,25.2,29.26,"UISprite","AudioSource.Play"
"Assets/Scenes/TianTi2.unity","Button 5","Canvas/RawImage 1/RawImage/RawImage 7/Button 5",false,-46.59,135.26,24.44,17.45,"UISprite","Kaiqi.Click;guanbi.Click"
"Assets/Scenes/TianTi2.unity","123","Canvas/RawImage 1/RawImage/RawImage 2/123",false,1.56,-1.13,550.47,468.37,"UISprite",""
"Assets/Scenes/TianTi2.unity","Button00","Canvas/RawImage 1/RawImage/Button00",true,169.4,187.99,25.12,29.26,"UISprite","Tianti.GoNextScene"
"Assets/Scenes/TianTi2.unity","Button 2","Canvas/RawImage 1/RawImage/Button 2",true,-55.57,-55.65,65.97,31.29,"UISprite","AudioSource.Play"
"Assets/Scenes/TianTi2.unity","123","Canvas/RawImage 1/RawImage/RawImage 6/123",false,1.56,-1.13,550.47,468.37,"UISprite",""
"Assets/Scenes/TianTi2.unity","Button 5","Canvas/RawImage 1/RawImage/Button 5",true,-239.43,187.79,30.35,40.1,"UISprite","AudioSource.Play"
"Assets/Scenes/TianTi2.unity","Button 4","Canvas/RawImage 1/RawImage/RawImage 1/Button 4",false,158,142.69,47.14,23.33,"UISprite","AudioSource.Play"
"Assets/Scenes/TianTi2.unity","Button 3","Canvas/RawImage 1/RawImage/RawImage 7/Button 3",false,56.16,135.25,24.45,17.45,"UISprite","AudioSource.Play"
"Assets/Scenes/TianTi2.unity","Button 24","Canvas/RawImage 1/RawImage/RawImage 6/Button 24",false,65.09,185.08,42.19,35.1,"UISprite","AudioSource.Play"
"Assets/Scenes/TianTi2.unity","Button 22","Canvas/RawImage 1/RawImage/RawImage 6/Button 22",false,-38.9,185.08,41.47,35.1,"UISprite","AudioSource.Play"
"Assets/Scenes/TianTi2.unity","Button 10","Canvas/RawImage 1/RawImage/RawImage 5/Button 10",false,14.2,185.08,42.02,35.1,"UISprite","AudioSource.Play"
"Assets/Scenes/True XLC.unity","Button","Canvas/Button",true,62.41,-108.44,65.97,21.8,"UISprite","AudioSource.Play;loading.GoNextScene"
"Assets/Scenes/True XLC.unity","Button 2","Canvas/Button 2",true,-51.98,-108.64,64.45,21.7,"UISprite","AudioSource.Play;XLC.GoNextScene"
"Assets/Scenes/Jidixiaozhen.unity","Button","Canvas/Button",false,0,0,0,0,"UISprite","Shenghua.GoNextScene"
"Assets/Scenes/Jidixiaozhen.unity","Button 0","Canvas/Button 0",false,0,0,0,0,"UISprite","JiXu2.Click"
"Assets/Scenes/Gongdi2.unity","Button0","Canvas/Button0",false,0,0,0,0,"UISprite","JiXu2.Click"
"Assets/Scenes/Gongdi2.unity","Button .","Canvas/Button .",false,0,0,0,0,"UISprite","FanjianGDliedao.GoNextScene"
"Assets/Scenes/Gongdi2.unity","123","Canvas/123",false,0,0,0,0,"UISprite",""
"Assets/Scenes/FanjianGD.unity","Button 10","Canvas/RawImage 1/RawImage/Button 10",true,115.38,-56.5,39.05,32.01,"UISprite","AudioSource.Play"
"Assets/Scenes/FanjianGD.unity","Button 14","Canvas/RawImage 1/RawImage/Button 14",true,173.55,131.04,176.24,20.34,"UISprite","FanjianGDlie.GoNextScene"
"Assets/Scenes/FanjianGD.unity","Button 1","Canvas/RawImage 1/RawImage/RawImage 6/Button 1",false,169.4,187.24,24.78,29.08,"UISprite","FanjianGD.GoNextScene"
"Assets/Scenes/FanjianGD.unity","Button 26","Canvas/RawImage 1/RawImage/RawImage 6/Button 26",false,219.49,187.99,24.9,29.26,"UISprite","AudioSource.Play"
"Assets/Scenes/FanjianGD.unity","Button 2","Canvas/RawImage 1/RawImage/RawImage 2/Button 2",false,93.32,-176.67,56.85,22.17,"UISprite","AudioSource.Play"
"Assets/Scenes/FanjianGD.unity","Button 2","Canvas/RawImage 1/RawImage/RawImage 1/Button 2",false,92.39,-176.67,56.85,22.17,"UISprite","AudioSource.Play"
"Assets/Scenes/FanjianGD.unity","Button 11","Canvas/RawImage 1/RawImage/RawImage 6/Button 11",false,14.2,185.08,42.02,35.1,"UISprite","AudioSource.Play"
"Assets/Scenes/FanjianGD.unity","Button 20","Canvas/RawImage 1/RawImage/RawImage 7/Button 20",false,219.49,187.99,24.9,29.26,"UISprite","AudioSource.Play"
"Assets/Scenes/FanjianGD.unity","Button 16","Canvas/RawImage 1/RawImage/RawImage 7/Button 16",false,-207.29,187.8,30.25,40.1,"UISprite","AudioSource.Play"
"Assets/Scenes/FanjianGD.unity","Button 21","Canvas/RawImage 1/RawImage/RawImage 5/Button 21",false,-239.43,187.79,30.35,40.1,"UISprite","AudioSource.Play"
"Assets/Scenes/FanjianGD.unity","Button 6","Canvas/RawImage 1/RawImage/RawImage 6/Button 6",false,224.28,-189.57,65.72,34.84,"UISprite","AudioSource.Play"
"Assets/Scenes/FanjianGD.unity","Button 5","Canvas/RawImage 1/RawImage/RawImage 6/Button 5",false,-46.59,135.26,24.44,17.45,"UISprite","Kaiqi.Click;guanbi.Click"
"Assets/Scenes/FanjianGD.unity","Button 19","Canvas/RawImage 1/RawImage/RawImage 5/Button 19",false,-38.9,185.08,41.47,35.1,"UISprite","AudioSource.Play"
"Assets/Scenes/FanjianGD.unity","Button 13","Canvas/RawImage 1/RawImage/RawImage 7/Button 13",false,65.09,185.08,42.19,35.1,"UISprite","AudioSource.Play"
"Assets/Scenes/FanjianGD.unity","124","Canvas/RawImage 1/RawImage/RawImage 3/124",false,1.56,-1.13,550.47,468.37,"UISprite",""
"Assets/Scenes/FanjianGD.unity","Button 8","Canvas/RawImage 1/RawImage/RawImage 7/Button 8",false,121.77,39.41,25.43,17.45,"UISprite","AudioSource.Play"
"Assets/Scenes/FanjianGD.unity","Button 1","Canvas/RawImage 1/RawImage/Button 1",true,162.63,-56.5,39.07,32.01,"UISprite","AudioSource.Play"
"Assets/Scenes/FanjianGD.unity","Button 6","Canvas/RawImage 1/RawImage/Button 6",true,14.2,185.08,42.02,35.1,"UISprite","Kaiqi.Click"
"Assets/Scenes/FanjianGD.unity","124","Canvas/RawImage 1/RawImage/RawImage 5/124",false,1.56,-1.13,550.47,468.37,"UISprite",""
"Assets/Scenes/FanjianGD.unity","123","Canvas/RawImage 1/RawImage/123",true,1.56,-1.13,550.47,468.37,"UISprite",""
"Assets/Scenes/FanjianGD.unity","Button 1","Canvas/RawImage 1/RawImage/RawImage 3/Button 1",false,181.59,178.36,25.74,21.71,"UISprite","FanjianGD.GoNextScene"
"Assets/Scenes/FanjianGD.unity","Button 18","Canvas/RawImage 1/RawImage/RawImage 7/Button 18",false,194.53,187.99,24.79,29.26,"UISprite","AudioSource.Play"
"Assets/Scenes/FanjianGD.unity","Button 3","Canvas/RawImage 1/RawImage/RawImage 6/Button 3",false,56.16,135.25,24.45,17.45,"UISprite","guanbi.Click;Kaiqi.Click"
"Assets/Scenes/FanjianGD.unity","Button 17","Canvas/RawImage 1/RawImage/RawImage 5/Button 17",false,243.95,187.99,25.2,29.26,"UISprite","AudioSource.Play"
"Assets/Scenes/FanjianGD.unity","Button 9","Canvas/RawImage 1/RawImage/Button 9",true,65.09,185.08,42.19,35.1,"UISprite","AudioSource.Play"
"Assets/Scenes/FanjianGD.unity","Button 2","Canvas/RawImage 1/RawImage/RawImage 6/Button 2",false,-14.48,135.16,24.45,17.63,"UISprite","AudioSource.Play"
"Assets/Scenes/FanjianGD.unity","Button 27","Canvas/RawImage 1/RawImage/RawImage 6/Button 27",false,-239.43,187.79,30.35,40.1,"UISprite","AudioSource.Play"
"Assets/Scenes/FanjianGD.unity","Button 10","Canvas/RawImage 1/RawImage/RawImage 7/Button 10",false,14.2,185.08,42.02,35.1,"UISprite","AudioSource.Play"
"Assets/Scenes/FanjianGD.unity","Button 18","Canvas/RawImage 1/RawImage/RawImage 5/Button 18",false,194.53,187.99,24.79,29.26,"UISprite","AudioSource.Play"
"Assets/Scenes/FanjianGD.unity","Button 1","Canvas/RawImage 1/RawImage/RawImage 7/Button 1",false,169.33,187.39,24.46,29.8,"UISprite","FanjianGD.GoNextScene"
"Assets/Scenes/FanjianGD.unity","Button 4","Canvas/RawImage 1/RawImage/RawImage 5/Button 4",false,-7.24,39.41,52.25,17.45,"UISprite","AudioSource.Play"
"Assets/Scenes/FanjianGD.unity","Button 3","Canvas/RawImage 1/RawImage/Button 3",true,-153.36,185.25,63.73,35.5,"UISprite","Kaiqi.Click"
"Assets/Scenes/FanjianGD.unity","Button 13","Canvas/RawImage 1/RawImage/RawImage 5/Button 13",false,65.09,185.08,42.19,35.1,"UISprite","AudioSource.Play"
"Assets/Scenes/FanjianGD.unity","Button 3","Canvas/RawImage 1/RawImage/RawImage 5/Button 3",false,56.16,135.25,24.45,17.45,"UISprite","guanbi.Click;Kaiqi.Click"
"Assets/Scenes/FanjianGD.unity","Button 3","Canvas/RawImage 1/RawImage/RawImage 2/Button 3",false,32.27,-176.67,56.68,22.17,"UISprite","AudioSource.Play"
"Assets/Scenes/FanjianGD.unity","Button 00","Canvas/RawImage 1/RawImage/RawImage 5/Button 00",false,-14.48,135.16,24.45,17.63,"UISprite","guanbi.Click;Kaiqi.Click"
"Assets/Scenes/FanjianGD.unity","Button 1","Canvas/RawImage 1/RawImage/RawImage 1/Button 1",false,152.9,-176.63,57.23,22.17,"UISprite","FanjianGD.GoNextScene"
"Assets/Scenes/FanjianGD.unity","Button.","Canvas/RawImage 1/RawImage/Button.",true,223.4,-56.55,65.94,32.01,"UISprite","Gongdi3.GoNextScene"
"Assets/Scenes/FanjianGD.unity","Button. 2","Canvas/RawImage 1/RawImage/Button. 2",true,-131.93,23.88,17.06,15.37,"UISprite","<missing>.GoNextScene"
"Assets/Scenes/FanjianGD.unity","Button 2","Canvas/RawImage 1/RawImage/RawImage 7/Button 2",false,-14.48,135.16,24.45,17.63,"UISprite","guanbi.Click;Kaiqi.Click"
"Assets/Scenes/FanjianGD.unity","Button 15","Canvas/RawImage 1/RawImage/RawImage 6/Button 15",false,-153.36,185.25,63.73,35.5,"UISprite","AudioSource.Play"
"Assets/Scenes/FanjianGD.unity","Button00","Canvas/RawImage 1/RawImage/Button00",true,-179.33,-93.6,20.25,13.96,"UISprite","FanjianGDdao.GoNextScene"
"Assets/Scenes/FanjianGD.unity","123","Canvas/RawImage 1/RawImage/RawImage 6/123",false,1.56,-1.13,550.47,468.37,"UISprite",""
"Assets/Scenes/FanjianGD.unity","Button 4","Canvas/RawImage 1/RawImage/Button 4",true,-91.17,185.08,41.41,35.1,"UISprite","Kaiqi.Click"
"Assets/Scenes/FanjianGD.unity","Button 25","Canvas/RawImage 1/RawImage/RawImage 6/Button 25",false,194.53,187.99,24.79,29.26,"UISprite","AudioSource.Play"
"Assets/Scenes/FanjianGD.unity","Button 22","Canvas/RawImage 1/RawImage/RawImage 6/Button 22",false,-207.29,187.8,30.25,40.1,"UISprite","AudioSource.Play"
"Assets/Scenes/FanjianGD.unity","Button 28","Canvas/RawImage 1/RawImage/RawImage 6/Button 28",false,243.95,187.99,25.2,29.26,"UISprite","AudioSource.Play"
"Assets/Scenes/FanjianGD.unity","Button 14","Canvas/RawImage 1/RawImage/RawImage 5/Button 14",false,-153.36,185.25,63.73,35.5,"UISprite","AudioSource.Play"
"Assets/Scenes/FanjianGD.unity","Button 13","Canvas/RawImage 1/RawImage/Button 13",true,-207.29,187.8,30.25,40.1,"UISprite","Kaiqi.Click"
"Assets/Scenes/FanjianGD.unity","Button 16","Canvas/RawImage 1/RawImage/RawImage 5/Button 16",false,-207.29,187.8,30.25,40.1,"UISprite","AudioSource.Play"
"Assets/Scenes/FanjianGD.unity","Button 1","Canvas/RawImage 1/RawImage/RawImage 4/Button 1",false,152.88,-176.4,57.11,23.03,"UISprite","FanjianGD.GoNextScene"
"Assets/Scenes/FanjianGD.unity","Button000","Canvas/RawImage 1/RawImage/Button000",true,-53.61,-56.5,66.16,32.01,"UISprite","AudioSource.Play"
"Assets/Scenes/FanjianGD.unity","Button 21","Canvas/RawImage 1/RawImage/RawImage 7/Button 21",false,-239.43,187.79,30.35,40.1,"UISprite","AudioSource.Play"
"Assets/Scenes/FanjianGD.unity","Button 7","Canvas/RawImage 1/RawImage/RawImage 7/Button 7",false,224.28,-189.57,65.72,34.84,"UISprite","AudioSource.Play"
"Assets/Scenes/FanjianGD.unity","Button 19","Canvas/RawImage 1/RawImage/RawImage 7/Button 19",false,-38.9,185.08,41.47,35.1,"UISprite","AudioSource.Play"
"Assets/Scenes/FanjianGD.unity","Button 1","Canvas/RawImage 1/RawImage/RawImage 5/Button 1",false,169.4,187.24,24.78,29.08,"UISprite","FanjianGD.GoNextScene"
"Assets/Scenes/FanjianGD.unity","Button 11","Canvas/RawImage 1/RawImage/Button 11",true,243.95,187.99,25.2,29.26,"UISprite","Kaiqi.Click"
"Assets/Scenes/FanjianGD.unity","Button 5","Canvas/RawImage 1/RawImage/RawImage 5/Button 5",false,224.67,-189.98,65.56,32.61,"UISprite","AudioSource.Play"
"Assets/Scenes/FanjianGD.unity","Button 8","Canvas/RawImage 1/RawImage/Button 8",true,194.53,187.99,24.79,29.26,"UISprite","AudioSource.Play"
"Assets/Scenes/FanjianGD.unity","Button 4","Canvas/RawImage 1/RawImage/RawImage 7/Button 4",false,6.39,39.41,25.52,17.45,"UISprite","AudioSource.Play"
"Assets/Scenes/FanjianGD.unity","Button 20","Canvas/RawImage 1/RawImage/RawImage 5/Button 20",false,219.49,187.99,24.9,29.26,"UISprite","AudioSource.Play"
"Assets/Scenes/FanjianGD.unity","Button 1","Canvas/RawImage 1/RawImage/RawImage 2/Button 1",false,153.82,-176.67,57.23,22.17,"UISprite","FanjianGD.GoNextScene"
"Assets/Scenes/FanjianGD.unity","123","Canvas/RawImage 1/RawImage/RawImage 4/123",false,1.56,-1.13,550.47,468.37,"UISprite",""
"Assets/Scenes/FanjianGD.unity","Button 7","Canvas/RawImage 1/RawImage/Button 7",true,-38.9,185.08,41.47,35.1,"UISprite","AudioSource.Play"
"Assets/Scenes/FanjianGD.unity","124","Canvas/RawImage 1/RawImage/RawImage 1/124",false,1.56,-1.13,550.47,468.37,"UISprite",""
"Assets/Scenes/FanjianGD.unity","Button 15","Canvas/RawImage 1/RawImage/Button 15",true,-6.33,131.04,177.64,20.36,"UISprite","AudioSource.Play"
"Assets/Scenes/FanjianGD.unity","Button 3","Canvas/RawImage 1/RawImage/RawImage 1/Button 3",false,157.97,168.46,47.14,23.64,"UISprite","AudioSource.Play"
"Assets/Scenes/FanjianGD.unity","Button 15","Canvas/RawImage 1/RawImage/RawImage 7/Button 15",false,-153.36,185.25,63.73,35.5,"UISprite","AudioSource.Play"
"Assets/Scenes/FanjianGD.unity","Button 16","Canvas/RawImage 1/RawImage/Button 16",true,174.21,43,175.99,140.72,"UISprite","FanjianGDlie.GoNextScene"
"Assets/Scenes/FanjianGD.unity","Button 12","Canvas/RawImage 1/RawImage/Button 12",true,219.49,187.99,24.9,29.26,"UISprite","AudioSource.Play"
"Assets/Scenes/FanjianGD.unity","Button 4","Canvas/RawImage 1/RawImage/RawImage 6/Button 4",false,-7.24,39.41,52.25,17.45,"UISprite","AudioSource.Play"
"Assets/Scenes/FanjianGD.unity","Button 17","Canvas/RawImage 1/RawImage/RawImage 7/Button 17",false,243.95,187.99,25.2,29.26,"UISprite","AudioSource.Play"
"Assets/Scenes/FanjianGD.unity","Button 5","Canvas/RawImage 1/RawImage/RawImage 7/Button 5",false,-46.59,135.26,24.44,17.45,"UISprite","Kaiqi.Click;guanbi.Click"
"Assets/Scenes/FanjianGD.unity","Button00","Canvas/RawImage 1/RawImage/Button00",true,169.4,187.99,25.12,29.26,"UISprite","Ziyou1.GoNextScene"
"Assets/Scenes/FanjianGD.unity","Button 5","Canvas/RawImage 1/RawImage/Button 5",true,-239.43,187.79,30.35,40.1,"UISprite","AudioSource.Play"
"Assets/Scenes/FanjianGD.unity","123","Canvas/RawImage 1/RawImage/RawImage 2/123",false,1.56,-1.13,550.47,468.37,"UISprite",""
"Assets/Scenes/FanjianGD.unity","Button. 1","Canvas/RawImage 1/RawImage/Button. 1",true,-131.92,45.81,17.06,14.1,"UISprite","FanjianZu.GoNextScene"
"Assets/Scenes/FanjianGD.unity","Button 4","Canvas/RawImage 1/RawImage/RawImage 1/Button 4",false,158,142.69,47.14,23.33,"UISprite","AudioSource.Play"
"Assets/Scenes/FanjianGD.unity","Button 3","Canvas/RawImage 1/RawImage/RawImage 7/Button 3",false,56.16,135.25,24.45,17.45,"UISprite","AudioSource.Play"
"Assets/Scenes/FanjianGD.unity","124","Canvas/RawImage 1/RawImage/RawImage 7/124",false,1.56,-1.13,550.47,468.37,"UISprite",""
"Assets/Scenes/FanjianGD.unity","Button 17","Canvas/RawImage 1/RawImage/Button 17",true,-213.17,-93.6,20.65,13.96,"UISprite","AudioSource.Play"
"Assets/Scenes/FanjianGD.unity","Button 24","Canvas/RawImage 1/RawImage/RawImage 6/Button 24",false,65.09,185.08,42.19,35.1,"UISprite","AudioSource.Play"
"Assets/Scenes/FanjianGD.unity","Button 22","Canvas/RawImage 1/RawImage/RawImage 6/Button 22",false,-38.9,185.08,41.47,35.1,"UISprite","AudioSource.Play"
"Assets/Scenes/FanjianGD.unity","Button 10","Canvas/RawImage 1/RawImage/RawImage 5/Button 10",false,14.2,185.08,42.02,35.1,"UISprite","AudioSource.Play"
"Assets/Scenes/FanjianGDdao.unity","123","Canvas/RawImage 1/RawImage/RawImage 4/123",false,1.56,-1.13,550.47,468.37,"UISprite",""
"Assets/Scenes/FanjianGDdao.unity","Button 10","Canvas/RawImage 1/RawImage/Button 10",true,115.38,-56.5,39.05,32.01,"UISprite","AudioSource.Play"
"Assets/Scenes/FanjianGDdao.unity","Button 14","Canvas/RawImage 1/RawImage/Button 14",true,173.55,131.04,176.24,20.34,"UISprite","FanjianGDliedao.GoNextScene"
"Assets/Scenes/FanjianGDdao.unity","Button 1","Canvas/RawImage 1/RawImage/RawImage 6/Button 1",false,169.4,187.24,24.78,29.08,"UISprite","FanjianGDdao.GoNextScene"
"Assets/Scenes/FanjianGDdao.unity","Button 26","Canvas/RawImage 1/RawImage/RawImage 6/Button 26",false,219.49,187.99,24.9,29.26,"UISprite","AudioSource.Play"
"Assets/Scenes/FanjianGDdao.unity","123","Canvas/RawImage 1/RawImage/RawImage 6/123",false,1.56,-1.13,550.47,468.37,"UISprite",""
"Assets/Scenes/FanjianGDdao.unity","Button 2","Canvas/RawImage 1/RawImage/RawImage 2/Button 2",false,93.32,-176.67,56.85,22.17,"UISprite","AudioSource.Play"
"Assets/Scenes/FanjianGDdao.unity","Button 2","Canvas/RawImage 1/RawImage/RawImage 1/Button 2",false,92.39,-176.67,56.85,22.17,"UISprite","AudioSource.Play"
"Assets/Scenes/FanjianGDdao.unity","Button 11","Canvas/RawImage 1/RawImage/RawImage 6/Button 11",false,14.2,185.08,42.02,35.1,"UISprite","AudioSource.Play"
"Assets/Scenes/FanjianGDdao.unity","Button 20","Canvas/RawImage 1/RawImage/RawImage 7/Button 20",false,219.49,187.99,24.9,29.26,"UISprite","AudioSource.Play"
"Assets/Scenes/FanjianGDdao.unity","Button 16","Canvas/RawImage 1/RawImage/RawImage 7/Button 16",false,-207.29,187.8,30.25,40.1,"UISprite","AudioSource.Play"
"Assets/Scenes/FanjianGDdao.unity","124","Canvas/RawImage 1/RawImage/RawImage 5/124",false,1.56,-1.13,550.47,468.37,"UISprite",""
"Assets/Scenes/FanjianGDdao.unity","Button 21","Canvas/RawImage 1/RawImage/RawImage 5/Button 21",false,-239.43,187.79,30.35,40.1,"UISprite","AudioSource.Play"
"Assets/Scenes/FanjianGDdao.unity","Button 6","Canvas/RawImage 1/RawImage/RawImage 6/Button 6",false,224.28,-189.57,65.72,34.84,"UISprite","AudioSource.Play"
"Assets/Scenes/FanjianGDdao.unity","Button 5","Canvas/RawImage 1/RawImage/RawImage 6/Button 5",false,-46.59,135.26,24.44,17.45,"UISprite","Kaiqi.Click;guanbi.Click"
"Assets/Scenes/FanjianGDdao.unity","Button 19","Canvas/RawImage 1/RawImage/RawImage 5/Button 19",false,-38.9,185.08,41.47,35.1,"UISprite","AudioSource.Play"
"Assets/Scenes/FanjianGDdao.unity","Button 13","Canvas/RawImage 1/RawImage/RawImage 7/Button 13",false,65.09,185.08,42.19,35.1,"UISprite","AudioSource.Play"
"Assets/Scenes/FanjianGDdao.unity","Button 8","Canvas/RawImage 1/RawImage/RawImage 7/Button 8",false,121.77,39.41,25.43,17.45,"UISprite","AudioSource.Play"
"Assets/Scenes/FanjianGDdao.unity","Button 1","Canvas/RawImage 1/RawImage/Button 1",true,162.63,-56.5,39.07,32.01,"UISprite","AudioSource.Play"
"Assets/Scenes/FanjianGDdao.unity","Button 6","Canvas/RawImage 1/RawImage/Button 6",true,14.2,185.08,42.02,35.1,"UISprite","Kaiqi.Click"
"Assets/Scenes/FanjianGDdao.unity","Button 1","Canvas/RawImage 1/RawImage/RawImage 3/Button 1",false,181.59,178.36,25.74,21.71,"UISprite","FanjianGDdao.GoNextScene"
"Assets/Scenes/FanjianGDdao.unity","Button 18","Canvas/RawImage 1/RawImage/RawImage 7/Button 18",false,194.53,187.99,24.79,29.26,"UISprite","AudioSource.Play"
"Assets/Scenes/FanjianGDdao.unity","Button 3","Canvas/RawImage 1/RawImage/RawImage 6/Button 3",false,56.16,135.25,24.45,17.45,"UISprite","guanbi.Click;Kaiqi.Click"
"Assets/Scenes/FanjianGDdao.unity","Button 17","Canvas/RawImage 1/RawImage/RawImage 5/Button 17",false,243.95,187.99,25.2,29.26,"UISprite","AudioSource.Play"
"Assets/Scenes/FanjianGDdao.unity","Button 9","Canvas/RawImage 1/RawImage/Button 9",true,65.09,185.08,42.19,35.1,"UISprite","AudioSource.Play"
"Assets/Scenes/FanjianGDdao.unity","Button 2","Canvas/RawImage 1/RawImage/RawImage 6/Button 2",false,-14.48,135.16,24.45,17.63,"UISprite","AudioSource.Play"
"Assets/Scenes/FanjianGDdao.unity","Button 27","Canvas/RawImage 1/RawImage/RawImage 6/Button 27",false,-239.43,187.79,30.35,40.1,"UISprite","AudioSource.Play"
"Assets/Scenes/FanjianGDdao.unity","Button 10","Canvas/RawImage 1/RawImage/RawImage 7/Button 10",false,14.2,185.08,42.02,35.1,"UISprite","AudioSource.Play"
"Assets/Scenes/FanjianGDdao.unity","Button 18","Canvas/RawImage 1/RawImage/RawImage 5/Button 18",false,194.53,187.99,24.79,29.26,"UISprite","AudioSource.Play"
"Assets/Scenes/FanjianGDdao.unity","Button 1","Canvas/RawImage 1/RawImage/RawImage 7/Button 1",false,169.33,187.39,24.46,29.8,"UISprite","FanjianGDdao.GoNextScene"
"Assets/Scenes/FanjianGDdao.unity","Button 4","Canvas/RawImage 1/RawImage/RawImage 5/Button 4",false,-7.24,39.41,52.25,17.45,"UISprite","AudioSource.Play"
"Assets/Scenes/FanjianGDdao.unity","Button 3","Canvas/RawImage 1/RawImage/Button 3",true,-153.36,185.25,63.73,35.5,"UISprite","Kaiqi.Click"
"Assets/Scenes/FanjianGDdao.unity","Button 13","Canvas/RawImage 1/RawImage/RawImage 5/Button 13",false,65.09,185.08,42.19,35.1,"UISprite","AudioSource.Play"
"Assets/Scenes/FanjianGDdao.unity","Button 3","Canvas/RawImage 1/RawImage/RawImage 5/Button 3",false,56.16,135.25,24.45,17.45,"UISprite","guanbi.Click;Kaiqi.Click"
"Assets/Scenes/FanjianGDdao.unity","Button 3","Canvas/RawImage 1/RawImage/RawImage 2/Button 3",false,32.27,-176.67,56.68,22.17,"UISprite","AudioSource.Play"
"Assets/Scenes/FanjianGDdao.unity","Button 2","Canvas/RawImage 1/RawImage/RawImage 5/Button 2",false,-14.48,135.16,24.45,17.63,"UISprite","guanbi.Click;Kaiqi.Click"
"Assets/Scenes/FanjianGDdao.unity","Button 1","Canvas/RawImage 1/RawImage/RawImage 1/Button 1",false,152.9,-176.63,57.23,22.17,"UISprite","FanjianGDdao.GoNextScene"
"Assets/Scenes/FanjianGDdao.unity","Button.","Canvas/RawImage 1/RawImage/Button.",true,223.4,-56.55,65.94,32.01,"UISprite","Gongdi.GoNextScene"
"Assets/Scenes/FanjianGDdao.unity","Button. 2","Canvas/RawImage 1/RawImage/Button. 2",true,-131.93,23.88,17.06,15.37,"UISprite","<missing>.GoNextScene"
"Assets/Scenes/FanjianGDdao.unity","Button 2","Canvas/RawImage 1/RawImage/RawImage 7/Button 2",false,-14.48,135.16,24.45,17.63,"UISprite","guanbi.Click;Kaiqi.Click"
"Assets/Scenes/FanjianGDdao.unity","Button 15","Canvas/RawImage 1/RawImage/RawImage 6/Button 15",false,-153.36,185.25,63.73,35.5,"UISprite","AudioSource.Play"
"Assets/Scenes/FanjianGDdao.unity","Button00","Canvas/RawImage 1/RawImage/Button00",true,-179.33,-93.6,20.25,13.96,"UISprite","AudioSource.Play"
"Assets/Scenes/FanjianGDdao.unity","124","Canvas/RawImage 1/RawImage/RawImage 1/124",false,1.56,-1.13,550.47,468.37,"UISprite",""
"Assets/Scenes/FanjianGDdao.unity","124","Canvas/RawImage 1/RawImage/RawImage 3/124",false,1.56,-1.13,550.47,468.37,"UISprite",""
"Assets/Scenes/FanjianGDdao.unity","Button 4","Canvas/RawImage 1/RawImage/Button 4",true,-91.17,185.08,41.41,35.1,"UISprite","Kaiqi.Click"
"Assets/Scenes/FanjianGDdao.unity","Button 25","Canvas/RawImage 1/RawImage/RawImage 6/Button 25",false,194.53,187.99,24.79,29.26,"UISprite","AudioSource.Play"
"Assets/Scenes/FanjianGDdao.unity","Button 22","Canvas/RawImage 1/RawImage/RawImage 6/Button 22",false,-207.29,187.8,30.25,40.1,"UISprite","AudioSource.Play"
"Assets/Scenes/FanjianGDdao.unity","123","Canvas/RawImage 1/RawImage/123",true,1.56,-1.13,550.47,468.37,"UISprite",""
"Assets/Scenes/FanjianGDdao.unity","Button 28","Canvas/RawImage 1/RawImage/RawImage 6/Button 28",false,243.95,187.99,25.2,29.26,"UISprite","AudioSource.Play"
"Assets/Scenes/FanjianGDdao.unity","Button 14","Canvas/RawImage 1/RawImage/RawImage 5/Button 14",false,-153.36,185.25,63.73,35.5,"UISprite","AudioSource.Play"
"Assets/Scenes/FanjianGDdao.unity","Button 13","Canvas/RawImage 1/RawImage/Button 13",true,-207.29,187.8,30.25,40.1,"UISprite","Kaiqi.Click"
"Assets/Scenes/FanjianGDdao.unity","Button 16","Canvas/RawImage 1/RawImage/RawImage 5/Button 16",false,-207.29,187.8,30.25,40.1,"UISprite","AudioSource.Play"
"Assets/Scenes/FanjianGDdao.unity","Button 1","Canvas/RawImage 1/RawImage/RawImage 4/Button 1",false,152.88,-176.4,57.11,23.03,"UISprite","FanjianGDdao.GoNextScene"
"Assets/Scenes/FanjianGDdao.unity","Button000","Canvas/RawImage 1/RawImage/Button000",true,-53.61,-56.5,66.16,32.01,"UISprite","AudioSource.Play"
"Assets/Scenes/FanjianGDdao.unity","Button 21","Canvas/RawImage 1/RawImage/RawImage 7/Button 21",false,-239.43,187.79,30.35,40.1,"UISprite","AudioSource.Play"
"Assets/Scenes/FanjianGDdao.unity","Button 7","Canvas/RawImage 1/RawImage/RawImage 7/Button 7",false,224.28,-189.57,65.72,34.84,"UISprite","AudioSource.Play"
"Assets/Scenes/FanjianGDdao.unity","Button 19","Canvas/RawImage 1/RawImage/RawImage 7/Button 19",false,-38.9,185.08,41.47,35.1,"UISprite","AudioSource.Play"
"Assets/Scenes/FanjianGDdao.unity","Button 1","Canvas/RawImage 1/RawImage/RawImage 5/Button 1",false,169.4,187.24,24.78,29.08,"UISprite","FanjianGDdao.GoNextScene"
"Assets/Scenes/FanjianGDdao.unity","Button 11","Canvas/RawImage 1/RawImage/Button 11",true,243.95,187.99,25.2,29.26,"UISprite","Kaiqi.Click"
"Assets/Scenes/FanjianGDdao.unity","Button 5","Canvas/RawImage 1/RawImage/RawImage 5/Button 5",false,224.67,-189.98,65.56,32.61,"UISprite","AudioSource.Play"
"Assets/Scenes/FanjianGDdao.unity","Button 8","Canvas/RawImage 1/RawImage/Button 8",true,194.53,187.99,24.79,29.26,"UISprite","AudioSource.Play"
"Assets/Scenes/FanjianGDdao.unity","Button 4","Canvas/RawImage 1/RawImage/RawImage 7/Button 4",false,6.39,39.41,25.52,17.45,"UISprite","AudioSource.Play"
"Assets/Scenes/FanjianGDdao.unity","Button 20","Canvas/RawImage 1/RawImage/RawImage 5/Button 20",false,219.49,187.99,24.9,29.26,"UISprite","AudioSource.Play"
"Assets/Scenes/FanjianGDdao.unity","Button 1","Canvas/RawImage 1/RawImage/RawImage 2/Button 1",false,153.82,-176.67,57.23,22.17,"UISprite","FanjianGDdao.GoNextScene"
"Assets/Scenes/FanjianGDdao.unity","Button 7","Canvas/RawImage 1/RawImage/Button 7",true,-38.9,185.08,41.47,35.1,"UISprite","AudioSource.Play"
"Assets/Scenes/FanjianGDdao.unity","Button 15","Canvas/RawImage 1/RawImage/Button 15",true,-6.33,131.04,177.64,20.36,"UISprite","AudioSource.Play"
"Assets/Scenes/FanjianGDdao.unity","Button 3","Canvas/RawImage 1/RawImage/RawImage 1/Button 3",false,157.97,168.46,47.14,23.64,"UISprite","AudioSource.Play"
"Assets/Scenes/FanjianGDdao.unity","Button 15","Canvas/RawImage 1/RawImage/RawImage 7/Button 15",false,-153.36,185.25,63.73,35.5,"UISprite","AudioSource.Play"
"Assets/Scenes/FanjianGDdao.unity","Button 16","Canvas/RawImage 1/RawImage/Button 16",true,174.21,43,175.99,140.72,"UISprite","FanjianGDliedao.GoNextScene"
"Assets/Scenes/FanjianGDdao.unity","Button 12","Canvas/RawImage 1/RawImage/Button 12",true,219.49,187.99,24.9,29.26,"UISprite","AudioSource.Play"
"Assets/Scenes/FanjianGDdao.unity","Button 4","Canvas/RawImage 1/RawImage/RawImage 6/Button 4",false,-7.24,39.41,52.25,17.45,"UISprite","AudioSource.Play"
"Assets/Scenes/FanjianGDdao.unity","Button 17","Canvas/RawImage 1/RawImage/RawImage 7/Button 17",false,243.95,187.99,25.2,29.26,"UISprite","AudioSource.Play"
"Assets/Scenes/FanjianGDdao.unity","123","Canvas/RawImage 1/RawImage/RawImage 2/123",false,1.56,-1.13,550.47,468.37,"UISprite",""
"Assets/Scenes/FanjianGDdao.unity","Button 5","Canvas/RawImage 1/RawImage/RawImage 7/Button 5",false,-46.59,135.26,24.44,17.45,"UISprite","Kaiqi.Click;guanbi.Click"
"Assets/Scenes/FanjianGDdao.unity","124","Canvas/RawImage 1/RawImage/RawImage 7/124",false,1.56,-1.13,550.47,468.37,"UISprite",""
"Assets/Scenes/FanjianGDdao.unity","Button00","Canvas/RawImage 1/RawImage/Button00",true,169.4,187.99,25.12,29.26,"UISprite","Ziyou1.GoNextScene"
"Assets/Scenes/FanjianGDdao.unity","Button 5","Canvas/RawImage 1/RawImage/Button 5",true,-239.43,187.79,30.35,40.1,"UISprite","AudioSource.Play"
"Assets/Scenes/FanjianGDdao.unity","Button. 1","Canvas/RawImage 1/RawImage/Button. 1",true,-131.92,45.81,17.06,14.1,"UISprite","FanjianZu.GoNextScene"
"Assets/Scenes/FanjianGDdao.unity","Button 4","Canvas/RawImage 1/RawImage/RawImage 1/Button 4",false,158,142.69,47.14,23.33,"UISprite","AudioSource.Play"
"Assets/Scenes/FanjianGDdao.unity","Button 3","Canvas/RawImage 1/RawImage/RawImage 7/Button 3",false,56.16,135.25,24.45,17.45,"UISprite","AudioSource.Play"
"Assets/Scenes/FanjianGDdao.unity","Button 17","Canvas/RawImage 1/RawImage/Button 17",true,-213.17,-93.6,20.65,13.96,"UISprite","FanjianGD.GoNextScene"
"Assets/Scenes/FanjianGDdao.unity","Button 24","Canvas/RawImage 1/RawImage/RawImage 6/Button 24",false,65.09,185.08,42.19,35.1,"UISprite","AudioSource.Play"
"Assets/Scenes/FanjianGDdao.unity","Button 22","Canvas/RawImage 1/RawImage/RawImage 6/Button 22",false,-38.9,185.08,41.47,35.1,"UISprite","AudioSource.Play"
"Assets/Scenes/FanjianGDdao.unity","Button 10","Canvas/RawImage 1/RawImage/RawImage 5/Button 10",false,14.2,185.08,42.02,35.1,"UISprite","AudioSource.Play"
"Assets/Scenes/FanjianGDlie.unity","123","Canvas/RawImage 1/RawImage/RawImage 4/123",false,1.56,-1.13,550.47,468.37,"UISprite",""
"Assets/Scenes/FanjianGDlie.unity","123","Canvas/RawImage 1/RawImage/RawImage 6/123",false,1.56,-1.13,550.47,468.37,"UISprite",""
"Assets/Scenes/FanjianGDlie.unity","Button 10","Canvas/RawImage 1/RawImage/Button 10",true,115.38,-56.5,39.05,32.01,"UISprite","AudioSource.Play"
"Assets/Scenes/FanjianGDlie.unity","Button 14","Canvas/RawImage 1/RawImage/Button 14",true,173.55,131.04,176.24,20.34,"UISprite","AudioSource.Play"
"Assets/Scenes/FanjianGDlie.unity","Button 1","Canvas/RawImage 1/RawImage/RawImage 6/Button 1",false,169.4,187.24,24.78,29.08,"UISprite","FanjianGDlie.GoNextScene"
"Assets/Scenes/FanjianGDlie.unity","Button 26","Canvas/RawImage 1/RawImage/RawImage 6/Button 26",false,219.49,187.99,24.9,29.26,"UISprite","AudioSource.Play"
"Assets/Scenes/FanjianGDlie.unity","Button 2","Canvas/RawImage 1/RawImage/RawImage 2/Button 2",false,93.32,-176.67,56.85,22.17,"UISprite","AudioSource.Play"
"Assets/Scenes/FanjianGDlie.unity","Button 2","Canvas/RawImage 1/RawImage/RawImage 1/Button 2",false,92.39,-176.67,56.85,22.17,"UISprite","AudioSource.Play"
"Assets/Scenes/FanjianGDlie.unity","Button 11","Canvas/RawImage 1/RawImage/RawImage 6/Button 11",false,14.2,185.08,42.02,35.1,"UISprite","AudioSource.Play"
"Assets/Scenes/FanjianGDlie.unity","Button 20","Canvas/RawImage 1/RawImage/RawImage 7/Button 20",false,219.49,187.99,24.9,29.26,"UISprite","AudioSource.Play"
"Assets/Scenes/FanjianGDlie.unity","Button 16","Canvas/RawImage 1/RawImage/RawImage 7/Button 16",false,-207.29,187.8,30.25,40.1,"UISprite","AudioSource.Play"
"Assets/Scenes/FanjianGDlie.unity","Button 21","Canvas/RawImage 1/RawImage/RawImage 5/Button 21",false,-239.43,187.79,30.35,40.1,"UISprite","AudioSource.Play"
"Assets/Scenes/FanjianGDlie.unity","Button 6","Canvas/RawImage 1/RawImage/RawImage 6/Button 6",false,224.28,-189.57,65.72,34.84,"UISprite","AudioSource.Play"
"Assets/Scenes/FanjianGDlie.unity","Button 5","Canvas/RawImage 1/RawImage/RawImage 6/Button 5",false,-46.59,135.26,24.44,17.45,"UISprite","Kaiqi.Click;guanbi.Click"
"Assets/Scenes/FanjianGDlie.unity","Button 19","Canvas/RawImage 1/RawImage/RawImage 5/Button 19",false,-38.9,185.08,41.47,35.1,"UISprite","AudioSource.Play"
"Assets/Scenes/FanjianGDlie.unity","Button 13","Canvas/RawImage 1/RawImage/RawImage 7/Button 13",false,65.09,185.08,42.19,35.1,"UISprite","AudioSource.Play"
"Assets/Scenes/FanjianGDlie.unity","124","Canvas/RawImage 1/RawImage/RawImage 3/124",false,1.56,-1.13,550.47,468.37,"UISprite",""
"Assets/Scenes/FanjianGDlie.unity","Button 8","Canvas/RawImage 1/RawImage/RawImage 7/Button 8",false,121.77,39.41,25.43,17.45,"UISprite","AudioSource.Play"
"Assets/Scenes/FanjianGDlie.unity","Button 18","Canvas/RawImage 1/RawImage/Button 18",true,-179.31,-93.46,25.61,14.39,"UISprite","FanjianGDliedao.GoNextScene"
"Assets/Scenes/FanjianGDlie.unity","Button 1","Canvas/RawImage 1/RawImage/Button 1",true,162.63,-56.5,39.07,32.01,"UISprite","AudioSource.Play"
"Assets/Scenes/FanjianGDlie.unity","Button 6","Canvas/RawImage 1/RawImage/Button 6",true,14.2,185.08,42.02,35.1,"UISprite","Kaiqi.Click"
"Assets/Scenes/FanjianGDlie.unity","124","Canvas/RawImage 1/RawImage/RawImage 1/124",false,1.56,-1.13,550.47,468.37,"UISprite",""
"Assets/Scenes/FanjianGDlie.unity","Button 1","Canvas/RawImage 1/RawImage/RawImage 3/Button 1",false,181.59,178.36,25.74,21.71,"UISprite","FanjianGDlie.GoNextScene"
"Assets/Scenes/FanjianGDlie.unity","Button 18","Canvas/RawImage 1/RawImage/RawImage 7/Button 18",false,194.53,187.99,24.79,29.26,"UISprite","AudioSource.Play"
"Assets/Scenes/FanjianGDlie.unity","Button 3","Canvas/RawImage 1/RawImage/RawImage 6/Button 3",false,56.16,135.25,24.45,17.45,"UISprite","guanbi.Click;Kaiqi.Click"
"Assets/Scenes/FanjianGDlie.unity","124","Canvas/RawImage 1/RawImage/RawImage 7/124",false,1.56,-1.13,550.47,468.37,"UISprite",""
"Assets/Scenes/FanjianGDlie.unity","Button 17","Canvas/RawImage 1/RawImage/RawImage 5/Button 17",false,243.95,187.99,25.2,29.26,"UISprite","AudioSource.Play"
"Assets/Scenes/FanjianGDlie.unity","Button 9","Canvas/RawImage 1/RawImage/Button 9",true,65.09,185.08,42.19,35.1,"UISprite","AudioSource.Play"
"Assets/Scenes/FanjianGDlie.unity","Button 2","Canvas/RawImage 1/RawImage/RawImage 6/Button 2",false,-14.48,135.16,24.45,17.63,"UISprite","AudioSource.Play"
"Assets/Scenes/FanjianGDlie.unity","Button 27","Canvas/RawImage 1/RawImage/RawImage 6/Button 27",false,-239.43,187.79,30.35,40.1,"UISprite","AudioSource.Play"
"Assets/Scenes/FanjianGDlie.unity","Button 10","Canvas/RawImage 1/RawImage/RawImage 7/Button 10",false,14.2,185.08,42.02,35.1,"UISprite","AudioSource.Play"
"Assets/Scenes/FanjianGDlie.unity","Button 18","Canvas/RawImage 1/RawImage/RawImage 5/Button 18",false,194.53,187.99,24.79,29.26,"UISprite","AudioSource.Play"
"Assets/Scenes/FanjianGDlie.unity","Button 1","Canvas/RawImage 1/RawImage/RawImage 7/Button 1",false,169.33,187.39,24.46,29.8,"UISprite","FanjianGDlie.GoNextScene"
"Assets/Scenes/FanjianGDlie.unity","Button 4","Canvas/RawImage 1/RawImage/RawImage 5/Button 4",false,-7.24,39.41,52.25,17.45,"UISprite","AudioSource.Play"
"Assets/Scenes/FanjianGDlie.unity","Button 3","Canvas/RawImage 1/RawImage/Button 3",true,-153.36,185.25,63.73,35.5,"UISprite","Kaiqi.Click"
"Assets/Scenes/FanjianGDlie.unity","Button 13","Canvas/RawImage 1/RawImage/RawImage 5/Button 13",false,65.09,185.08,42.19,35.1,"UISprite","AudioSource.Play"
"Assets/Scenes/FanjianGDlie.unity","Button 3","Canvas/RawImage 1/RawImage/RawImage 5/Button 3",false,56.16,135.25,24.45,17.45,"UISprite","guanbi.Click;Kaiqi.Click"
"Assets/Scenes/FanjianGDlie.unity","Button 3","Canvas/RawImage 1/RawImage/RawImage 2/Button 3",false,32.27,-176.67,56.68,22.17,"UISprite","AudioSource.Play"
"Assets/Scenes/FanjianGDlie.unity","Button 2","Canvas/RawImage 1/RawImage/RawImage 5/Button 2",false,-14.48,135.16,24.45,17.63,"UISprite","guanbi.Click;Kaiqi.Click"
"Assets/Scenes/FanjianGDlie.unity","Button 1","Canvas/RawImage 1/RawImage/RawImage 1/Button 1",false,152.9,-176.63,57.23,22.17,"UISprite","FanjianGDlie.GoNextScene"
"Assets/Scenes/FanjianGDlie.unity","Button.","Canvas/RawImage 1/RawImage/Button.",true,223.4,-56.55,65.94,32.01,"UISprite","Gongdi4.GoNextScene"
"Assets/Scenes/FanjianGDlie.unity","Button 2","Canvas/RawImage 1/RawImage/RawImage 7/Button 2",false,-14.48,135.16,24.45,17.63,"UISprite","guanbi.Click;Kaiqi.Click"
"Assets/Scenes/FanjianGDlie.unity","Button 15","Canvas/RawImage 1/RawImage/RawImage 6/Button 15",false,-153.36,185.25,63.73,35.5,"UISprite","AudioSource.Play"
"Assets/Scenes/FanjianGDlie.unity","124","Canvas/RawImage 1/RawImage/RawImage 5/124",false,1.56,-1.13,550.47,468.37,"UISprite",""
"Assets/Scenes/FanjianGDlie.unity","Button 4","Canvas/RawImage 1/RawImage/Button 4",true,-91.17,185.08,41.41,35.1,"UISprite","Kaiqi.Click"
"Assets/Scenes/FanjianGDlie.unity","Button 25","Canvas/RawImage 1/RawImage/RawImage 6/Button 25",false,194.53,187.99,24.79,29.26,"UISprite","AudioSource.Play"
"Assets/Scenes/FanjianGDlie.unity","Button 22","Canvas/RawImage 1/RawImage/RawImage 6/Button 22",false,-207.29,187.8,30.25,40.1,"UISprite","AudioSource.Play"
"Assets/Scenes/FanjianGDlie.unity","Button 28","Canvas/RawImage 1/RawImage/RawImage 6/Button 28",false,243.95,187.99,25.2,29.26,"UISprite","AudioSource.Play"
"Assets/Scenes/FanjianGDlie.unity","Button 14","Canvas/RawImage 1/RawImage/RawImage 5/Button 14",false,-153.36,185.25,63.73,35.5,"UISprite","AudioSource.Play"
"Assets/Scenes/FanjianGDlie.unity","Button 13","Canvas/RawImage 1/RawImage/Button 13",true,-207.29,187.8,30.25,40.1,"UISprite","Kaiqi.Click"
"Assets/Scenes/FanjianGDlie.unity","Button 16","Canvas/RawImage 1/RawImage/RawImage 5/Button 16",false,-207.29,187.8,30.25,40.1,"UISprite","AudioSource.Play"
"Assets/Scenes/FanjianGDlie.unity","Button 1","Canvas/RawImage 1/RawImage/RawImage 4/Button 1",false,152.88,-176.4,57.11,23.03,"UISprite","FanjianGDlie.GoNextScene"
"Assets/Scenes/FanjianGDlie.unity","Button000","Canvas/RawImage 1/RawImage/Button000",true,-53.61,-56.5,66.16,32.01,"UISprite","AudioSource.Play"
"Assets/Scenes/FanjianGDlie.unity","Button 21","Canvas/RawImage 1/RawImage/RawImage 7/Button 21",false,-239.43,187.79,30.35,40.1,"UISprite","AudioSource.Play"
"Assets/Scenes/FanjianGDlie.unity","Button 7","Canvas/RawImage 1/RawImage/RawImage 7/Button 7",false,224.28,-189.57,65.72,34.84,"UISprite","AudioSource.Play"
"Assets/Scenes/FanjianGDlie.unity","Button 19","Canvas/RawImage 1/RawImage/RawImage 7/Button 19",false,-38.9,185.08,41.47,35.1,"UISprite","AudioSource.Play"
"Assets/Scenes/FanjianGDlie.unity","Button 17","Canvas/RawImage 1/RawImage/Button 17",true,-213.17,-93.46,23.34,14.39,"UISprite","AudioSource.Play"
"Assets/Scenes/FanjianGDlie.unity","Button 1","Canvas/RawImage 1/RawImage/RawImage 5/Button 1",false,169.4,187.24,24.78,29.08,"UISprite","FanjianGDlie.GoNextScene"
"Assets/Scenes/FanjianGDlie.unity","Button 11","Canvas/RawImage 1/RawImage/Button 11",true,243.95,187.99,25.2,29.26,"UISprite","Kaiqi.Click"
"Assets/Scenes/FanjianGDlie.unity","Button 5","Canvas/RawImage 1/RawImage/RawImage 5/Button 5",false,224.67,-189.98,65.56,32.61,"UISprite","AudioSource.Play"
"Assets/Scenes/FanjianGDlie.unity","Button 8","Canvas/RawImage 1/RawImage/Button 8",true,194.53,187.99,24.79,29.26,"UISprite","AudioSource.Play"
"Assets/Scenes/FanjianGDlie.unity","Button 4","Canvas/RawImage 1/RawImage/RawImage 7/Button 4",false,6.39,39.41,25.52,17.45,"UISprite","AudioSource.Play"
"Assets/Scenes/FanjianGDlie.unity","Button 20","Canvas/RawImage 1/RawImage/RawImage 5/Button 20",false,219.49,187.99,24.9,29.26,"UISprite","AudioSource.Play"
"Assets/Scenes/FanjianGDlie.unity","Button 1","Canvas/RawImage 1/RawImage/RawImage 2/Button 1",false,153.82,-176.67,57.23,22.17,"UISprite","FanjianGDlie.GoNextScene"
"Assets/Scenes/FanjianGDlie.unity","Button 7","Canvas/RawImage 1/RawImage/Button 7",true,-38.9,185.08,41.47,35.1,"UISprite","AudioSource.Play"
"Assets/Scenes/FanjianGDlie.unity","Button 15","Canvas/RawImage 1/RawImage/Button 15",true,-6.33,131.04,177.64,20.36,"UISprite","FanjianGD.GoNextScene"
"Assets/Scenes/FanjianGDlie.unity","123","Canvas/RawImage 1/RawImage/RawImage 2/123",false,1.56,-1.13,550.47,468.37,"UISprite",""
"Assets/Scenes/FanjianGDlie.unity","Button 3","Canvas/RawImage 1/RawImage/RawImage 1/Button 3",false,157.97,168.46,47.14,23.64,"UISprite","AudioSource.Play"
"Assets/Scenes/FanjianGDlie.unity","Button 15","Canvas/RawImage 1/RawImage/RawImage 7/Button 15",false,-153.36,185.25,63.73,35.5,"UISprite","AudioSource.Play"
"Assets/Scenes/FanjianGDlie.unity","Button 16","Canvas/RawImage 1/RawImage/Button 16",true,-6.33,43,177.64,140.72,"UISprite","FanjianGD.GoNextScene"
"Assets/Scenes/FanjianGDlie.unity","Button 12","Canvas/RawImage 1/RawImage/Button 12",true,219.49,187.99,24.9,29.26,"UISprite","AudioSource.Play"
"Assets/Scenes/FanjianGDlie.unity","Button 4","Canvas/RawImage 1/RawImage/RawImage 6/Button 4",false,-7.24,39.41,52.25,17.45,"UISprite","AudioSource.Play"
"Assets/Scenes/FanjianGDlie.unity","Button 17","Canvas/RawImage 1/RawImage/RawImage 7/Button 17",false,243.95,187.99,25.2,29.26,"UISprite","AudioSource.Play"
"Assets/Scenes/FanjianGDlie.unity","123","Canvas/RawImage 1/RawImage/123",true,1.56,-1.13,550.47,468.37,"UISprite",""
"Assets/Scenes/FanjianGDlie.unity","Button 5","Canvas/RawImage 1/RawImage/RawImage 7/Button 5",false,-46.59,135.26,24.44,17.45,"UISprite","Kaiqi.Click;guanbi.Click"
"Assets/Scenes/FanjianGDlie.unity","Button00","Canvas/RawImage 1/RawImage/Button00",true,169.4,187.99,25.12,29.26,"UISprite","Ziyou1.GoNextScene"
"Assets/Scenes/FanjianGDlie.unity","Button 5","Canvas/RawImage 1/RawImage/Button 5",true,-239.43,187.79,30.35,40.1,"UISprite","AudioSource.Play"
"Assets/Scenes/FanjianGDlie.unity","Button. 1","Canvas/RawImage 1/RawImage/Button. 1",true,-131.92,45.81,17.06,14.1,"UISprite","FanjianZu.GoNextScene"
"Assets/Scenes/FanjianGDlie.unity","Button 4","Canvas/RawImage 1/RawImage/RawImage 1/Button 4",false,158,142.69,47.14,23.33,"UISprite","AudioSource.Play"
"Assets/Scenes/FanjianGDlie.unity","Button 3","Canvas/RawImage 1/RawImage/RawImage 7/Button 3",false,56.16,135.25,24.45,17.45,"UISprite","AudioSource.Play"
"Assets/Scenes/FanjianGDlie.unity","Button 24","Canvas/RawImage 1/RawImage/RawImage 6/Button 24",false,65.09,185.08,42.19,35.1,"UISprite","AudioSource.Play"
"Assets/Scenes/FanjianGDlie.unity","Button 22","Canvas/RawImage 1/RawImage/RawImage 6/Button 22",false,-38.9,185.08,41.47,35.1,"UISprite","AudioSource.Play"
"Assets/Scenes/FanjianGDlie.unity","Button 10","Canvas/RawImage 1/RawImage/RawImage 5/Button 10",false,14.2,185.08,42.02,35.1,"UISprite","AudioSource.Play"
"Assets/Scenes/FanjianGDliedao.unity","124","Canvas/RawImage 1/RawImage/RawImage 3/124",false,1.56,-1.13,550.47,468.37,"UISprite",""
"Assets/Scenes/FanjianGDliedao.unity","Button 10","Canvas/RawImage 1/RawImage/Button 10",true,115.38,-56.5,39.05,32.01,"UISprite","AudioSource.Play"
"Assets/Scenes/FanjianGDliedao.unity","Button 14","Canvas/RawImage 1/RawImage/Button 14",true,173.55,131.04,176.24,20.34,"UISprite","AudioSource.Play"
"Assets/Scenes/FanjianGDliedao.unity","Button 1","Canvas/RawImage 1/RawImage/RawImage 6/Button 1",false,169.4,187.24,24.78,29.08,"UISprite","FanjianGDliedao.GoNextScene"
"Assets/Scenes/FanjianGDliedao.unity","Button 26","Canvas/RawImage 1/RawImage/RawImage 6/Button 26",false,219.49,187.99,24.9,29.26,"UISprite","AudioSource.Play"
"Assets/Scenes/FanjianGDliedao.unity","Button 2","Canvas/RawImage 1/RawImage/RawImage 2/Button 2",false,93.32,-176.67,56.85,22.17,"UISprite","AudioSource.Play"
"Assets/Scenes/FanjianGDliedao.unity","Button 2","Canvas/RawImage 1/RawImage/RawImage 1/Button 2",false,92.39,-176.67,56.85,22.17,"UISprite","AudioSource.Play"
"Assets/Scenes/FanjianGDliedao.unity","Button 11","Canvas/RawImage 1/RawImage/RawImage 6/Button 11",false,14.2,185.08,42.02,35.1,"UISprite","AudioSource.Play"
"Assets/Scenes/FanjianGDliedao.unity","Button 20","Canvas/RawImage 1/RawImage/RawImage 7/Button 20",false,219.49,187.99,24.9,29.26,"UISprite","AudioSource.Play"
"Assets/Scenes/FanjianGDliedao.unity","Button 16","Canvas/RawImage 1/RawImage/RawImage 7/Button 16",false,-207.29,187.8,30.25,40.1,"UISprite","AudioSource.Play"
"Assets/Scenes/FanjianGDliedao.unity","Button 21","Canvas/RawImage 1/RawImage/RawImage 5/Button 21",false,-239.43,187.79,30.35,40.1,"UISprite","AudioSource.Play"
"Assets/Scenes/FanjianGDliedao.unity","Button 6","Canvas/RawImage 1/RawImage/RawImage 6/Button 6",false,224.28,-189.57,65.72,34.84,"UISprite","AudioSource.Play"
"Assets/Scenes/FanjianGDliedao.unity","Button 5","Canvas/RawImage 1/RawImage/RawImage 6/Button 5",false,-46.59,135.26,24.44,17.45,"UISprite","Kaiqi.Click;guanbi.Click"
"Assets/Scenes/FanjianGDliedao.unity","Button 19","Canvas/RawImage 1/RawImage/RawImage 5/Button 19",false,-38.9,185.08,41.47,35.1,"UISprite","AudioSource.Play"
"Assets/Scenes/FanjianGDliedao.unity","Button 13","Canvas/RawImage 1/RawImage/RawImage 7/Button 13",false,65.09,185.08,42.19,35.1,"UISprite","AudioSource.Play"
"Assets/Scenes/FanjianGDliedao.unity","124","Canvas/RawImage 1/RawImage/RawImage 5/124",false,1.56,-1.13,550.47,468.37,"UISprite",""
"Assets/Scenes/FanjianGDliedao.unity","Button 8","Canvas/RawImage 1/RawImage/RawImage 7/Button 8",false,121.77,39.41,25.43,17.45,"UISprite","AudioSource.Play"
"Assets/Scenes/FanjianGDliedao.unity","Button00","Canvas/RawImage 1/RawImage/Button00",true,-179.31,-93.46,25.61,14.39,"UISprite","AudioSource.Play"
"Assets/Scenes/FanjianGDliedao.unity","Button 1","Canvas/RawImage 1/RawImage/Button 1",true,162.63,-56.5,39.07,32.01,"UISprite","AudioSource.Play"
"Assets/Scenes/FanjianGDliedao.unity","Button 6","Canvas/RawImage 1/RawImage/Button 6",true,14.2,185.08,42.02,35.1,"UISprite","Kaiqi.Click"
"Assets/Scenes/FanjianGDliedao.unity","125","Canvas/RawImage 1/RawImage/RawImage 2/125",false,1.56,-1.13,550.47,468.37,"UISprite",""
"Assets/Scenes/FanjianGDliedao.unity","Button 1","Canvas/RawImage 1/RawImage/RawImage 3/Button 1",false,181.59,178.36,25.74,21.71,"UISprite","FanjianGDliedao.GoNextScene"
"Assets/Scenes/FanjianGDliedao.unity","Button 18","Canvas/RawImage 1/RawImage/RawImage 7/Button 18",false,194.53,187.99,24.79,29.26,"UISprite","AudioSource.Play"
"Assets/Scenes/FanjianGDliedao.unity","Button 3","Canvas/RawImage 1/RawImage/RawImage 6/Button 3",false,56.16,135.25,24.45,17.45,"UISprite","guanbi.Click;Kaiqi.Click"
"Assets/Scenes/FanjianGDliedao.unity","Button 17","Canvas/RawImage 1/RawImage/RawImage 5/Button 17",false,243.95,187.99,25.2,29.26,"UISprite","AudioSource.Play"
"Assets/Scenes/FanjianGDliedao.unity","Button 9","Canvas/RawImage 1/RawImage/Button 9",true,65.09,185.08,42.19,35.1,"UISprite","AudioSource.Play"
"Assets/Scenes/FanjianGDliedao.unity","Button 2","Canvas/RawImage 1/RawImage/RawImage 6/Button 2",false,-14.48,135.16,24.45,17.63,"UISprite","AudioSource.Play"
"Assets/Scenes/FanjianGDliedao.unity","Button 27","Canvas/RawImage 1/RawImage/RawImage 6/Button 27",false,-239.43,187.79,30.35,40.1,"UISprite","AudioSource.Play"
"Assets/Scenes/FanjianGDliedao.unity","Button 10","Canvas/RawImage 1/RawImage/RawImage 7/Button 10",false,14.2,185.08,42.02,35.1,"UISprite","AudioSource.Play"
"Assets/Scenes/FanjianGDliedao.unity","Button 18","Canvas/RawImage 1/RawImage/RawImage 5/Button 18",false,194.53,187.99,24.79,29.26,"UISprite","AudioSource.Play"
"Assets/Scenes/FanjianGDliedao.unity","123","Canvas/RawImage 1/RawImage/123",true,1.56,-1.13,550.47,468.37,"UISprite",""
"Assets/Scenes/FanjianGDliedao.unity","125","Canvas/RawImage 1/RawImage/RawImage 4/125",false,1.56,-1.13,550.47,468.37,"UISprite",""
"Assets/Scenes/FanjianGDliedao.unity","Button 1","Canvas/RawImage 1/RawImage/RawImage 7/Button 1",false,169.33,187.39,24.46,29.8,"UISprite","FanjianGDliedao.GoNextScene"
"Assets/Scenes/FanjianGDliedao.unity","Button 4","Canvas/RawImage 1/RawImage/RawImage 5/Button 4",false,-7.24,39.41,52.25,17.45,"UISprite","AudioSource.Play"
"Assets/Scenes/FanjianGDliedao.unity","Button 3","Canvas/RawImage 1/RawImage/Button 3",true,-153.36,185.25,63.73,35.5,"UISprite","Kaiqi.Click"
"Assets/Scenes/FanjianGDliedao.unity","Button 13","Canvas/RawImage 1/RawImage/RawImage 5/Button 13",false,65.09,185.08,42.19,35.1,"UISprite","AudioSource.Play"
"Assets/Scenes/FanjianGDliedao.unity","Button 3","Canvas/RawImage 1/RawImage/RawImage 5/Button 3",false,56.16,135.25,24.45,17.45,"UISprite","guanbi.Click;Kaiqi.Click"
"Assets/Scenes/FanjianGDliedao.unity","Button 3","Canvas/RawImage 1/RawImage/RawImage 2/Button 3",false,32.27,-176.67,56.68,22.17,"UISprite","AudioSource.Play"
"Assets/Scenes/FanjianGDliedao.unity","Button 2","Canvas/RawImage 1/RawImage/RawImage 5/Button 2",false,-14.48,135.16,24.45,17.63,"UISprite","guanbi.Click;Kaiqi.Click"
"Assets/Scenes/FanjianGDliedao.unity","Button 1","Canvas/RawImage 1/RawImage/RawImage 1/Button 1",false,152.9,-176.63,57.23,22.17,"UISprite","FanjianGDliedao.GoNextScene"
"Assets/Scenes/FanjianGDliedao.unity","Button.","Canvas/RawImage 1/RawImage/Button.",true,223.4,-56.55,65.94,32.01,"UISprite","Gongdi2.GoNextScene"
"Assets/Scenes/FanjianGDliedao.unity","Button 2","Canvas/RawImage 1/RawImage/RawImage 7/Button 2",false,-14.48,135.16,24.45,17.63,"UISprite","guanbi.Click;Kaiqi.Click"
"Assets/Scenes/FanjianGDliedao.unity","Button 15","Canvas/RawImage 1/RawImage/RawImage 6/Button 15",false,-153.36,185.25,63.73,35.5,"UISprite","AudioSource.Play"
"Assets/Scenes/FanjianGDliedao.unity","Button 4","Canvas/RawImage 1/RawImage/Button 4",true,-91.17,185.08,41.41,35.1,"UISprite","Kaiqi.Click"
"Assets/Scenes/FanjianGDliedao.unity","Button 25","Canvas/RawImage 1/RawImage/RawImage 6/Button 25",false,194.53,187.99,24.79,29.26,"UISprite","AudioSource.Play"
"Assets/Scenes/FanjianGDliedao.unity","Button 22","Canvas/RawImage 1/RawImage/RawImage 6/Button 22",false,-207.29,187.8,30.25,40.1,"UISprite","AudioSource.Play"
"Assets/Scenes/FanjianGDliedao.unity","Button 28","Canvas/RawImage 1/RawImage/RawImage 6/Button 28",false,243.95,187.99,25.2,29.26,"UISprite","AudioSource.Play"
"Assets/Scenes/FanjianGDliedao.unity","Button 14","Canvas/RawImage 1/RawImage/RawImage 5/Button 14",false,-153.36,185.25,63.73,35.5,"UISprite","AudioSource.Play"
"Assets/Scenes/FanjianGDliedao.unity","Button 13","Canvas/RawImage 1/RawImage/Button 13",true,-207.29,187.8,30.25,40.1,"UISprite","Kaiqi.Click"
"Assets/Scenes/FanjianGDliedao.unity","Button 16","Canvas/RawImage 1/RawImage/RawImage 5/Button 16",false,-207.29,187.8,30.25,40.1,"UISprite","AudioSource.Play"
"Assets/Scenes/FanjianGDliedao.unity","Button 1","Canvas/RawImage 1/RawImage/RawImage 4/Button 1",false,152.88,-176.4,57.11,23.03,"UISprite","FanjianGDliedao.GoNextScene"
"Assets/Scenes/FanjianGDliedao.unity","Button000","Canvas/RawImage 1/RawImage/Button000",true,-53.61,-56.5,66.16,32.01,"UISprite","AudioSource.Play"
"Assets/Scenes/FanjianGDliedao.unity","Button 21","Canvas/RawImage 1/RawImage/RawImage 7/Button 21",false,-239.43,187.79,30.35,40.1,"UISprite","AudioSource.Play"
"Assets/Scenes/FanjianGDliedao.unity","Button 7","Canvas/RawImage 1/RawImage/RawImage 7/Button 7",false,224.28,-189.57,65.72,34.84,"UISprite","AudioSource.Play"
"Assets/Scenes/FanjianGDliedao.unity","Button 19","Canvas/RawImage 1/RawImage/RawImage 7/Button 19",false,-38.9,185.08,41.47,35.1,"UISprite","AudioSource.Play"
"Assets/Scenes/FanjianGDliedao.unity","Button 17","Canvas/RawImage 1/RawImage/Button 17",true,-213.17,-93.46,23.34,14.39,"UISprite","FanjianGDlie.GoNextScene"
"Assets/Scenes/FanjianGDliedao.unity","Button 1","Canvas/RawImage 1/RawImage/RawImage 5/Button 1",false,169.4,187.24,24.78,29.08,"UISprite","FanjianGDliedao.GoNextScene"
"Assets/Scenes/FanjianGDliedao.unity","Button 11","Canvas/RawImage 1/RawImage/Button 11",true,243.95,187.99,25.2,29.26,"UISprite","Kaiqi.Click"
"Assets/Scenes/FanjianGDliedao.unity","Button 5","Canvas/RawImage 1/RawImage/RawImage 5/Button 5",false,224.67,-189.98,65.56,32.61,"UISprite","AudioSource.Play"
"Assets/Scenes/FanjianGDliedao.unity","124","Canvas/RawImage 1/RawImage/RawImage 1/124",false,1.56,-1.13,550.47,468.37,"UISprite",""
"Assets/Scenes/FanjianGDliedao.unity","Button 8","Canvas/RawImage 1/RawImage/Button 8",true,194.53,187.99,24.79,29.26,"UISprite","AudioSource.Play"
"Assets/Scenes/FanjianGDliedao.unity","Button 4","Canvas/RawImage 1/RawImage/RawImage 7/Button 4",false,6.39,39.41,25.52,17.45,"UISprite","AudioSource.Play"
"Assets/Scenes/FanjianGDliedao.unity","Button 20","Canvas/RawImage 1/RawImage/RawImage 5/Button 20",false,219.49,187.99,24.9,29.26,"UISprite","AudioSource.Play"
"Assets/Scenes/FanjianGDliedao.unity","Button 1","Canvas/RawImage 1/RawImage/RawImage 2/Button 1",false,153.82,-176.67,57.23,22.17,"UISprite","FanjianGDliedao.GoNextScene"
"Assets/Scenes/FanjianGDliedao.unity","Button 7","Canvas/RawImage 1/RawImage/Button 7",true,-38.9,185.08,41.47,35.1,"UISprite","AudioSource.Play"
"Assets/Scenes/FanjianGDliedao.unity","Button 15","Canvas/RawImage 1/RawImage/Button 15",true,-6.33,131.04,177.64,20.36,"UISprite","FanjianGDdao.GoNextScene"
"Assets/Scenes/FanjianGDliedao.unity","Button 3","Canvas/RawImage 1/RawImage/RawImage 1/Button 3",false,157.97,168.46,47.14,23.64,"UISprite","AudioSource.Play"
"Assets/Scenes/FanjianGDliedao.unity","Button 15","Canvas/RawImage 1/RawImage/RawImage 7/Button 15",false,-153.36,185.25,63.73,35.5,"UISprite","AudioSource.Play"
"Assets/Scenes/FanjianGDliedao.unity","Button 16","Canvas/RawImage 1/RawImage/Button 16",true,-6.23,43,177.84,140.72,"UISprite","FanjianGDdao.GoNextScene"
"Assets/Scenes/FanjianGDliedao.unity","Button 12","Canvas/RawImage 1/RawImage/Button 12",true,219.49,187.99,24.9,29.26,"UISprite","AudioSource.Play"
"Assets/Scenes/FanjianGDliedao.unity","Button 4","Canvas/RawImage 1/RawImage/RawImage 6/Button 4",false,-7.24,39.41,52.25,17.45,"UISprite","AudioSource.Play"
"Assets/Scenes/FanjianGDliedao.unity","Button 17","Canvas/RawImage 1/RawImage/RawImage 7/Button 17",false,243.95,187.99,25.2,29.26,"UISprite","AudioSource.Play"
"Assets/Scenes/FanjianGDliedao.unity","124","Canvas/RawImage 1/RawImage/RawImage 7/124",false,1.56,-1.13,550.47,468.37,"UISprite",""
"Assets/Scenes/FanjianGDliedao.unity","Button 5","Canvas/RawImage 1/RawImage/RawImage 7/Button 5",false,-46.59,135.26,24.44,17.45,"UISprite","Kaiqi.Click;guanbi.Click"
"Assets/Scenes/FanjianGDliedao.unity","Button00","Canvas/RawImage 1/RawImage/Button00",true,169.4,187.99,25.12,29.26,"UISprite","Ziyou1.GoNextScene"
"Assets/Scenes/FanjianGDliedao.unity","125","Canvas/RawImage 1/RawImage/RawImage 6/125",false,1.56,-1.13,550.47,468.37,"UISprite",""
"Assets/Scenes/FanjianGDliedao.unity","Button 5","Canvas/RawImage 1/RawImage/Button 5",true,-239.43,187.79,30.35,40.1,"UISprite","AudioSource.Play"
"Assets/Scenes/FanjianGDliedao.unity","Button. 1","Canvas/RawImage 1/RawImage/Button. 1",true,-131.92,45.81,17.06,14.1,"UISprite","FanjianZu.GoNextScene"
"Assets/Scenes/FanjianGDliedao.unity","Button 4","Canvas/RawImage 1/RawImage/RawImage 1/Button 4",false,158,142.69,47.14,23.33,"UISprite","AudioSource.Play"
"Assets/Scenes/FanjianGDliedao.unity","Button 3","Canvas/RawImage 1/RawImage/RawImage 7/Button 3",false,56.16,135.25,24.45,17.45,"UISprite","AudioSource.Play"
"Assets/Scenes/FanjianGDliedao.unity","Button 24","Canvas/RawImage 1/RawImage/RawImage 6/Button 24",false,65.09,185.08,42.19,35.1,"UISprite","AudioSource.Play"
"Assets/Scenes/FanjianGDliedao.unity","Button 22","Canvas/RawImage 1/RawImage/RawImage 6/Button 22",false,-38.9,185.08,41.47,35.1,"UISprite","AudioSource.Play"
"Assets/Scenes/FanjianGDliedao.unity","Button 10","Canvas/RawImage 1/RawImage/RawImage 5/Button 10",false,14.2,185.08,42.02,35.1,"UISprite","AudioSource.Play"
"Assets/Scenes/Gongdi3.unity","123","Canvas/123",false,0,0,0,0,"UISprite",""
"Assets/Scenes/Gongdi3.unity","Button0","Canvas/Button0",false,0,0,0,0,"UISprite","JiXu.Click"
"Assets/Scenes/Gongdi3.unity","Button .","Canvas/Button .",false,0,0,0,0,"UISprite","FanjianGD.GoNextScene"
"Assets/Scenes/Gongdi4.unity","123","Canvas/123",false,0,0,0,0,"UISprite",""
"Assets/Scenes/Gongdi4.unity","Button0","Canvas/Button0",false,0,0,0,0,"UISprite","JiXu.Click"
"Assets/Scenes/Gongdi4.unity","Button .","Canvas/Button .",false,0,0,0,0,"UISprite","FanjianGDlie.GoNextScene"
"Assets/Scenes/ZuQiuChang.unity","Button0","Canvas/Button0",false,0,0,0,0,"UISprite","JiXu2.Click"
"Assets/Scenes/ZuQiuChang.unity","Button .","Canvas/Button .",false,0,0,0,0,"UISprite","FanjianZu.GoNextScene"
"Assets/Scenes/ZuQiuChang.unity","123","Canvas/123",false,0,0,0,0,"UISprite",""
"Assets/Scenes/ZuQiuChang2.unity","Button0","Canvas/Button0",false,0,0,0,0,"UISprite","JiXu2.Click"
"Assets/Scenes/ZuQiuChang2.unity","Button .","Canvas/Button .",false,0,0,0,0,"UISprite","FanjianZulie.GoNextScene"
"Assets/Scenes/ZuQiuChang2.unity","123","Canvas/123",false,0,0,0,0,"UISprite",""
"Assets/Scenes/FanjianZu.unity","123","Canvas/RawImage 1/RawImage/RawImage 4/123",false,1.56,-1.13,550.47,468.37,"UISprite",""
"Assets/Scenes/FanjianZu.unity","Button 10","Canvas/RawImage 1/RawImage/Button 10",true,115.38,-56.5,39.05,32.01,"UISprite","AudioSource.Play"
"Assets/Scenes/FanjianZu.unity","Button 14","Canvas/RawImage 1/RawImage/Button 14",true,173.55,131.04,176.24,20.34,"UISprite","FanjianZulie.GoNextScene"
"Assets/Scenes/FanjianZu.unity","Button 1","Canvas/RawImage 1/RawImage/RawImage 6/Button 1",false,169.4,187.24,24.78,29.08,"UISprite","FanjianZu.GoNextScene"
"Assets/Scenes/FanjianZu.unity","Button 26","Canvas/RawImage 1/RawImage/RawImage 6/Button 26",false,219.49,187.99,24.9,29.26,"UISprite","AudioSource.Play"
"Assets/Scenes/FanjianZu.unity","Button 2","Canvas/RawImage 1/RawImage/RawImage 2/Button 2",false,93.32,-176.67,56.85,22.17,"UISprite","AudioSource.Play"
"Assets/Scenes/FanjianZu.unity","Button 2","Canvas/RawImage 1/RawImage/RawImage 1/Button 2",false,92.39,-176.67,56.85,22.17,"UISprite","AudioSource.Play"
"Assets/Scenes/FanjianZu.unity","Button 11","Canvas/RawImage 1/RawImage/RawImage 6/Button 11",false,14.2,185.08,42.02,35.1,"UISprite","AudioSource.Play"
"Assets/Scenes/FanjianZu.unity","123","Canvas/RawImage 1/RawImage/RawImage 2/123",false,1.56,-1.13,550.47,468.37,"UISprite",""
"Assets/Scenes/FanjianZu.unity","Button 20","Canvas/RawImage 1/RawImage/RawImage 7/Button 20",false,219.49,187.99,24.9,29.26,"UISprite","AudioSource.Play"
"Assets/Scenes/FanjianZu.unity","Button 16","Canvas/RawImage 1/RawImage/RawImage 7/Button 16",false,-207.29,187.8,30.25,40.1,"UISprite","AudioSource.Play"
"Assets/Scenes/FanjianZu.unity","Button 21","Canvas/RawImage 1/RawImage/RawImage 5/Button 21",false,-239.43,187.79,30.35,40.1,"UISprite","AudioSource.Play"
"Assets/Scenes/FanjianZu.unity","Button 6","Canvas/RawImage 1/RawImage/RawImage 6/Button 6",false,224.28,-189.57,65.72,34.84,"UISprite","AudioSource.Play"
"Assets/Scenes/FanjianZu.unity","Button 5","Canvas/RawImage 1/RawImage/RawImage 6/Button 5",false,-46.59,135.26,24.44,17.45,"UISprite","Kaiqi.Click;guanbi.Click"
"Assets/Scenes/FanjianZu.unity","Button 19","Canvas/RawImage 1/RawImage/RawImage 5/Button 19",false,-38.9,185.08,41.47,35.1,"UISprite","AudioSource.Play"
"Assets/Scenes/FanjianZu.unity","Button 13","Canvas/RawImage 1/RawImage/RawImage 7/Button 13",false,65.09,185.08,42.19,35.1,"UISprite","AudioSource.Play"
"Assets/Scenes/FanjianZu.unity","124","Canvas/RawImage 1/RawImage/RawImage 7/124",false,1.56,-1.13,550.47,468.37,"UISprite",""
"Assets/Scenes/FanjianZu.unity","124","Canvas/RawImage 1/RawImage/RawImage 1/124",false,1.56,-1.13,550.47,468.37,"UISprite",""
"Assets/Scenes/FanjianZu.unity","Button 8","Canvas/RawImage 1/RawImage/RawImage 7/Button 8",false,121.77,39.41,25.43,17.45,"UISprite","AudioSource.Play"
"Assets/Scenes/FanjianZu.unity","Button 1","Canvas/RawImage 1/RawImage/Button 1",true,162.63,-56.5,39.07,32.01,"UISprite","AudioSource.Play"
"Assets/Scenes/FanjianZu.unity","Button 6","Canvas/RawImage 1/RawImage/Button 6",true,14.2,185.08,42.02,35.1,"UISprite","Kaiqi.Click"
"Assets/Scenes/FanjianZu.unity","Button 1","Canvas/RawImage 1/RawImage/RawImage 3/Button 1",false,181.59,178.36,25.74,21.71,"UISprite","FanjianZu.GoNextScene"
"Assets/Scenes/FanjianZu.unity","Button 18","Canvas/RawImage 1/RawImage/RawImage 7/Button 18",false,194.53,187.99,24.79,29.26,"UISprite","AudioSource.Play"
"Assets/Scenes/FanjianZu.unity","Button 3","Canvas/RawImage 1/RawImage/RawImage 6/Button 3",false,56.16,135.25,24.45,17.45,"UISprite","guanbi.Click;Kaiqi.Click"
"Assets/Scenes/FanjianZu.unity","Button 17","Canvas/RawImage 1/RawImage/RawImage 5/Button 17",false,243.95,187.99,25.2,29.26,"UISprite","AudioSource.Play"
"Assets/Scenes/FanjianZu.unity","Button 9","Canvas/RawImage 1/RawImage/Button 9",true,65.09,185.08,42.19,35.1,"UISprite","AudioSource.Play"
"Assets/Scenes/FanjianZu.unity","Button 2","Canvas/RawImage 1/RawImage/RawImage 6/Button 2",false,-14.48,135.16,24.45,17.63,"UISprite","AudioSource.Play"
"Assets/Scenes/FanjianZu.unity","Button 27","Canvas/RawImage 1/RawImage/RawImage 6/Button 27",false,-239.43,187.79,30.35,40.1,"UISprite","AudioSource.Play"
"Assets/Scenes/FanjianZu.unity","123","Canvas/RawImage 1/RawImage/RawImage 6/123",false,1.56,-1.13,550.47,468.37,"UISprite",""
"Assets/Scenes/FanjianZu.unity","Button 10","Canvas/RawImage 1/RawImage/RawImage 7/Button 10",false,14.2,185.08,42.02,35.1,"UISprite","AudioSource.Play"
"Assets/Scenes/FanjianZu.unity","124","Canvas/RawImage 1/RawImage/RawImage 3/124",false,1.56,-1.13,550.47,468.37,"UISprite",""
"Assets/Scenes/FanjianZu.unity","Button 18","Canvas/RawImage 1/RawImage/RawImage 5/Button 18",false,194.53,187.99,24.79,29.26,"UISprite","AudioSource.Play"
"Assets/Scenes/FanjianZu.unity","Button 1","Canvas/RawImage 1/RawImage/RawImage 7/Button 1",false,169.33,187.39,24.46,29.8,"UISprite","FanjianZu.GoNextScene"
"Assets/Scenes/FanjianZu.unity","Button 4","Canvas/RawImage 1/RawImage/RawImage 5/Button 4",false,-7.24,39.41,52.25,17.45,"UISprite","AudioSource.Play"
"Assets/Scenes/FanjianZu.unity","Button 3","Canvas/RawImage 1/RawImage/Button 3",true,-153.36,185.25,63.73,35.5,"UISprite","Kaiqi.Click"
"Assets/Scenes/FanjianZu.unity","Button 13","Canvas/RawImage 1/RawImage/RawImage 5/Button 13",false,65.09,185.08,42.19,35.1,"UISprite","AudioSource.Play"
"Assets/Scenes/FanjianZu.unity","Button 3","Canvas/RawImage 1/RawImage/RawImage 5/Button 3",false,56.16,135.25,24.45,17.45,"UISprite","guanbi.Click;Kaiqi.Click"
"Assets/Scenes/FanjianZu.unity","Button 3","Canvas/RawImage 1/RawImage/RawImage 2/Button 3",false,32.27,-176.67,56.68,22.17,"UISprite","AudioSource.Play"
"Assets/Scenes/FanjianZu.unity","Button 2","Canvas/RawImage 1/RawImage/RawImage 5/Button 2",false,-14.48,135.16,24.45,17.63,"UISprite","guanbi.Click;Kaiqi.Click"
"Assets/Scenes/FanjianZu.unity","Button 1","Canvas/RawImage 1/RawImage/RawImage 1/Button 1",false,152.9,-176.63,57.23,22.17,"UISprite","FanjianZu.GoNextScene"
"Assets/Scenes/FanjianZu.unity","Button.","Canvas/RawImage 1/RawImage/Button.",true,223.4,-56.55,65.94,32.01,"UISprite","ZuQiuChang.GoNextScene"
"Assets/Scenes/FanjianZu.unity","Button 2","Canvas/RawImage 1/RawImage/RawImage 7/Button 2",false,-14.48,135.16,24.45,17.63,"UISprite","guanbi.Click;Kaiqi.Click"
"Assets/Scenes/FanjianZu.unity","Button 15","Canvas/RawImage 1/RawImage/RawImage 6/Button 15",false,-153.36,185.25,63.73,35.5,"UISprite","AudioSource.Play"
"Assets/Scenes/FanjianZu.unity","Button00","Canvas/RawImage 1/RawImage/Button00",true,-179.33,-93.6,20.25,13.96,"UISprite","AudioSource.Play"
"Assets/Scenes/FanjianZu.unity","Button 4","Canvas/RawImage 1/RawImage/Button 4",true,-91.17,185.08,41.41,35.1,"UISprite","Kaiqi.Click"
"Assets/Scenes/FanjianZu.unity","Button 25","Canvas/RawImage 1/RawImage/RawImage 6/Button 25",false,194.53,187.99,24.79,29.26,"UISprite","AudioSource.Play"
"Assets/Scenes/FanjianZu.unity","Button 22","Canvas/RawImage 1/RawImage/RawImage 6/Button 22",false,-207.29,187.8,30.25,40.1,"UISprite","AudioSource.Play"
"Assets/Scenes/FanjianZu.unity","Button 28","Canvas/RawImage 1/RawImage/RawImage 6/Button 28",false,243.95,187.99,25.2,29.26,"UISprite","AudioSource.Play"
"Assets/Scenes/FanjianZu.unity","Button 14","Canvas/RawImage 1/RawImage/RawImage 5/Button 14",false,-153.36,185.25,63.73,35.5,"UISprite","AudioSource.Play"
"Assets/Scenes/FanjianZu.unity","Button 13","Canvas/RawImage 1/RawImage/Button 13",true,-207.29,187.8,30.25,40.1,"UISprite","Kaiqi.Click"
"Assets/Scenes/FanjianZu.unity","123","Canvas/RawImage 1/RawImage/123",true,1.56,-1.13,550.47,468.37,"UISprite",""
"Assets/Scenes/FanjianZu.unity","Button 16","Canvas/RawImage 1/RawImage/RawImage 5/Button 16",false,-207.29,187.8,30.25,40.1,"UISprite","AudioSource.Play"
"Assets/Scenes/FanjianZu.unity","Button 1","Canvas/RawImage 1/RawImage/RawImage 4/Button 1",false,152.88,-176.4,57.11,23.03,"UISprite","FanjianZu.GoNextScene"
"Assets/Scenes/FanjianZu.unity","Button000","Canvas/RawImage 1/RawImage/Button000",true,-53.61,-56.5,66.16,32.01,"UISprite","AudioSource.Play"
"Assets/Scenes/FanjianZu.unity","Button 21","Canvas/RawImage 1/RawImage/RawImage 7/Button 21",false,-239.43,187.79,30.35,40.1,"UISprite","AudioSource.Play"
"Assets/Scenes/FanjianZu.unity","Button 7","Canvas/RawImage 1/RawImage/RawImage 7/Button 7",false,224.28,-189.57,65.72,34.84,"UISprite","AudioSource.Play"
"Assets/Scenes/FanjianZu.unity","Button 19","Canvas/RawImage 1/RawImage/RawImage 7/Button 19",false,-38.9,185.08,41.47,35.1,"UISprite","AudioSource.Play"
"Assets/Scenes/FanjianZu.unity","Button 1","Canvas/RawImage 1/RawImage/RawImage 5/Button 1",false,169.4,187.24,24.78,29.08,"UISprite","FanjianZu.GoNextScene"
"Assets/Scenes/FanjianZu.unity","Button 11","Canvas/RawImage 1/RawImage/Button 11",true,243.95,187.99,25.2,29.26,"UISprite","Kaiqi.Click"
"Assets/Scenes/FanjianZu.unity","Button 5","Canvas/RawImage 1/RawImage/RawImage 5/Button 5",false,224.67,-189.98,65.56,32.61,"UISprite","AudioSource.Play"
"Assets/Scenes/FanjianZu.unity","Button 8","Canvas/RawImage 1/RawImage/Button 8",true,194.53,187.99,24.79,29.26,"UISprite","AudioSource.Play"
"Assets/Scenes/FanjianZu.unity","Button 4","Canvas/RawImage 1/RawImage/RawImage 7/Button 4",false,6.39,39.41,25.52,17.45,"UISprite","AudioSource.Play"
"Assets/Scenes/FanjianZu.unity","Button 20","Canvas/RawImage 1/RawImage/RawImage 5/Button 20",false,219.49,187.99,24.9,29.26,"UISprite","AudioSource.Play"
"Assets/Scenes/FanjianZu.unity","Button 1","Canvas/RawImage 1/RawImage/RawImage 2/Button 1",false,153.82,-176.67,57.23,22.17,"UISprite","FanjianZu.GoNextScene"
"Assets/Scenes/FanjianZu.unity","Button 7","Canvas/RawImage 1/RawImage/Button 7",true,-38.9,185.08,41.47,35.1,"UISprite","AudioSource.Play"
"Assets/Scenes/FanjianZu.unity","Button 15","Canvas/RawImage 1/RawImage/Button 15",true,-6.33,131.04,177.64,20.36,"UISprite","AudioSource.Play"
"Assets/Scenes/FanjianZu.unity","Button 3","Canvas/RawImage 1/RawImage/RawImage 1/Button 3",false,157.97,168.46,47.14,23.64,"UISprite","AudioSource.Play"
"Assets/Scenes/FanjianZu.unity","Button 15","Canvas/RawImage 1/RawImage/RawImage 7/Button 15",false,-153.36,185.25,63.73,35.5,"UISprite","AudioSource.Play"
"Assets/Scenes/FanjianZu.unity","Button 16","Canvas/RawImage 1/RawImage/Button 16",true,174.21,43,175.99,140.72,"UISprite","FanjianZulie.GoNextScene"
"Assets/Scenes/FanjianZu.unity","Button 12","Canvas/RawImage 1/RawImage/Button 12",true,219.49,187.99,24.9,29.26,"UISprite","AudioSource.Play"
"Assets/Scenes/FanjianZu.unity","Button 4","Canvas/RawImage 1/RawImage/RawImage 6/Button 4",false,-7.24,39.41,52.25,17.45,"UISprite","AudioSource.Play"
"Assets/Scenes/FanjianZu.unity","Button 17","Canvas/RawImage 1/RawImage/RawImage 7/Button 17",false,243.95,187.99,25.2,29.26,"UISprite","AudioSource.Play"
"Assets/Scenes/FanjianZu.unity","Button 5","Canvas/RawImage 1/RawImage/RawImage 7/Button 5",false,-46.59,135.26,24.44,17.45,"UISprite","Kaiqi.Click;guanbi.Click"
"Assets/Scenes/FanjianZu.unity","Button00","Canvas/RawImage 1/RawImage/Button00",true,169.4,187.99,25.12,29.26,"UISprite","Ziyou1.GoNextScene"
"Assets/Scenes/FanjianZu.unity","124","Canvas/RawImage 1/RawImage/RawImage 5/124",false,1.56,-1.13,550.47,468.37,"UISprite",""
"Assets/Scenes/FanjianZu.unity","Button 5","Canvas/RawImage 1/RawImage/Button 5",true,-239.43,187.79,30.35,40.1,"UISprite","AudioSource.Play"
"Assets/Scenes/FanjianZu.unity","Button. 1","Canvas/RawImage 1/RawImage/Button. 1",true,-131.92,45.81,17.06,14.1,"UISprite","Fangjian.GoNextScene"
"Assets/Scenes/FanjianZu.unity","Button 4","Canvas/RawImage 1/RawImage/RawImage 1/Button 4",false,158,142.69,47.14,23.33,"UISprite","AudioSource.Play"
"Assets/Scenes/FanjianZu.unity","Button 3","Canvas/RawImage 1/RawImage/RawImage 7/Button 3",false,56.16,135.25,24.45,17.45,"UISprite","AudioSource.Play"
"Assets/Scenes/FanjianZu.unity","Button 24","Canvas/RawImage 1/RawImage/RawImage 6/Button 24",false,65.09,185.08,42.19,35.1,"UISprite","AudioSource.Play"
"Assets/Scenes/FanjianZu.unity","Button 22","Canvas/RawImage 1/RawImage/RawImage 6/Button 22",false,-38.9,185.08,41.47,35.1,"UISprite","AudioSource.Play"
"Assets/Scenes/FanjianZu.unity","Button 10","Canvas/RawImage 1/RawImage/RawImage 5/Button 10",false,14.2,185.08,42.02,35.1,"UISprite","AudioSource.Play"
"Assets/Scenes/FanjianZulie.unity","Button 10","Canvas/RawImage 1/RawImage/Button 10",true,115.38,-56.5,39.05,32.01,"UISprite","AudioSource.Play"
"Assets/Scenes/FanjianZulie.unity","124","Canvas/RawImage 1/RawImage/RawImage 5/124",false,1.56,-1.13,550.47,468.37,"UISprite",""
"Assets/Scenes/FanjianZulie.unity","Button 14","Canvas/RawImage 1/RawImage/Button 14",true,173.55,131.04,176.24,20.34,"UISprite","AudioSource.Play"
"Assets/Scenes/FanjianZulie.unity","Button 1","Canvas/RawImage 1/RawImage/RawImage 6/Button 1",false,169.4,187.24,24.78,29.08,"UISprite","FanjianZulie.GoNextScene"
"Assets/Scenes/FanjianZulie.unity","Button 26","Canvas/RawImage 1/RawImage/RawImage 6/Button 26",false,219.49,187.99,24.9,29.26,"UISprite","AudioSource.Play"
"Assets/Scenes/FanjianZulie.unity","Button 2","Canvas/RawImage 1/RawImage/RawImage 2/Button 2",false,93.32,-176.67,56.85,22.17,"UISprite","AudioSource.Play"
"Assets/Scenes/FanjianZulie.unity","Button 2","Canvas/RawImage 1/RawImage/RawImage 1/Button 2",false,92.39,-176.67,56.85,22.17,"UISprite","AudioSource.Play"
"Assets/Scenes/FanjianZulie.unity","Button 11","Canvas/RawImage 1/RawImage/RawImage 6/Button 11",false,14.2,185.08,42.02,35.1,"UISprite","AudioSource.Play"
"Assets/Scenes/FanjianZulie.unity","Button 20","Canvas/RawImage 1/RawImage/RawImage 7/Button 20",false,219.49,187.99,24.9,29.26,"UISprite","AudioSource.Play"
"Assets/Scenes/FanjianZulie.unity","Button 16","Canvas/RawImage 1/RawImage/RawImage 7/Button 16",false,-207.29,187.8,30.25,40.1,"UISprite","AudioSource.Play"
"Assets/Scenes/FanjianZulie.unity","Button 21","Canvas/RawImage 1/RawImage/RawImage 5/Button 21",false,-239.43,187.79,30.35,40.1,"UISprite","AudioSource.Play"
"Assets/Scenes/FanjianZulie.unity","Button 6","Canvas/RawImage 1/RawImage/RawImage 6/Button 6",false,224.28,-189.57,65.72,34.84,"UISprite","AudioSource.Play"
"Assets/Scenes/FanjianZulie.unity","Button 5","Canvas/RawImage 1/RawImage/RawImage 6/Button 5",false,-46.59,135.26,24.44,17.45,"UISprite","Kaiqi.Click;guanbi.Click"
"Assets/Scenes/FanjianZulie.unity","Button 19","Canvas/RawImage 1/RawImage/RawImage 5/Button 19",false,-38.9,185.08,41.47,35.1,"UISprite","AudioSource.Play"
"Assets/Scenes/FanjianZulie.unity","Button 13","Canvas/RawImage 1/RawImage/RawImage 7/Button 13",false,65.09,185.08,42.19,35.1,"UISprite","AudioSource.Play"
"Assets/Scenes/FanjianZulie.unity","124","Canvas/RawImage 1/RawImage/RawImage 1/124",false,1.56,-1.13,550.47,468.37,"UISprite",""
"Assets/Scenes/FanjianZulie.unity","Button 8","Canvas/RawImage 1/RawImage/RawImage 7/Button 8",false,121.77,39.41,25.43,17.45,"UISprite","AudioSource.Play"
"Assets/Scenes/FanjianZulie.unity","Button00","Canvas/RawImage 1/RawImage/Button00",true,-179.31,-93.46,25.61,14.39,"UISprite","AudioSource.Play"
"Assets/Scenes/FanjianZulie.unity","Button 1","Canvas/RawImage 1/RawImage/Button 1",true,162.63,-56.5,39.07,32.01,"UISprite","AudioSource.Play"
"Assets/Scenes/FanjianZulie.unity","Button 6","Canvas/RawImage 1/RawImage/Button 6",true,14.2,185.08,42.02,35.1,"UISprite","Kaiqi.Click"
"Assets/Scenes/FanjianZulie.unity","Button 1","Canvas/RawImage 1/RawImage/RawImage 3/Button 1",false,181.59,178.36,25.74,21.71,"UISprite","FanjianZulie.GoNextScene"
"Assets/Scenes/FanjianZulie.unity","Button 18","Canvas/RawImage 1/RawImage/RawImage 7/Button 18",false,194.53,187.99,24.79,29.26,"UISprite","AudioSource.Play"
"Assets/Scenes/FanjianZulie.unity","Button 3","Canvas/RawImage 1/RawImage/RawImage 6/Button 3",false,56.16,135.25,24.45,17.45,"UISprite","guanbi.Click;Kaiqi.Click"
"Assets/Scenes/FanjianZulie.unity","Button 17","Canvas/RawImage 1/RawImage/RawImage 5/Button 17",false,243.95,187.99,25.2,29.26,"UISprite","AudioSource.Play"
"Assets/Scenes/FanjianZulie.unity","Button 9","Canvas/RawImage 1/RawImage/Button 9",true,65.09,185.08,42.19,35.1,"UISprite","AudioSource.Play"
"Assets/Scenes/FanjianZulie.unity","123","Canvas/RawImage 1/RawImage/RawImage 6/123",false,1.56,-1.13,550.47,468.37,"UISprite",""
"Assets/Scenes/FanjianZulie.unity","Button 2","Canvas/RawImage 1/RawImage/RawImage 6/Button 2",false,-14.48,135.16,24.45,17.63,"UISprite","AudioSource.Play"
"Assets/Scenes/FanjianZulie.unity","Button 27","Canvas/RawImage 1/RawImage/RawImage 6/Button 27",false,-239.43,187.79,30.35,40.1,"UISprite","AudioSource.Play"
"Assets/Scenes/FanjianZulie.unity","Button 10","Canvas/RawImage 1/RawImage/RawImage 7/Button 10",false,14.2,185.08,42.02,35.1,"UISprite","AudioSource.Play"
"Assets/Scenes/FanjianZulie.unity","Button 18","Canvas/RawImage 1/RawImage/RawImage 5/Button 18",false,194.53,187.99,24.79,29.26,"UISprite","AudioSource.Play"
"Assets/Scenes/FanjianZulie.unity","Button 1","Canvas/RawImage 1/RawImage/RawImage 7/Button 1",false,169.33,187.39,24.46,29.8,"UISprite","FanjianZulie.GoNextScene"
"Assets/Scenes/FanjianZulie.unity","Button 4","Canvas/RawImage 1/RawImage/RawImage 5/Button 4",false,-7.24,39.41,52.25,17.45,"UISprite","AudioSource.Play"
"Assets/Scenes/FanjianZulie.unity","Button 3","Canvas/RawImage 1/RawImage/Button 3",true,-153.36,185.25,63.73,35.5,"UISprite","Kaiqi.Click"
"Assets/Scenes/FanjianZulie.unity","Button 13","Canvas/RawImage 1/RawImage/RawImage 5/Button 13",false,65.09,185.08,42.19,35.1,"UISprite","AudioSource.Play"
"Assets/Scenes/FanjianZulie.unity","Button 3","Canvas/RawImage 1/RawImage/RawImage 5/Button 3",false,56.16,135.25,24.45,17.45,"UISprite","guanbi.Click;Kaiqi.Click"
"Assets/Scenes/FanjianZulie.unity","Button 3","Canvas/RawImage 1/RawImage/RawImage 2/Button 3",false,32.27,-176.67,56.68,22.17,"UISprite","AudioSource.Play"
"Assets/Scenes/FanjianZulie.unity","Button 2","Canvas/RawImage 1/RawImage/RawImage 5/Button 2",false,-14.48,135.16,24.45,17.63,"UISprite","guanbi.Click;Kaiqi.Click"
"Assets/Scenes/FanjianZulie.unity","Button 1","Canvas/RawImage 1/RawImage/RawImage 1/Button 1",false,152.9,-176.63,57.23,22.17,"UISprite","FanjianZulie.GoNextScene"
"Assets/Scenes/FanjianZulie.unity","Button.","Canvas/RawImage 1/RawImage/Button.",true,223.4,-56.55,65.94,32.01,"UISprite","ZuQiuChang1.GoNextScene"
"Assets/Scenes/FanjianZulie.unity","Button 2","Canvas/RawImage 1/RawImage/RawImage 7/Button 2",false,-14.48,135.16,24.45,17.63,"UISprite","guanbi.Click;Kaiqi.Click"
"Assets/Scenes/FanjianZulie.unity","Button 15","Canvas/RawImage 1/RawImage/RawImage 6/Button 15",false,-153.36,185.25,63.73,35.5,"UISprite","AudioSource.Play"
"Assets/Scenes/FanjianZulie.unity","Button 4","Canvas/RawImage 1/RawImage/Button 4",true,-91.17,185.08,41.41,35.1,"UISprite","Kaiqi.Click"
"Assets/Scenes/FanjianZulie.unity","Button 25","Canvas/RawImage 1/RawImage/RawImage 6/Button 25",false,194.53,187.99,24.79,29.26,"UISprite","AudioSource.Play"
"Assets/Scenes/FanjianZulie.unity","Button 22","Canvas/RawImage 1/RawImage/RawImage 6/Button 22",false,-207.29,187.8,30.25,40.1,"UISprite","AudioSource.Play"
"Assets/Scenes/FanjianZulie.unity","Button 28","Canvas/RawImage 1/RawImage/RawImage 6/Button 28",false,243.95,187.99,25.2,29.26,"UISprite","AudioSource.Play"
"Assets/Scenes/FanjianZulie.unity","Button 14","Canvas/RawImage 1/RawImage/RawImage 5/Button 14",false,-153.36,185.25,63.73,35.5,"UISprite","AudioSource.Play"
"Assets/Scenes/FanjianZulie.unity","Button 13","Canvas/RawImage 1/RawImage/Button 13",true,-207.29,187.8,30.25,40.1,"UISprite","Kaiqi.Click"
"Assets/Scenes/FanjianZulie.unity","Button 16","Canvas/RawImage 1/RawImage/RawImage 5/Button 16",false,-207.29,187.8,30.25,40.1,"UISprite","AudioSource.Play"
"Assets/Scenes/FanjianZulie.unity","Button 1","Canvas/RawImage 1/RawImage/RawImage 4/Button 1",false,152.88,-176.4,57.11,23.03,"UISprite","FanjianZulie.GoNextScene"
"Assets/Scenes/FanjianZulie.unity","Button000","Canvas/RawImage 1/RawImage/Button000",true,-53.61,-56.5,66.16,32.01,"UISprite","AudioSource.Play"
"Assets/Scenes/FanjianZulie.unity","Button 21","Canvas/RawImage 1/RawImage/RawImage 7/Button 21",false,-239.43,187.79,30.35,40.1,"UISprite","AudioSource.Play"
"Assets/Scenes/FanjianZulie.unity","Button 7","Canvas/RawImage 1/RawImage/RawImage 7/Button 7",false,224.28,-189.57,65.72,34.84,"UISprite","AudioSource.Play"
"Assets/Scenes/FanjianZulie.unity","Button 19","Canvas/RawImage 1/RawImage/RawImage 7/Button 19",false,-38.9,185.08,41.47,35.1,"UISprite","AudioSource.Play"
"Assets/Scenes/FanjianZulie.unity","Button 1","Canvas/RawImage 1/RawImage/RawImage 5/Button 1",false,169.4,187.24,24.78,29.08,"UISprite","FanjianZulie.GoNextScene"
"Assets/Scenes/FanjianZulie.unity","Button 11","Canvas/RawImage 1/RawImage/Button 11",true,243.95,187.99,25.2,29.26,"UISprite","Kaiqi.Click"
"Assets/Scenes/FanjianZulie.unity","123","Canvas/RawImage 1/RawImage/123",true,1.56,-1.13,550.47,468.37,"UISprite",""
"Assets/Scenes/FanjianZulie.unity","Button 5","Canvas/RawImage 1/RawImage/RawImage 5/Button 5",false,224.67,-189.98,65.56,32.61,"UISprite","AudioSource.Play"
"Assets/Scenes/FanjianZulie.unity","Button 8","Canvas/RawImage 1/RawImage/Button 8",true,194.53,187.99,24.79,29.26,"UISprite","AudioSource.Play"
"Assets/Scenes/FanjianZulie.unity","Button 4","Canvas/RawImage 1/RawImage/RawImage 7/Button 4",false,6.39,39.41,25.52,17.45,"UISprite","AudioSource.Play"
"Assets/Scenes/FanjianZulie.unity","Button 20","Canvas/RawImage 1/RawImage/RawImage 5/Button 20",false,219.49,187.99,24.9,29.26,"UISprite","AudioSource.Play"
"Assets/Scenes/FanjianZulie.unity","123","Canvas/RawImage 1/RawImage/RawImage 4/123",false,1.56,-1.13,550.47,468.37,"UISprite",""
"Assets/Scenes/FanjianZulie.unity","Button 1","Canvas/RawImage 1/RawImage/RawImage 2/Button 1",false,153.82,-176.67,57.23,22.17,"UISprite","FanjianZulie.GoNextScene"
"Assets/Scenes/FanjianZulie.unity","Button 7","Canvas/RawImage 1/RawImage/Button 7",true,-38.9,185.08,41.47,35.1,"UISprite","AudioSource.Play"
"Assets/Scenes/FanjianZulie.unity","Button 15","Canvas/RawImage 1/RawImage/Button 15",true,-6.33,131.04,177.64,20.36,"UISprite","FanjianZu.GoNextScene"
"Assets/Scenes/FanjianZulie.unity","124","Canvas/RawImage 1/RawImage/RawImage 7/124",false,1.56,-1.13,550.47,468.37,"UISprite",""
"Assets/Scenes/FanjianZulie.unity","Button 3","Canvas/RawImage 1/RawImage/RawImage 1/Button 3",false,157.97,168.46,47.14,23.64,"UISprite","AudioSource.Play"
"Assets/Scenes/FanjianZulie.unity","Button 15","Canvas/RawImage 1/RawImage/RawImage 7/Button 15",false,-153.36,185.25,63.73,35.5,"UISprite","AudioSource.Play"
"Assets/Scenes/FanjianZulie.unity","Button 16","Canvas/RawImage 1/RawImage/Button 16",true,-6.23,43,177.84,140.72,"UISprite","FanjianZu.GoNextScene"
"Assets/Scenes/FanjianZulie.unity","Button 12","Canvas/RawImage 1/RawImage/Button 12",true,219.49,187.99,24.9,29.26,"UISprite","AudioSource.Play"
"Assets/Scenes/FanjianZulie.unity","Button 4","Canvas/RawImage 1/RawImage/RawImage 6/Button 4",false,-7.24,39.41,52.25,17.45,"UISprite","AudioSource.Play"
"Assets/Scenes/FanjianZulie.unity","124","Canvas/RawImage 1/RawImage/RawImage 3/124",false,1.56,-1.13,550.47,468.37,"UISprite",""
"Assets/Scenes/FanjianZulie.unity","Button 17","Canvas/RawImage 1/RawImage/RawImage 7/Button 17",false,243.95,187.99,25.2,29.26,"UISprite","AudioSource.Play"
"Assets/Scenes/FanjianZulie.unity","Button 5","Canvas/RawImage 1/RawImage/RawImage 7/Button 5",false,-46.59,135.26,24.44,17.45,"UISprite","Kaiqi.Click;guanbi.Click"
"Assets/Scenes/FanjianZulie.unity","Button00","Canvas/RawImage 1/RawImage/Button00",true,169.4,187.99,25.12,29.26,"UISprite","Ziyou1.GoNextScene"
"Assets/Scenes/FanjianZulie.unity","123","Canvas/RawImage 1/RawImage/RawImage 2/123",false,1.56,-1.13,550.47,468.37,"UISprite",""
"Assets/Scenes/FanjianZulie.unity","Button 5","Canvas/RawImage 1/RawImage/Button 5",true,-239.43,187.79,30.35,40.1,"UISprite","AudioSource.Play"
"Assets/Scenes/FanjianZulie.unity","Button. 1","Canvas/RawImage 1/RawImage/Button. 1",true,-131.92,45.81,17.06,14.1,"UISprite","Fangjian.GoNextScene"
"Assets/Scenes/FanjianZulie.unity","Button 4","Canvas/RawImage 1/RawImage/RawImage 1/Button 4",false,158,142.69,47.14,23.33,"UISprite","AudioSource.Play"
"Assets/Scenes/FanjianZulie.unity","Button 3","Canvas/RawImage 1/RawImage/RawImage 7/Button 3",false,56.16,135.25,24.45,17.45,"UISprite","AudioSource.Play"
"Assets/Scenes/FanjianZulie.unity","Button 24","Canvas/RawImage 1/RawImage/RawImage 6/Button 24",false,65.09,185.08,42.19,35.1,"UISprite","AudioSource.Play"
"Assets/Scenes/FanjianZulie.unity","Button 22","Canvas/RawImage 1/RawImage/RawImage 6/Button 22",false,-38.9,185.08,41.47,35.1,"UISprite","AudioSource.Play"
"Assets/Scenes/FanjianZulie.unity","Button 10","Canvas/RawImage 1/RawImage/RawImage 5/Button 10",false,14.2,185.08,42.02,35.1,"UISprite","AudioSource.Play"
"Assets/Scenes/GDold1.unity","123","Canvas/123",false,0,0,0,0,"UISprite",""
"Assets/Scenes/GDold1.unity","Button .","Canvas/Button .",false,0,0,0,0,"UISprite","Zhu.GoNextScene"
"Assets/Scenes/GDold1.unity","Button0","Canvas/Button0",false,0,0,0,0,"UISprite","JiXu4.Click"
